sku,design_no,stock,category,size,color,sku_missing,stock_status,sku_duplicate,sku_quality
AN201-RED-L,AN201,5,Leggings,L,Red,False,Low Stock,False,Valid SKU
AN201-RED-M,AN201,5,Leggings,M,Red,False,Low Stock,False,Valid SKU
AN201-RED-S,AN201,3,Leggings,S,Red,False,Low Stock,False,Valid SKU
AN201-RED-XL,AN201,6,Leggings,XL,Red,False,In Stock,False,Valid SKU
AN201-RED-XXL,AN201,3,Leggings,XXL,Red,False,Low Stock,False,Valid SKU
AN202-ORANGE-L,AN202,11,Leggings,L,Orange,False,In Stock,False,Valid SKU
AN202-ORANGE-M,AN202,3,Leggings,M,Orange,False,Low Stock,False,Valid SKU
AN202-ORANGE-S,AN202,16,Leggings,S,Orange,False,In Stock,False,Valid SKU
AN202-ORANGE-XL,AN202,8,Leggings,XL,Orange,False,In Stock,False,Valid SKU
AN202-ORANGE-XXL,AN202,14,Leggings,XXL,Orange,False,In Stock,False,Valid SKU
AN203-MAROON-L,AN203,1,Leggings,L,Maroon,False,Low Stock,False,Valid SKU
AN203-MAROON-M,AN203,2,Leggings,M,Maroon,False,Low Stock,False,Valid SKU
AN203-MAROON-S,AN203,2,Leggings,S,Maroon,False,Low Stock,False,Valid SKU
AN203-MAROON-XL,AN203,2,Leggings,XL,Maroon,False,Low Stock,False,Valid SKU
AN203-MAROON-XXL,AN203,3,Leggings,XXL,Maroon,False,Low Stock,False,Valid SKU
AN204-PURPLE-L,AN204,10,Leggings,L,Purple,False,In Stock,False,Valid SKU
AN204-PURPLE-M,AN204,4,Leggings,M,Purple,False,Low Stock,False,Valid SKU
AN204-PURPLE-S,AN204,6,Leggings,S,Purple,False,In Stock,False,Valid SKU
AN204-PURPLE-XL,AN204,3,Leggings,XL,Purple,False,Low Stock,False,Valid SKU
AN204-PURPLE-XXL,AN204,5,Leggings,XXL,Purple,False,Low Stock,False,Valid SKU
AN205-YELLOW-L,AN205,9,Leggings,L,Yellow,False,In Stock,False,Valid SKU
AN205-YELLOW-M,AN205,7,Leggings,M,Yellow,False,In Stock,False,Valid SKU
AN205-YELLOW-S,AN205,6,Leggings,S,Yellow,False,In Stock,False,Valid SKU
AN205-YELLOW-XL,AN205,7,Leggings,XL,Yellow,False,In Stock,False,Valid SKU
AN205-YELLOW-XXL,AN205,13,Leggings,XXL,Yellow,False,In Stock,False,Valid SKU
AN206-GREEN-L,AN206,10,Leggings,L,Green,False,In Stock,False,Valid SKU
AN206-GREEN-M,AN206,13,Leggings,M,Green,False,In Stock,False,Valid SKU
AN206-GREEN-S,AN206,13,Leggings,S,Green,False,In Stock,False,Valid SKU
AN206-GREEN-XL,AN206,15,Leggings,XL,Green,False,In Stock,False,Valid SKU
AN206-GREEN-XXL,AN206,13,Leggings,XXL,Green,False,In Stock,False,Valid SKU
AN207-PINK-L,AN207,4,Leggings,L,Pink,False,Low Stock,False,Valid SKU
AN207-PINK-M,AN207,2,Leggings,M,Pink,False,Low Stock,False,Valid SKU
AN207-PINK-S,AN207,4,Leggings,S,Pink,False,Low Stock,False,Valid SKU
AN207-PINK-XL,AN207,1,Leggings,XL,Pink,False,Low Stock,False,Valid SKU
AN207-PINK-XXL,AN207,2,Leggings,XXL,Pink,False,Low Stock,False,Valid SKU
AN209-BIEGE-L,AN209,4,Leggings,L,Beige,False,Low Stock,False,Valid SKU
AN209-BIEGE-M,AN209,7,Leggings,M,Beige,False,In Stock,False,Valid SKU
AN209-BIEGE-S,AN209,4,Leggings,S,Beige,False,Low Stock,False,Valid SKU
AN209-BIEGE-XL,AN209,3,Leggings,XL,Beige,False,Low Stock,False,Valid SKU
AN209-BIEGE-XXL,AN209,3,Leggings,XXL,Beige,False,Low Stock,False,Valid SKU
AN210-NAVY-L,AN210,5,Leggings,L,Navy Blue,False,Low Stock,False,Valid SKU
AN210-NAVY-M,AN210,3,Leggings,M,Navy Blue,False,Low Stock,False,Valid SKU
AN210-NAVY-S,AN210,4,Leggings,S,Navy Blue,False,Low Stock,False,Valid SKU
AN210-NAVY-XL,AN210,2,Leggings,XL,Navy Blue,False,Low Stock,False,Valid SKU
AN210-NAVY-XXL,AN210,2,Leggings,XXL,Navy Blue,False,Low Stock,False,Valid SKU
AN211-BLACK-L,AN211,2,Leggings,L,Black,False,Low Stock,False,Valid SKU
AN211-BLACK-M,AN211,1,Leggings,M,Black,False,Low Stock,False,Valid SKU
AN211-BLACK-S,AN211,7,Leggings,S,Black,False,In Stock,False,Valid SKU
AN211-BLACK-XL,AN211,3,Leggings,XL,Black,False,Low Stock,False,Valid SKU
AN211-BLACK-XXL,AN211,3,Leggings,XXL,Black,False,Low Stock,False,Valid SKU
AN212-WHITE-L,AN212,11,Leggings,L,White,False,In Stock,False,Valid SKU
AN212-WHITE-M,AN212,8,Leggings,M,White,False,In Stock,False,Valid SKU
AN212-WHITE-S,AN212,13,Leggings,S,White,False,In Stock,False,Valid SKU
AN212-WHITE-XL,AN212,21,Leggings,XL,White,False,In Stock,False,Valid SKU
AN212-WHITE-XXL,AN212,12,Leggings,XXL,White,False,In Stock,False,Valid SKU
AN213-BROWN-L,AN213,2,Leggings,L,Brown,False,Low Stock,False,Valid SKU
AN213-BROWN-M,AN213,7,Leggings,M,Brown,False,In Stock,False,Valid SKU
AN213-BROWN-S,AN213,8,Leggings,S,Brown,False,In Stock,False,Valid SKU
AN213-BROWN-XL,AN213,6,Leggings,XL,Brown,False,In Stock,False,Valid SKU
AN213-BROWN-XXL,AN213,8,Leggings,XXL,Brown,False,In Stock,False,Valid SKU
BL001-50PINK,BL001,33,Blouse,Free,Pink,False,In Stock,False,Valid SKU
BL003-50BLACK,BL003,117,Blouse,Free,Black,False,In Stock,False,Valid SKU
BL004-50CHIKU,BL004,38,Blouse,Free,Beige,False,In Stock,False,Valid SKU
BL005-54RED,BL005,16,Blouse,Free,Red,False,In Stock,False,Valid SKU
BL006-54BLACK,BL006,112,Blouse,Free,Black,False,In Stock,False,Valid SKU
,BL006,0,Blouse,Free,Black,True,Out of Stock,False,Missing / Invalid SKU
BL007-61PINK,BL007,56,Blouse,Free,Pink,False,In Stock,False,Valid SKU
BL008-61RED,BL008,35,Blouse,Free,Red,False,In Stock,False,Valid SKU
,BL008,0,Blouse,Free,Red,True,Out of Stock,False,Missing / Invalid SKU
BL009-61BLACK,BL009,575,Blouse,Free,Black,False,In Stock,False,Valid SKU
BL010-61CHIKU,BL010,75,Blouse,Free,Beige,False,In Stock,False,Valid SKU
BL011-62PINK,BL011,22,Blouse,Free,Pink,False,In Stock,False,Valid SKU
BL013-62BLACK,BL013,399,Blouse,Free,Black,False,In Stock,False,Valid SKU
,BL013,0,Blouse,Free,Black,True,Out of Stock,False,Missing / Invalid SKU
BL014-62CHIKU,BL014,73,Blouse,Free,Beige,False,In Stock,False,Valid SKU
BL015-63PINK,BL015,14,Blouse,Free,Pink,False,In Stock,False,Valid SKU
BL016-63RED,BL016,24,Blouse,Free,Red,False,In Stock,False,Valid SKU
BL017-63BLACK,BL017,208,Blouse,Free,Black,False,In Stock,False,Valid SKU
BL018-63BEIGE,BL018,39,Blouse,Free,Beige,False,In Stock,False,Valid SKU
BL019-71PINK,BL019,76,Blouse,Free,Pink,False,In Stock,False,Valid SKU
,BL019,0,Blouse,Free,Pink,True,Out of Stock,False,Missing / Invalid SKU
BL020-71RED,BL020,38,Blouse,Free,Red,False,In Stock,False,Valid SKU
BL021-71BLACK,BL021,628,Blouse,Free,Black,False,In Stock,False,Valid SKU
,BL021,0,Blouse,Free,Black,True,Out of Stock,False,Missing / Invalid SKU
,BL021,1,Blouse,Free,Black,True,Low Stock,False,Missing / Invalid SKU
BL022-71BEIGE,BL022,106,Blouse,Free,Beige,False,In Stock,False,Valid SKU
,BL022,0,Blouse,Free,Beige,True,Out of Stock,False,Missing / Invalid SKU
BL023-74PINK,BL023,50,Blouse,Free,Pink,False,In Stock,False,Valid SKU
BL024-74RED,BL024,103,Blouse,Free,Red,False,In Stock,False,Valid SKU
BL025-74BLACK,BL025,199,Blouse,Free,Black,False,In Stock,False,Valid SKU
BL026-74BEIGE,BL026,98,Blouse,Free,Beige,False,In Stock,False,Valid SKU
BL029-78BLACK,BL029,201,Blouse,Free,Black,False,In Stock,False,Valid SKU
,BL029,0,Blouse,Free,Black,True,Out of Stock,False,Missing / Invalid SKU
BL030-78BEIGE,BL030,10,Blouse,Free,Beige,False,In Stock,False,Valid SKU
BL031-79PINK,BL031,8,Blouse,Free,Pink,False,In Stock,False,Valid SKU
BL034-150GOLD,BL034,31,Blouse,Free,Gold,False,In Stock,False,Valid SKU
BL035-161GOLD,BL035,448,Blouse,Free,Gold,False,In Stock,False,Valid SKU
,BL035,0,Blouse,Free,Gold,True,Out of Stock,False,Missing / Invalid SKU
BL036-176GOLD,BL036,45,Blouse,Free,Gold,False,In Stock,False,Valid SKU
,BL036,0,Blouse,Free,Gold,True,Out of Stock,False,Missing / Invalid SKU
BL040-65PINK,BL040,31,Blouse,Free,Pink,False,In Stock,False,Valid SKU
BL041-65RED,BL041,30,Blouse,Free,Red,False,In Stock,False,Valid SKU
BL046-82RED,BL046,23,Blouse,Free,Red,False,In Stock,False,Valid SKU
BL050-83RED,BL050,63,Blouse,Free,Red,False,In Stock,False,Valid SKU
BL051-83BLACK,BL051,42,Blouse,Free,Black,False,In Stock,False,Valid SKU
BL053-153GOLD,BL053,20,Blouse,Free,Gold,False,In Stock,False,Valid SKU
BL055-164GOLD,BL055,68,Blouse,Free,Gold,False,In Stock,False,Valid SKU
BL056-185GOLD,BL056,23,Blouse,Free,Gold,False,In Stock,False,Valid SKU
BL057-65BLACK,BL057,114,Blouse,Free,Black,False,In Stock,False,Valid SKU
BL058-65BEIGE,BL058,20,Blouse,Free,Beige,False,In Stock,False,Valid SKU
,BL058,0,Blouse,Free,Beige,True,Out of Stock,False,Missing / Invalid SKU
BL060-75RED,BL060,49,Blouse,Free,Red,False,In Stock,False,Valid SKU
BL061-75BLACK,BL061,488,Blouse,Free,Black,False,In Stock,False,Valid SKU
,BL061,0,Blouse,Free,Black,True,Out of Stock,False,Missing / Invalid SKU
BL073-85BLACK,BL073,48,Blouse,Free,Black,False,In Stock,False,Valid SKU
BL074-85RED,BL074,17,Blouse,Free,Red,False,In Stock,False,Valid SKU
BL075-85CHIKU,BL075,7,Blouse,Free,Chiku,False,In Stock,False,Valid SKU
BL076-86BLACK,BL076,21,Blouse,Free,Black,False,In Stock,False,Valid SKU
BL077-86RED,BL077,8,Blouse,Free,Red,False,In Stock,False,Valid SKU
BL078-87BLACK,BL078,18,Blouse,Free,Black,False,In Stock,False,Valid SKU
BL079-87RED,BL079,12,Blouse,Free,Red,False,In Stock,False,Valid SKU
BL080-88BLACK,BL080,12,Blouse,Free,Black,False,In Stock,False,Valid SKU
BL081-88PINK,BL081,30,Blouse,Free,Pink,False,In Stock,False,Valid SKU
BL082-88CHIKU,BL082,9,Blouse,Free,Beige,False,In Stock,False,Valid SKU
BL083-186GOLD,BL083,16,Blouse,Free,Gold,False,In Stock,False,Valid SKU
BL084-187GOLD,BL084,11,Blouse,Free,Gold,False,In Stock,False,Valid SKU
BL085-L,BL085,24,Blouse,L,Orange,False,In Stock,False,Valid SKU
BL085-M,BL085,15,Blouse,M,Orange,False,In Stock,False,Valid SKU
BL085-S,BL085,12,Blouse,S,Orange,False,In Stock,False,Valid SKU
BL085-XL,BL085,13,Blouse,XL,Orange,False,In Stock,False,Valid SKU
BL085-XS,BL085,6,Blouse,XS,Orange,False,In Stock,False,Valid SKU
BL085-XXL,BL085,11,Blouse,XXL,Orange,False,In Stock,False,Valid SKU
,BL086,1,Blouse,Free,Blue,True,Low Stock,False,Missing / Invalid SKU
BL086-L,BL086,4,Blouse,L,Blue,False,Low Stock,False,Valid SKU
BL086-M,BL086,5,Blouse,M,Blue,False,Low Stock,False,Valid SKU
BL086-S,BL086,2,Blouse,S,Blue,False,Low Stock,False,Valid SKU
BL086-XL,BL086,5,Blouse,XL,Blue,False,Low Stock,False,Valid SKU
BL086-XS,BL086,8,Blouse,XS,Blue,False,In Stock,False,Valid SKU
BL086-XXL,BL086,3,Blouse,XXL,Blue,False,Low Stock,False,Valid SKU
,BL087,0,Blouse,Free,Multicolor,True,Out of Stock,False,Missing / Invalid SKU
BL087-L,BL087,48,Blouse,L,Multicolor,False,In Stock,False,Valid SKU
BL087-M,BL087,89,Blouse,M,Multicolor,False,In Stock,False,Valid SKU
BL087-S,BL087,11,Blouse,S,Multicolor,False,In Stock,False,Valid SKU
BL087-XL,BL087,5,Blouse,XL,Multicolor,False,Low Stock,False,Valid SKU
BL087-XS,BL087,18,Blouse,XS,Multicolor,False,In Stock,False,Valid SKU
BL087-XXL,BL087,86,Blouse,XXL,Multicolor,False,In Stock,False,Valid SKU
BL089-L,BL089,4,Blouse,L,Multicolor,False,Low Stock,False,Valid SKU
BL089-M,BL089,4,Blouse,M,Multicolor,False,Low Stock,False,Valid SKU
BL089-S,BL089,3,Blouse,S,Multicolor,False,Low Stock,False,Valid SKU
BL089-XL,BL089,8,Blouse,XL,Multicolor,False,In Stock,False,Valid SKU
BL089-XS,BL089,4,Blouse,XS,Multicolor,False,Low Stock,False,Valid SKU
BL089-XXL,BL089,7,Blouse,XXL,Multicolor,False,In Stock,False,Valid SKU
BL090-L,BL090,30,Blouse,L,Peach,False,In Stock,False,Valid SKU
BL090-M,BL090,44,Blouse,M,Peach,False,In Stock,False,Valid SKU
BL090-S,BL090,11,Blouse,S,Peach,False,In Stock,False,Valid SKU
BL090-XL,BL090,16,Blouse,XL,Peach,False,In Stock,False,Valid SKU
BL090-XS,BL090,29,Blouse,XS,Peach,False,In Stock,False,Valid SKU
BL090-XXL,BL090,19,Blouse,XXL,Peach,False,In Stock,False,Valid SKU
BL091-L,BL091,4,Blouse,L,Multicolor,False,Low Stock,False,Valid SKU
BL091-M,BL091,4,Blouse,M,Multicolor,False,Low Stock,False,Valid SKU
BL091-S,BL091,7,Blouse,S,Multicolor,False,In Stock,False,Valid SKU
BL091-XL,BL091,3,Blouse,XL,Multicolor,False,Low Stock,False,Valid SKU
BL091-XS,BL091,7,Blouse,XS,Multicolor,False,In Stock,False,Valid SKU
BL091-XXL,BL091,3,Blouse,XXL,Multicolor,False,Low Stock,False,Valid SKU
BL092-L,BL092,20,Blouse,L,Blue,False,In Stock,False,Valid SKU
BL092-M,BL092,22,Blouse,M,Blue,False,In Stock,False,Valid SKU
BL092-S,BL092,13,Blouse,S,Blue,False,In Stock,False,Valid SKU
BL092-XL,BL092,27,Blouse,XL,Blue,False,In Stock,False,Valid SKU
BL092-XS,BL092,17,Blouse,XS,Blue,False,In Stock,False,Valid SKU
BL092-XXL,BL092,25,Blouse,XXL,Blue,False,In Stock,False,Valid SKU
BL093-L,BL093,2,Blouse,L,Grey,False,Low Stock,False,Valid SKU
BL093-M,BL093,2,Blouse,M,Grey,False,Low Stock,False,Valid SKU
BL093-S,BL093,11,Blouse,S,Grey,False,In Stock,False,Valid SKU
BL093-XL,BL093,4,Blouse,XL,Grey,False,Low Stock,False,Valid SKU
BL093-XS,BL093,4,Blouse,XS,Grey,False,Low Stock,False,Valid SKU
BL093-XXL,BL093,3,Blouse,XXL,Grey,False,Low Stock,False,Valid SKU
BL095-L,BL095,51,Blouse,L,Multicolor,False,In Stock,False,Valid SKU
BL095-M,BL095,34,Blouse,M,Multicolor,False,In Stock,False,Valid SKU
BL095-S,BL095,51,Blouse,S,Multicolor,False,In Stock,False,Valid SKU
BL095-XL,BL095,26,Blouse,XL,Multicolor,False,In Stock,False,Valid SKU
BL095-XS,BL095,59,Blouse,XS,Multicolor,False,In Stock,False,Valid SKU
BL095-XXL,BL095,32,Blouse,XXL,Multicolor,False,In Stock,False,Valid SKU
BL096-L,BL096,2,Blouse,L,Beige,False,Low Stock,False,Valid SKU
BL096-M,BL096,2,Blouse,M,Beige,False,Low Stock,False,Valid SKU
BL096-S,BL096,8,Blouse,S,Beige,False,In Stock,False,Valid SKU
BL096-XL,BL096,2,Blouse,XL,Beige,False,Low Stock,False,Valid SKU
BL096-XS,BL096,8,Blouse,XS,Beige,False,In Stock,False,Valid SKU
BL096-XXL,BL096,2,Blouse,XXL,Beige,False,Low Stock,False,Valid SKU
BL097-L,BL097,42,Blouse,L,Maroon,False,In Stock,False,Valid SKU
BL097-M,BL097,25,Blouse,M,Maroon,False,In Stock,False,Valid SKU
BL097-S,BL097,39,Blouse,S,Maroon,False,In Stock,False,Valid SKU
BL097-XL,BL097,11,Blouse,XL,Maroon,False,In Stock,False,Valid SKU
BL097-XS,BL097,9,Blouse,XS,Maroon,False,In Stock,False,Valid SKU
BL097-XXL,BL097,35,Blouse,XXL,Maroon,False,In Stock,False,Valid SKU
,BL097,1,Blouse,XXXL,Maroon,True,Low Stock,False,Missing / Invalid SKU
,BL098,2,Blouse,Free,Brown,True,Low Stock,False,Missing / Invalid SKU
BL098-L,BL098,25,Blouse,L,Brown,False,In Stock,False,Valid SKU
BL098-M,BL098,31,Blouse,M,Brown,False,In Stock,False,Valid SKU
BL098-S,BL098,39,Blouse,S,Brown,False,In Stock,False,Valid SKU
BL098-XL,BL098,34,Blouse,XL,Brown,False,In Stock,False,Valid SKU
BL098-XS,BL098,31,Blouse,XS,Brown,False,In Stock,False,Valid SKU
BL098-XXL,BL098,27,Blouse,XXL,Brown,False,In Stock,False,Valid SKU
BL099-L,BL099,5,Blouse,L,Black,False,Low Stock,False,Valid SKU
BL099-M,BL099,6,Blouse,M,Black,False,In Stock,False,Valid SKU
BL099-S,BL099,9,Blouse,S,Black,False,In Stock,False,Valid SKU
BL099-XL,BL099,6,Blouse,XL,Black,False,In Stock,False,Valid SKU
BL099-XS,BL099,12,Blouse,XS,Black,False,In Stock,False,Valid SKU
BL099-XXL,BL099,4,Blouse,XXL,Black,False,Low Stock,False,Valid SKU
BL100-L,BL100,4,Blouse,L,Green,False,Low Stock,False,Valid SKU
BL100-M,BL100,5,Blouse,M,Green,False,Low Stock,False,Valid SKU
BL100-S,BL100,6,Blouse,S,Green,False,In Stock,False,Valid SKU
BL100-XL,BL100,8,Blouse,XL,Green,False,In Stock,False,Valid SKU
BL100-XS,BL100,9,Blouse,XS,Green,False,In Stock,False,Valid SKU
BL100-XXL,BL100,5,Blouse,XXL,Green,False,Low Stock,False,Valid SKU
BL101-L,BL101,2,Blouse,L,Grey,False,Low Stock,False,Valid SKU
BL101-M,BL101,3,Blouse,M,Grey,False,Low Stock,False,Valid SKU
BL101-S,BL101,8,Blouse,S,Grey,False,In Stock,False,Valid SKU
BL101-XL,BL101,4,Blouse,XL,Grey,False,Low Stock,False,Valid SKU
BL101-XS,BL101,6,Blouse,XS,Grey,False,In Stock,False,Valid SKU
BL101-XXL,BL101,2,Blouse,XXL,Grey,False,Low Stock,False,Valid SKU
,BL102,1,Blouse,Free,Navy Blue,True,Low Stock,False,Missing / Invalid SKU
BL102-L,BL102,7,Blouse,L,Navy Blue,False,In Stock,False,Valid SKU
BL102-M,BL102,5,Blouse,M,Navy Blue,False,Low Stock,False,Valid SKU
BL102-S,BL102,16,Blouse,S,Navy Blue,False,In Stock,False,Valid SKU
BL102-XL,BL102,19,Blouse,XL,Navy Blue,False,In Stock,False,Valid SKU
BL102-XS,BL102,16,Blouse,XS,Navy Blue,False,In Stock,False,Valid SKU
BL102-XXL,BL102,6,Blouse,XXL,Navy Blue,False,In Stock,False,Valid SKU
BL103-L,BL103,7,Blouse,L,Maroon,False,In Stock,False,Valid SKU
BL103-M,BL103,3,Blouse,M,Maroon,False,Low Stock,False,Valid SKU
BL103-S,BL103,29,Blouse,S,Maroon,False,In Stock,False,Valid SKU
BL103-XL,BL103,8,Blouse,XL,Maroon,False,In Stock,False,Valid SKU
BL103-XS,BL103,27,Blouse,XS,Maroon,False,In Stock,False,Valid SKU
BL103-XXL,BL103,4,Blouse,XXL,Maroon,False,Low Stock,False,Valid SKU
BL104-L,BL104,32,Blouse,L,Black,False,In Stock,False,Valid SKU
BL104-M,BL104,49,Blouse,M,Black,False,In Stock,False,Valid SKU
BL104-S,BL104,14,Blouse,S,Black,False,In Stock,False,Valid SKU
BL104-XL,BL104,20,Blouse,XL,Black,False,In Stock,False,Valid SKU
BL104-XS,BL104,29,Blouse,XS,Black,False,In Stock,False,Valid SKU
BL104-XXL,BL104,26,Blouse,XXL,Black,False,In Stock,False,Valid SKU
BL107-L,BL107,2,Blouse,L,White,False,Low Stock,False,Valid SKU
BL107-M,BL107,2,Blouse,M,White,False,Low Stock,False,Valid SKU
BL107-S,BL107,15,Blouse,S,White,False,In Stock,False,Valid SKU
BL107-XL,BL107,3,Blouse,XL,White,False,Low Stock,False,Valid SKU
BL107-XS,BL107,6,Blouse,XS,White,False,In Stock,False,Valid SKU
BL107-XXL,BL107,4,Blouse,XXL,White,False,Low Stock,False,Valid SKU
,BL109,2,Blouse,Free,Gold,True,Low Stock,False,Missing / Invalid SKU
BL109-L,BL109,23,Blouse,L,Gold,False,In Stock,False,Valid SKU
BL109-M,BL109,37,Blouse,M,Gold,False,In Stock,False,Valid SKU
BL109-S,BL109,34,Blouse,S,Gold,False,In Stock,False,Valid SKU
BL109-XL,BL109,17,Blouse,XL,Gold,False,In Stock,False,Valid SKU
BL109-XS,BL109,15,Blouse,XS,Gold,False,In Stock,False,Valid SKU
BL109-XXL,BL109,9,Blouse,XXL,Gold,False,In Stock,False,Valid SKU
BL110-L,BL110,8,Blouse,L,Red,False,In Stock,False,Valid SKU
BL110-M,BL110,7,Blouse,M,Red,False,In Stock,False,Valid SKU
BL110-S,BL110,18,Blouse,S,Red,False,In Stock,False,Valid SKU
BL110-XL,BL110,8,Blouse,XL,Red,False,In Stock,False,Valid SKU
BL110-XS,BL110,16,Blouse,XS,Red,False,In Stock,False,Valid SKU
BL110-XXL,BL110,5,Blouse,XXL,Red,False,Low Stock,False,Valid SKU
BL111-L,BL111,9,Blouse,L,Black,False,In Stock,False,Valid SKU
BL111-M,BL111,6,Blouse,M,Black,False,In Stock,False,Valid SKU
BL111-S,BL111,11,Blouse,S,Black,False,In Stock,False,Valid SKU
BL111-XL,BL111,4,Blouse,XL,Black,False,Low Stock,False,Valid SKU
BL111-XS,BL111,13,Blouse,XS,Black,False,In Stock,False,Valid SKU
BL111-XXL,BL111,2,Blouse,XXL,Black,False,Low Stock,False,Valid SKU
BL113-L,BL113,4,Blouse,L,Maroon,False,Low Stock,False,Valid SKU
BL113-M,BL113,3,Blouse,M,Maroon,False,Low Stock,False,Valid SKU
BL113-S,BL113,11,Blouse,S,Maroon,False,In Stock,False,Valid SKU
BL113-XL,BL113,8,Blouse,XL,Maroon,False,In Stock,False,Valid SKU
BL113-XS,BL113,27,Blouse,XS,Maroon,False,In Stock,False,Valid SKU
BL113-XXL,BL113,7,Blouse,XXL,Maroon,False,In Stock,False,Valid SKU
,BL113,0,Blouse,XXXL,Maroon,True,Out of Stock,False,Missing / Invalid SKU
BL0115-S,BL115,2,Blouse,S,Olive,False,Low Stock,False,Valid SKU
BTM002-L,BTM002,61,Pant,L,White,False,In Stock,False,Valid SKU
BTM002-M,BTM002,40,Pant,M,White,False,In Stock,False,Valid SKU
BTM002-S,BTM002,85,Pant,S,White,False,In Stock,False,Valid SKU
BTM002-XL,BTM002,22,Pant,XL,White,False,In Stock,False,Valid SKU
BTM002-XS,BTM002,158,Pant,XS,White,False,In Stock,False,Valid SKU
BTM002-XXL,BTM002,158,Pant,XXL,White,False,In Stock,False,Valid SKU
BTM002-XXXL,BTM002,194,Pant,XXXL,White,False,In Stock,False,Valid SKU
BTM003-L,BTM003,32,Pant,L,Maroon,False,In Stock,False,Valid SKU
BTM003-M,BTM003,25,Pant,M,Maroon,False,In Stock,False,Valid SKU
BTM003-S,BTM003,35,Pant,S,Maroon,False,In Stock,False,Valid SKU
BTM003-XL,BTM003,24,Pant,XL,Maroon,False,In Stock,False,Valid SKU
BTM003-XS,BTM003,40,Pant,XS,Maroon,False,In Stock,False,Valid SKU
BTM003-XXL,BTM003,4,Pant,XXL,Maroon,False,Low Stock,False,Valid SKU
BTM003-XXXL,BTM003,4,Pant,XXXL,Maroon,False,Low Stock,False,Valid SKU
BTM004-L,BTM004,1,Bottom,L,White,False,Low Stock,False,Valid SKU
BTM004-S,BTM004,2,Bottom,S,White,False,Low Stock,False,Valid SKU
BTM004-XL,BTM004,3,Bottom,XL,White,False,Low Stock,False,Valid SKU
BTM004-XS,BTM004,0,Bottom,XS,White,False,Out of Stock,False,Valid SKU
BTM004-XXL,BTM004,2,Bottom,XXL,White,False,Low Stock,False,Valid SKU
BTM004-XXXL,BTM004,3,Bottom,XXXL,White,False,Low Stock,False,Valid SKU
BTM005-L,BTM005,398,Pant,L,Black,False,In Stock,False,Valid SKU
BTM005-M,BTM005,250,Pant,M,Black,False,In Stock,False,Valid SKU
BTM005-S,BTM005,347,Pant,S,Black,False,In Stock,False,Valid SKU
BTM005-XL,BTM005,75,Pant,XL,Black,False,In Stock,False,Valid SKU
BTM005-XS,BTM005,88,Pant,XS,Black,False,In Stock,False,Valid SKU
BTM005-XXL,BTM005,21,Pant,XXL,Black,False,In Stock,False,Valid SKU
BTM005-XXXL,BTM005,59,Pant,XXXL,Black,False,In Stock,False,Valid SKU
BTM006-L,BTM006,2,Bottom,L,Green,False,Low Stock,False,Valid SKU
BTM006-M,BTM006,2,Bottom,M,Green,False,Low Stock,False,Valid SKU
BTM006-S,BTM006,1,Bottom,S,Green,False,Low Stock,False,Valid SKU
BTM006-XL,BTM006,3,Bottom,XL,Green,False,Low Stock,False,Valid SKU
BTM006-XS,BTM006,3,Bottom,XS,Green,False,Low Stock,False,Valid SKU
BTM006-XXL,BTM006,3,Bottom,XXL,Green,False,Low Stock,False,Valid SKU
BTM006-XXXL,BTM006,4,Bottom,XXXL,Green,False,Low Stock,False,Valid SKU
BTM007-L,BTM007,2,Bottom,L,Beige,False,Low Stock,False,Valid SKU
BTM007-M,BTM007,1,Bottom,M,Beige,False,Low Stock,False,Valid SKU
BTM007-S,BTM007,2,Bottom,S,Beige,False,Low Stock,False,Valid SKU
BTM007-XL,BTM007,3,Bottom,XL,Beige,False,Low Stock,False,Valid SKU
BTM007-XS,BTM007,2,Bottom,XS,Beige,False,Low Stock,False,Valid SKU
BTM007-XXL,BTM007,2,Bottom,XXL,Beige,False,Low Stock,False,Valid SKU
BTM008-L,BTM008,6,Pant,L,Grey,False,In Stock,False,Valid SKU
BTM008-M,BTM008,1,Pant,M,Grey,False,Low Stock,False,Valid SKU
BTM008-S,BTM008,5,Pant,S,Grey,False,Low Stock,False,Valid SKU
BTM008-XL,BTM008,10,Pant,XL,Grey,False,In Stock,False,Valid SKU
BTM008-XS,BTM008,21,Pant,XS,Grey,False,In Stock,False,Valid SKU
BTM008-XXL,BTM008,6,Pant,XXL,Grey,False,In Stock,False,Valid SKU
BTM008-XXXL,BTM008,15,Pant,XXXL,Grey,False,In Stock,False,Valid SKU
BTM021-L,BTM021,136,Pant,L,Navy Blue,False,In Stock,False,Valid SKU
BTM021-M,BTM021,63,Pant,M,Navy Blue,False,In Stock,False,Valid SKU
BTM021-S,BTM021,134,Pant,S,Navy Blue,False,In Stock,False,Valid SKU
BTM021-XL,BTM021,176,Pant,XL,Navy Blue,False,In Stock,False,Valid SKU
BTM021-XS,BTM021,41,Pant,XS,Navy Blue,False,In Stock,False,Valid SKU
BTM021-XXL,BTM021,92,Pant,XXL,Navy Blue,False,In Stock,False,Valid SKU
BTM021-XXXL,BTM021,102,Pant,XXXL,Navy Blue,False,In Stock,False,Valid SKU
BTM026-NP-L,BTM026,1,Pant,L,Red,False,Low Stock,False,Valid SKU
BTM026-NP-M,BTM026,6,Pant,M,Red,False,In Stock,False,Valid SKU
BTM026-NP-S,BTM026,6,Pant,S,Red,False,In Stock,False,Valid SKU
BTM026-NP-XL,BTM026,0,Pant,XL,Red,False,Out of Stock,False,Valid SKU
BTM026-NP-XS,BTM026,23,Pant,XS,Red,False,In Stock,False,Valid SKU
BTM026-NP-XXL,BTM026,0,Pant,XXL,Red,False,Out of Stock,False,Valid SKU
BTM026-NP-XXXL,BTM026,3,Pant,XXXL,Red,False,Low Stock,False,Valid SKU
BTM027-NP-L,BTM027,14,Pant,L,Green,False,In Stock,False,Valid SKU
BTM027-NP-M,BTM027,14,Pant,M,Green,False,In Stock,False,Valid SKU
BTM027-NP-S,BTM027,37,Pant,S,Green,False,In Stock,False,Valid SKU
BTM027-NP-XL,BTM027,8,Pant,XL,Green,False,In Stock,False,Valid SKU
BTM027-NP-XS,BTM027,25,Pant,XS,Green,False,In Stock,False,Valid SKU
BTM027-NP-XXL,BTM027,25,Pant,XXL,Green,False,In Stock,False,Valid SKU
BTM027-NP-XXXL,BTM027,16,Pant,XXXL,Green,False,In Stock,False,Valid SKU
BTM029-NP-L,BTM029,2,Pant,L,Beige,False,Low Stock,False,Valid SKU
BTM029-NP-M,BTM029,4,Pant,M,Beige,False,Low Stock,False,Valid SKU
BTM029-NP-S,BTM029,1,Pant,S,Beige,False,Low Stock,False,Valid SKU
BTM029-NP-XL,BTM029,2,Pant,XL,Beige,False,Low Stock,False,Valid SKU
BTM029-NP-XS,BTM029,2,Pant,XS,Beige,False,Low Stock,False,Valid SKU
BTM029-NP-XXL,BTM029,0,Pant,XXL,Beige,False,Out of Stock,False,Valid SKU
BTM029-NP-XXXL,BTM029,1,Pant,XXXL,Beige,False,Low Stock,False,Valid SKU
BTM030-NP-L,BTM030,0,Pant,L,Dark Green,False,Out of Stock,False,Valid SKU
BTM030-NP-M,BTM030,1,Pant,M,Dark Green,False,Low Stock,False,Valid SKU
BTM030-NP-S,BTM030,8,Pant,S,Dark Green,False,In Stock,False,Valid SKU
BTM030-NP-XL,BTM030,1,Pant,XL,Dark Green,False,Low Stock,False,Valid SKU
BTM030-NP-XS,BTM030,7,Pant,XS,Dark Green,False,In Stock,False,Valid SKU
BTM030-NP-XXL,BTM030,1,Pant,XXL,Dark Green,False,Low Stock,False,Valid SKU
BTM030-NP-XXXL,BTM030,5,Pant,XXXL,Dark Green,False,Low Stock,False,Valid SKU
BTM031-NP-L,BTM031,43,Pant,L,Brown,False,In Stock,False,Valid SKU
BTM031-NP-M,BTM031,6,Pant,M,Brown,False,In Stock,False,Valid SKU
BTM031-NP-S,BTM031,56,Pant,S,Brown,False,In Stock,False,Valid SKU
BTM031-NP-XL,BTM031,13,Pant,XL,Brown,False,In Stock,False,Valid SKU
BTM031-NP-XS,BTM031,20,Pant,XS,Brown,False,In Stock,False,Valid SKU
BTM031-NP-XXL,BTM031,56,Pant,XXL,Brown,False,In Stock,False,Valid SKU
BTM031-NP-XXXL,BTM031,50,Pant,XXXL,Brown,False,In Stock,False,Valid SKU
BTM032-NP-L,BTM032,1,Pant,L,Pink,False,Low Stock,False,Valid SKU
BTM032-NP-M,BTM032,1,Pant,M,Pink,False,Low Stock,False,Valid SKU
BTM032-NP-S,BTM032,2,Pant,S,Pink,False,Low Stock,False,Valid SKU
BTM032-NP-XL,BTM032,1,Pant,XL,Pink,False,Low Stock,False,Valid SKU
BTM032-NP-XS,BTM032,5,Pant,XS,Pink,False,Low Stock,False,Valid SKU
BTM032-NP-XXL,BTM032,3,Pant,XXL,Pink,False,Low Stock,False,Valid SKU
BTM032-NP-XXXL,BTM032,1,Pant,XXXL,Pink,False,Low Stock,False,Valid SKU
BTM033-NP-L,BTM033,0,Pant,L,Turquoise Blue,False,Out of Stock,False,Valid SKU
BTM033-NP-M,BTM033,1,Pant,M,Turquoise Blue,False,Low Stock,False,Valid SKU
BTM033-NP-S,BTM033,1,Pant,S,Turquoise Blue,False,Low Stock,False,Valid SKU
BTM033-NP-XL,BTM033,1,Pant,XL,Turquoise Blue,False,Low Stock,False,Valid SKU
BTM033-NP-XS,BTM033,5,Pant,XS,Turquoise Blue,False,Low Stock,False,Valid SKU
BTM033-NP-XXL,BTM033,3,Pant,XXL,Turquoise Blue,False,Low Stock,False,Valid SKU
BTM033-NP-XXXL,BTM033,2,Pant,XXXL,Turquoise Blue,False,Low Stock,False,Valid SKU
BTM035-NP-L,BTM035,0,Pant,L,Mustard,False,Out of Stock,False,Valid SKU
BTM035-NP-M,BTM035,0,Pant,M,Mustard,False,Out of Stock,False,Valid SKU
BTM035-NP-S,BTM035,4,Pant,S,Mustard,False,Low Stock,False,Valid SKU
BTM035-NP-XL,BTM035,1,Pant,XL,Mustard,False,Low Stock,False,Valid SKU
BTM035-NP-XS,BTM035,12,Pant,XS,Mustard,False,In Stock,False,Valid SKU
BTM035-NP-XXL,BTM035,3,Pant,XXL,Mustard,False,Low Stock,False,Valid SKU
BTM035-NP-XXXL,BTM035,4,Pant,XXXL,Mustard,False,Low Stock,False,Valid SKU
BTM036-PP-L,BTM036,3,Palazzo,L,Red,False,Low Stock,False,Valid SKU
BTM036-PP-M,BTM036,10,Palazzo,M,Red,False,In Stock,False,Valid SKU
BTM036-PP-S,BTM036,8,Palazzo,S,Red,False,In Stock,False,Valid SKU
BTM036-PP-XL,BTM036,6,Palazzo,XL,Red,False,In Stock,False,Valid SKU
BTM036-PP-XS,BTM036,33,Palazzo,XS,Red,False,In Stock,False,Valid SKU
BTM036-PP-XXL,BTM036,3,Palazzo,XXL,Red,False,Low Stock,False,Valid SKU
BTM036-PP-XXXL,BTM036,6,Palazzo,XXXL,Red,False,In Stock,False,Valid SKU
BTM037-PP-L,BTM037,2,Palazzo,L,Teal,False,Low Stock,False,Valid SKU
BTM037-PP-M,BTM037,4,Palazzo,M,Teal,False,Low Stock,False,Valid SKU
BTM037-PP-S,BTM037,7,Palazzo,S,Teal,False,In Stock,False,Valid SKU
BTM037-PP-XL,BTM037,3,Palazzo,XL,Teal,False,Low Stock,False,Valid SKU
BTM037-PP-XS,BTM037,21,Palazzo,XS,Teal,False,In Stock,False,Valid SKU
BTM037-PP-XXL,BTM037,3,Palazzo,XXL,Teal,False,Low Stock,False,Valid SKU
BTM037-PP-XXXL,BTM037,3,Palazzo,XXXL,Teal,False,Low Stock,False,Valid SKU
BTM038-PP-L,BTM038,3,Palazzo,L,Black,False,Low Stock,False,Valid SKU
BTM038-PP-M,BTM038,2,Palazzo,M,Black,False,Low Stock,False,Valid SKU
BTM038-PP-S,BTM038,6,Palazzo,S,Black,False,In Stock,False,Valid SKU
BTM038-PP-XL,BTM038,2,Palazzo,XL,Black,False,Low Stock,False,Valid SKU
BTM038-PP-XS,BTM038,30,Palazzo,XS,Black,False,In Stock,False,Valid SKU
BTM038-PP-XXL,BTM038,3,Palazzo,XXL,Black,False,Low Stock,False,Valid SKU
BTM038-PP-XXXL,BTM038,1,Palazzo,XXXL,Black,False,Low Stock,False,Valid SKU
BTM039-PP-L,BTM039,2,Palazzo,L,White,False,Low Stock,False,Valid SKU
BTM039-PP-M,BTM039,2,Palazzo,M,White,False,Low Stock,False,Valid SKU
BTM039-PP-S,BTM039,4,Palazzo,S,White,False,Low Stock,False,Valid SKU
BTM039-PP-XL,BTM039,2,Palazzo,XL,White,False,Low Stock,False,Valid SKU
BTM039-PP-XS,BTM039,11,Palazzo,XS,White,False,In Stock,False,Valid SKU
BTM039-PP-XXL,BTM039,2,Palazzo,XXL,White,False,Low Stock,False,Valid SKU
BTM039-PP-XXXL,BTM039,4,Palazzo,XXXL,White,False,Low Stock,False,Valid SKU
BTM040-PP-L,BTM040,2,Palazzo,L,Brown,False,Low Stock,False,Valid SKU
BTM040-PP-M,BTM040,4,Palazzo,M,Brown,False,Low Stock,False,Valid SKU
BTM040-PP-S,BTM040,36,Palazzo,S,Brown,False,In Stock,False,Valid SKU
BTM040-PP-XL,BTM040,3,Palazzo,XL,Brown,False,Low Stock,False,Valid SKU
BTM040-PP-XS,BTM040,35,Palazzo,XS,Brown,False,In Stock,False,Valid SKU
BTM040-PP-XXL,BTM040,4,Palazzo,XXL,Brown,False,Low Stock,False,Valid SKU
BTM040-PP-XXXL,BTM040,2,Palazzo,XXXL,Brown,False,Low Stock,False,Valid SKU
BTM041-PP-L,BTM041,6,Palazzo,L,Grey,False,In Stock,False,Valid SKU
BTM041-PP-M,BTM041,5,Palazzo,M,Grey,False,Low Stock,False,Valid SKU
BTM041-PP-S,BTM041,51,Palazzo,S,Grey,False,In Stock,False,Valid SKU
BTM041-PP-XL,BTM041,7,Palazzo,XL,Grey,False,In Stock,False,Valid SKU
BTM041-PP-XS,BTM041,50,Palazzo,XS,Grey,False,In Stock,False,Valid SKU
BTM041-PP-XXL,BTM041,7,Palazzo,XXL,Grey,False,In Stock,False,Valid SKU
BTM041-PP-XXXL,BTM041,7,Palazzo,XXXL,Grey,False,In Stock,False,Valid SKU
BTM042-PP-L,BTM042,3,Palazzo,L,Mustard,False,Low Stock,False,Valid SKU
BTM042-PP-M,BTM042,3,Palazzo,M,Mustard,False,Low Stock,False,Valid SKU
BTM042-PP-S,BTM042,29,Palazzo,S,Mustard,False,In Stock,False,Valid SKU
BTM042-PP-XL,BTM042,3,Palazzo,XL,Mustard,False,Low Stock,False,Valid SKU
BTM042-PP-XS,BTM042,55,Palazzo,XS,Mustard,False,In Stock,False,Valid SKU
BTM042-PP-XXL,BTM042,6,Palazzo,XXL,Mustard,False,In Stock,False,Valid SKU
BTM042-PP-XXXL,BTM042,3,Palazzo,XXXL,Mustard,False,Low Stock,False,Valid SKU
BTM043-PP-L,BTM043,2,Palazzo,L,Khaki,False,Low Stock,False,Valid SKU
BTM043-PP-M,BTM043,2,Palazzo,M,Khaki,False,Low Stock,False,Valid SKU
BTM043-PP-S,BTM043,4,Palazzo,S,Khaki,False,Low Stock,False,Valid SKU
BTM043-PP-XL,BTM043,3,Palazzo,XL,Khaki,False,Low Stock,False,Valid SKU
BTM043-PP-XS,BTM043,8,Palazzo,XS,Khaki,False,In Stock,False,Valid SKU
BTM043-PP-XXL,BTM043,3,Palazzo,XXL,Khaki,False,Low Stock,False,Valid SKU
BTM043-PP-XXXL,BTM043,3,Palazzo,XXXL,Khaki,False,Low Stock,False,Valid SKU
BTM044-PP-L,BTM044,2,Palazzo,L,Maroon,False,Low Stock,False,Valid SKU
BTM044-PP-M,BTM044,3,Palazzo,M,Maroon,False,Low Stock,False,Valid SKU
BTM044-PP-S,BTM044,5,Palazzo,S,Maroon,False,Low Stock,False,Valid SKU
BTM044-PP-XL,BTM044,2,Palazzo,XL,Maroon,False,Low Stock,False,Valid SKU
BTM044-PP-XS,BTM044,55,Palazzo,XS,Maroon,False,In Stock,False,Valid SKU
BTM044-PP-XXL,BTM044,3,Palazzo,XXL,Maroon,False,Low Stock,False,Valid SKU
BTM044-PP-XXXL,BTM044,5,Palazzo,XXXL,Maroon,False,Low Stock,False,Valid SKU
BTM045-PP-L,BTM045,4,Palazzo,L,Olive Green,False,Low Stock,False,Valid SKU
BTM045-PP-M,BTM045,3,Palazzo,M,Olive Green,False,Low Stock,False,Valid SKU
BTM045-PP-S,BTM045,34,Palazzo,S,Olive Green,False,In Stock,False,Valid SKU
BTM045-PP-XL,BTM045,4,Palazzo,XL,Olive Green,False,Low Stock,False,Valid SKU
BTM045-PP-XS,BTM045,26,Palazzo,XS,Olive Green,False,In Stock,False,Valid SKU
BTM045-PP-XXL,BTM045,24,Palazzo,XXL,Olive Green,False,In Stock,False,Valid SKU
BTM045-PP-XXXL,BTM045,6,Palazzo,XXXL,Olive Green,False,In Stock,False,Valid SKU
BTM046-PP-L,BTM046,3,Palazzo,L,Navy Blue,False,Low Stock,False,Valid SKU
BTM046-PP-M,BTM046,10,Palazzo,M,Navy Blue,False,In Stock,False,Valid SKU
BTM046-PP-S,BTM046,29,Palazzo,S,Navy Blue,False,In Stock,False,Valid SKU
BTM046-PP-XL,BTM046,3,Palazzo,XL,Navy Blue,False,Low Stock,False,Valid SKU
BTM046-PP-XS,BTM046,27,Palazzo,XS,Navy Blue,False,In Stock,False,Valid SKU
BTM046-PP-XXL,BTM046,2,Palazzo,XXL,Navy Blue,False,Low Stock,False,Valid SKU
BTM046-PP-XXXL,BTM046,3,Palazzo,XXXL,Navy Blue,False,Low Stock,False,Valid SKU
BTM047-PP-L,BTM047,3,Palazzo,L,Pink,False,Low Stock,False,Valid SKU
BTM047-PP-M,BTM047,10,Palazzo,M,Pink,False,In Stock,False,Valid SKU
BTM047-PP-S,BTM047,15,Palazzo,S,Pink,False,In Stock,False,Valid SKU
BTM047-PP-XL,BTM047,6,Palazzo,XL,Pink,False,In Stock,False,Valid SKU
BTM047-PP-XS,BTM047,32,Palazzo,XS,Pink,False,In Stock,False,Valid SKU
BTM047-PP-XXL,BTM047,11,Palazzo,XXL,Pink,False,In Stock,False,Valid SKU
BTM047-PP-XXXL,BTM047,4,Palazzo,XXXL,Pink,False,Low Stock,False,Valid SKU
BTM048-PP-L,BTM048,3,Palazzo,L,Green,False,Low Stock,False,Valid SKU
BTM048-PP-M,BTM048,3,Palazzo,M,Green,False,Low Stock,False,Valid SKU
BTM048-PP-S,BTM048,6,Palazzo,S,Green,False,In Stock,False,Valid SKU
BTM048-PP-XL,BTM048,2,Palazzo,XL,Green,False,Low Stock,False,Valid SKU
BTM048-PP-XS,BTM048,51,Palazzo,XS,Green,False,In Stock,False,Valid SKU
BTM048-PP-XXL,BTM048,16,Palazzo,XXL,Green,False,In Stock,False,Valid SKU
BTM048-PP-XXXL,BTM048,16,Palazzo,XXXL,Green,False,In Stock,False,Valid SKU
BTM049-SHA-L,BTM049,19,Sharara,L,Teal Blue,False,In Stock,False,Valid SKU
BTM049-SHA-M,BTM049,22,Sharara,M,Teal Blue,False,In Stock,False,Valid SKU
BTM049-SHA-S,BTM049,29,Sharara,S,Teal Blue,False,In Stock,False,Valid SKU
BTM049-SHA-XL,BTM049,25,Sharara,XL,Teal Blue,False,In Stock,False,Valid SKU
BTM049-SHA-XXL,BTM049,28,Sharara,XXL,Teal Blue,False,In Stock,False,Valid SKU
BTM050-SHA-L,BTM050,20,Sharara,L,Cream,False,In Stock,False,Valid SKU
BTM050-SHA-M,BTM050,25,Sharara,M,Cream,False,In Stock,False,Valid SKU
BTM050-SHA-S,BTM050,26,Sharara,S,Cream,False,In Stock,False,Valid SKU
BTM050-SHA-XL,BTM050,23,Sharara,XL,Cream,False,In Stock,False,Valid SKU
BTM050-SHA-XXL,BTM050,25,Sharara,XXL,Cream,False,In Stock,False,Valid SKU
BTM051-SHA-L,BTM051,28,Sharara,L,Black,False,In Stock,False,Valid SKU
BTM051-SHA-M,BTM051,30,Sharara,M,Black,False,In Stock,False,Valid SKU
BTM051-SHA-S,BTM051,34,Sharara,S,Black,False,In Stock,False,Valid SKU
BTM051-SHA-XL,BTM051,32,Sharara,XL,Black,False,In Stock,False,Valid SKU
BTM051-SHA-XXL,BTM051,35,Sharara,XXL,Black,False,In Stock,False,Valid SKU
BTM052-SHA-L,BTM052,32,Sharara,L,Pink,False,In Stock,False,Valid SKU
BTM052-SHA-M,BTM052,27,Sharara,M,Pink,False,In Stock,False,Valid SKU
BTM052-SHA-S,BTM052,42,Sharara,S,Pink,False,In Stock,False,Valid SKU
BTM052-SHA-XL,BTM052,37,Sharara,XL,Pink,False,In Stock,False,Valid SKU
BTM052-SHA-XXL,BTM052,36,Sharara,XXL,Pink,False,In Stock,False,Valid SKU
BTM053-SHA-L,BTM053,17,Sharara,L,Red,False,In Stock,False,Valid SKU
BTM053-SHA-M,BTM053,34,Sharara,M,Red,False,In Stock,False,Valid SKU
BTM053-SHA-S,BTM053,41,Sharara,S,Red,False,In Stock,False,Valid SKU
BTM053-SHA-XL,BTM053,36,Sharara,XL,Red,False,In Stock,False,Valid SKU
BTM053-SHA-XXL,BTM053,39,Sharara,XXL,Red,False,In Stock,False,Valid SKU
BTM054-SK-L,BTM054,31,Skirt,L,Black,False,In Stock,False,Valid SKU
BTM054-SK-M,BTM054,35,Skirt,M,Black,False,In Stock,False,Valid SKU
BTM054-SK-S,BTM054,37,Skirt,S,Black,False,In Stock,False,Valid SKU
BTM054-SK-XL,BTM054,36,Skirt,XL,Black,False,In Stock,False,Valid SKU
BTM054-SK-XXL,BTM054,38,Skirt,XXL,Black,False,In Stock,False,Valid SKU
BTM055-SK-L,BTM055,31,Skirt,L,Off White,False,In Stock,False,Valid SKU
BTM055-SK-M,BTM055,33,Skirt,M,Off White,False,In Stock,False,Valid SKU
BTM055-SK-S,BTM055,36,Skirt,S,Off White,False,In Stock,False,Valid SKU
BTM055-SK-XL,BTM055,36,Skirt,XL,Off White,False,In Stock,False,Valid SKU
BTM055-SK-XXL,BTM055,36,Skirt,XXL,Off White,False,In Stock,False,Valid SKU
BTM056-SHA-L,BTM056,21,Sharara,L,Black,False,In Stock,False,Valid SKU
BTM056-SHA-M,BTM056,31,Sharara,M,Black,False,In Stock,False,Valid SKU
BTM056-SHA-S,BTM056,32,Sharara,S,Black,False,In Stock,False,Valid SKU
BTM056-SHA-XL,BTM056,31,Sharara,XL,Black,False,In Stock,False,Valid SKU
BTM056-SHA-XXL,BTM056,31,Sharara,XXL,Black,False,In Stock,False,Valid SKU
BTM057-SHA-L,BTM057,30,Sharara,L,Navy Blue,False,In Stock,False,Valid SKU
BTM057-SHA-M,BTM057,30,Sharara,M,Navy Blue,False,In Stock,False,Valid SKU
BTM057-SHA-S,BTM057,31,Sharara,S,Navy Blue,False,In Stock,False,Valid SKU
BTM057-SHA-XL,BTM057,33,Sharara,XL,Navy Blue,False,In Stock,False,Valid SKU
BTM057-SHA-XXL,BTM057,31,Sharara,XXL,Navy Blue,False,In Stock,False,Valid SKU
BTM058-SHA-L,BTM058,26,Sharara,L,Cream,False,In Stock,False,Valid SKU
BTM058-SHA-M,BTM058,28,Sharara,M,Cream,False,In Stock,False,Valid SKU
BTM058-SHA-S,BTM058,33,Sharara,S,Cream,False,In Stock,False,Valid SKU
BTM058-SHA-XL,BTM058,30,Sharara,XL,Cream,False,In Stock,False,Valid SKU
BTM058-SHA-XXL,BTM058,30,Sharara,XXL,Cream,False,In Stock,False,Valid SKU
BTM059-SK-L,BTM059,29,Skirt,L,Off White,False,In Stock,False,Valid SKU
BTM059-SK-M,BTM059,32,Skirt,M,Off White,False,In Stock,False,Valid SKU
BTM059-SK-S,BTM059,34,Skirt,S,Off White,False,In Stock,False,Valid SKU
BTM059-SK-XL,BTM059,32,Skirt,XL,Off White,False,In Stock,False,Valid SKU
BTM059-SK-XXL,BTM059,34,Skirt,XXL,Off White,False,In Stock,False,Valid SKU
BTM060-SK-L,BTM060,33,Skirt,L,Black,False,In Stock,False,Valid SKU
BTM060-SK-M,BTM060,30,Skirt,M,Black,False,In Stock,False,Valid SKU
BTM060-SK-S,BTM060,34,Skirt,S,Black,False,In Stock,False,Valid SKU
BTM060-SK-XL,BTM060,33,Skirt,XL,Black,False,In Stock,False,Valid SKU
BTM060-SK-XXL,BTM060,33,Skirt,XXL,Black,False,In Stock,False,Valid SKU
CH201-RED-L,CH201,3,Leggings,L,Red,False,Low Stock,False,Valid SKU
CH201-RED-M,CH201,3,Leggings,M,Red,False,Low Stock,False,Valid SKU
CH201-RED-S,CH201,6,Leggings,S,Red,False,In Stock,False,Valid SKU
CH201-RED-XL,CH201,4,Leggings,XL,Red,False,Low Stock,False,Valid SKU
CH201-RED-XXL,CH201,2,Leggings,XXL,Red,False,Low Stock,False,Valid SKU
CH202-ORANGE-L,CH202,3,Leggings,L,Orange,False,Low Stock,False,Valid SKU
CH202-ORANGE-M,CH202,8,Leggings,M,Orange,False,In Stock,False,Valid SKU
CH202-ORANGE-S,CH202,7,Leggings,S,Orange,False,In Stock,False,Valid SKU
CH202-ORANGE-XL,CH202,5,Leggings,XL,Orange,False,Low Stock,False,Valid SKU
CH202-ORANGE-XXL,CH202,3,Leggings,XXL,Orange,False,Low Stock,False,Valid SKU
,CH203,0,Leggings,Free,Maroon,True,Out of Stock,False,Missing / Invalid SKU
CH203-MAROON-L,CH203,6,Leggings,L,Maroon,False,In Stock,False,Valid SKU
CH203-MAROON-M,CH203,4,Leggings,M,Maroon,False,Low Stock,False,Valid SKU
CH203-MAROON-S,CH203,2,Leggings,S,Maroon,False,Low Stock,False,Valid SKU
CH203-MAROON-XL,CH203,3,Leggings,XL,Maroon,False,Low Stock,False,Valid SKU
CH203-MAROON-XXL,CH203,2,Leggings,XXL,Maroon,False,Low Stock,False,Valid SKU
CH204-PURPLE-L,CH204,3,Leggings,L,Purple,False,Low Stock,False,Valid SKU
CH204-PURPLE-M,CH204,3,Leggings,M,Purple,False,Low Stock,False,Valid SKU
CH204-PURPLE-S,CH204,5,Leggings,S,Purple,False,Low Stock,False,Valid SKU
CH204-PURPLE-XL,CH204,2,Leggings,XL,Purple,False,Low Stock,False,Valid SKU
CH204-PURPLE-XXL,CH204,2,Leggings,XXL,Purple,False,Low Stock,False,Valid SKU
CH205-YELLOW-L,CH205,3,Leggings,L,Yellow,False,Low Stock,False,Valid SKU
CH205-YELLOW-M,CH205,4,Leggings,M,Yellow,False,Low Stock,False,Valid SKU
CH205-YELLOW-S,CH205,12,Leggings,S,Yellow,False,In Stock,False,Valid SKU
CH205-YELLOW-XL,CH205,5,Leggings,XL,Yellow,False,Low Stock,False,Valid SKU
CH205-YELLOW-XXL,CH205,2,Leggings,XXL,Yellow,False,Low Stock,False,Valid SKU
CH206-GREEN-L,CH206,5,Leggings,L,Green,False,Low Stock,False,Valid SKU
CH206-GREEN-M,CH206,6,Leggings,M,Green,False,In Stock,False,Valid SKU
CH206-GREEN-S,CH206,10,Leggings,S,Green,False,In Stock,False,Valid SKU
CH206-GREEN-XL,CH206,5,Leggings,XL,Green,False,Low Stock,False,Valid SKU
CH206-GREEN-XXL,CH206,2,Leggings,XXL,Green,False,Low Stock,False,Valid SKU
CH207-PINK-L,CH207,3,Leggings,L,Pink,False,Low Stock,False,Valid SKU
CH207-PINK-M,CH207,3,Leggings,M,Pink,False,Low Stock,False,Valid SKU
CH207-PINK-S,CH207,5,Leggings,S,Pink,False,Low Stock,False,Valid SKU
CH207-PINK-XL,CH207,2,Leggings,XL,Pink,False,Low Stock,False,Valid SKU
CH207-PINK-XXL,CH207,2,Leggings,XXL,Pink,False,Low Stock,False,Valid SKU
CH208-MUSTARD-L,CH208,7,Leggings,L,Mustard,False,In Stock,False,Valid SKU
CH208-MUSTARD-M,CH208,13,Leggings,M,Mustard,False,In Stock,False,Valid SKU
CH208-MUSTARD-S,CH208,7,Leggings,S,Mustard,False,In Stock,False,Valid SKU
CH208-MUSTARD-XL,CH208,4,Leggings,XL,Mustard,False,Low Stock,False,Valid SKU
CH208-MUSTARD-XXL,CH208,4,Leggings,XXL,Mustard,False,Low Stock,False,Valid SKU
CH209-BIEGE-L,CH209,3,Leggings,L,Beige,False,Low Stock,False,Valid SKU
CH209-BIEGE-M,CH209,3,Leggings,M,Beige,False,Low Stock,False,Valid SKU
CH209-BIEGE-S,CH209,4,Leggings,S,Beige,False,Low Stock,False,Valid SKU
CH209-BIEGE-XL,CH209,4,Leggings,XL,Beige,False,Low Stock,False,Valid SKU
CH209-BIEGE-XXL,CH209,2,Leggings,XXL,Beige,False,Low Stock,False,Valid SKU
CH210-NAVY-L,CH210,2,Leggings,L,Navy Blue,False,Low Stock,False,Valid SKU
CH210-NAVY-M,CH210,4,Leggings,M,Navy Blue,False,Low Stock,False,Valid SKU
CH210-NAVY-S,CH210,3,Leggings,S,Navy Blue,False,Low Stock,False,Valid SKU
CH210-NAVY-XL,CH210,2,Leggings,XL,Navy Blue,False,Low Stock,False,Valid SKU
CH210-NAVY-XXL,CH210,3,Leggings,XXL,Navy Blue,False,Low Stock,False,Valid SKU
CH211-BLACK-L,CH211,2,Leggings,L,Black,False,Low Stock,False,Valid SKU
CH211-BLACK-M,CH211,5,Leggings,M,Black,False,Low Stock,False,Valid SKU
CH211-BLACK-S,CH211,3,Leggings,S,Black,False,Low Stock,False,Valid SKU
CH211-BLACK-XL,CH211,3,Leggings,XL,Black,False,Low Stock,False,Valid SKU
CH211-BLACK-XXL,CH211,1,Leggings,XXL,Black,False,Low Stock,False,Valid SKU
CH212-WHITE-L,CH212,2,Leggings,L,White,False,Low Stock,False,Valid SKU
CH212-WHITE-M,CH212,2,Leggings,M,White,False,Low Stock,False,Valid SKU
CH212-WHITE-S,CH212,2,Leggings,S,White,False,Low Stock,False,Valid SKU
CH212-WHITE-XL,CH212,2,Leggings,XL,White,False,Low Stock,False,Valid SKU
CH212-WHITE-XXL,CH212,1,Leggings,XXL,White,False,Low Stock,False,Valid SKU
CH213-BROWN-L,CH213,4,Leggings,L,Brown,False,Low Stock,False,Valid SKU
CH213-BROWN-M,CH213,4,Leggings,M,Brown,False,Low Stock,False,Valid SKU
CH213-BROWN-S,CH213,4,Leggings,S,Brown,False,Low Stock,False,Valid SKU
CH213-BROWN-XL,CH213,3,Leggings,XL,Brown,False,Low Stock,False,Valid SKU
CH213-BROWN-XXL,CH213,3,Leggings,XXL,Brown,False,Low Stock,False,Valid SKU
J0001-DR-L,J0001,2,Dress,L,Pink,False,Low Stock,False,Valid SKU
J0001-DR-M,J0001,19,Dress,M,Pink,False,In Stock,False,Valid SKU
J0001-DR-S,J0001,9,Dress,S,Pink,False,In Stock,False,Valid SKU
J0001-DR-XL,J0001,26,Dress,XL,Pink,False,In Stock,False,Valid SKU
J0001-DR-XS,J0001,42,Dress,XS,Pink,False,In Stock,False,Valid SKU
J0001-DR-XXL,J0001,20,Dress,XXL,Pink,False,In Stock,False,Valid SKU
J0001-DR-XXXL,J0001,14,Dress,XXXL,Pink,False,In Stock,False,Valid SKU
J0002-SKD-L,J0002,93,Kurta Set,L,Peach,False,In Stock,False,Valid SKU
J0002-SKD-M,J0002,82,Kurta Set,M,Peach,False,In Stock,False,Valid SKU
J0002-SKD-S,J0002,165,Kurta Set,S,Peach,False,In Stock,False,Valid SKU
J0002-SKD-XL,J0002,62,Kurta Set,XL,Peach,False,In Stock,False,Valid SKU
J0002-SKD-XS,J0002,97,Kurta Set,XS,Peach,False,In Stock,False,Valid SKU
J0002-SKD-XXL,J0002,73,Kurta Set,XXL,Peach,False,In Stock,False,Valid SKU
J0002-SKD-XXXL,J0002,7,Kurta Set,XXXL,Peach,False,In Stock,False,Valid SKU
J0003-SET-L,J0003,3,Kurta Set,L,Mustard,False,Low Stock,False,Valid SKU
J0003-SET-M,J0003,7,Kurta Set,M,Mustard,False,In Stock,False,Valid SKU
J0003-SET-S,J0003,9,Kurta Set,S,Mustard,False,In Stock,False,Valid SKU
J0003-SET-XL,J0003,5,Kurta Set,XL,Mustard,False,Low Stock,False,Valid SKU
J0003-SET-XS,J0003,13,Kurta Set,XS,Mustard,False,In Stock,False,Valid SKU
J0003-SET-XXL,J0003,3,Kurta Set,XXL,Mustard,False,Low Stock,False,Valid SKU
J0003-SET-XXXL,J0003,9,Kurta Set,XXXL,Mustard,False,In Stock,False,Valid SKU
J0004-SKD-L,J0004,57,Kurta Set,L,Grey,False,In Stock,False,Valid SKU
J0004-SKD-M,J0004,61,Kurta Set,M,Grey,False,In Stock,False,Valid SKU
J0004-SKD-S,J0004,58,Kurta Set,S,Grey,False,In Stock,False,Valid SKU
J0004-SKD-XL,J0004,18,Kurta Set,XL,Grey,False,In Stock,False,Valid SKU
J0004-SKD-XS,J0004,53,Kurta Set,XS,Grey,False,In Stock,False,Valid SKU
J0004-SKD-XXL,J0004,11,Kurta Set,XXL,Grey,False,In Stock,False,Valid SKU
J0004-SKD-XXXL,J0004,33,Kurta Set,XXXL,Grey,False,In Stock,False,Valid SKU
J0005-DR-L,J0005,20,Dress,L,Light Green,False,In Stock,False,Valid SKU
J0005-DR-M,J0005,49,Dress,M,Light Green,False,In Stock,False,Valid SKU
J0005-DR-S,J0005,29,Dress,S,Light Green,False,In Stock,False,Valid SKU
J0005-DR-XL,J0005,31,Dress,XL,Light Green,False,In Stock,False,Valid SKU
J0005-DR-XS,J0005,45,Dress,XS,Light Green,False,In Stock,False,Valid SKU
J0005-DR-XXL,J0005,30,Dress,XXL,Light Green,False,In Stock,False,Valid SKU
J0005-DR-XXXL,J0005,73,Dress,XXXL,Light Green,False,In Stock,False,Valid SKU
J0006-SET-L,J0006,132,Dress,L,Mustard,False,In Stock,False,Valid SKU
J0006-SET-M,J0006,86,Dress,M,Mustard,False,In Stock,False,Valid SKU
J0006-SET-S,J0006,51,Dress,S,Mustard,False,In Stock,False,Valid SKU
J0006-SET-XL,J0006,23,Dress,XL,Mustard,False,In Stock,False,Valid SKU
J0006-SET-XS,J0006,149,Dress,XS,Mustard,False,In Stock,False,Valid SKU
J0006-SET-XXL,J0006,35,Dress,XXL,Mustard,False,In Stock,False,Valid SKU
J0006-SET-XXXL,J0006,33,Dress,XXXL,Mustard,False,In Stock,False,Valid SKU
J0007-SKD-L,J0007,11,Kurta Set,L,Red,False,In Stock,False,Valid SKU
J0007-SKD-M,J0007,6,Kurta Set,M,Red,False,In Stock,False,Valid SKU
J0007-SKD-S,J0007,31,Kurta Set,S,Red,False,In Stock,False,Valid SKU
J0007-SKD-XL,J0007,13,Kurta Set,XL,Red,False,In Stock,False,Valid SKU
J0007-SKD-XS,J0007,89,Kurta Set,XS,Red,False,In Stock,False,Valid SKU
J0007-SKD-XXL,J0007,19,Kurta Set,XXL,Red,False,In Stock,False,Valid SKU
J0007-SKD-XXXL,J0007,45,Kurta Set,XXXL,Red,False,In Stock,False,Valid SKU
J0008-SKD-L,J0008,89,Kurta Set,L,Mustard,False,In Stock,False,Valid SKU
J0008-SKD-M,J0008,29,Kurta Set,M,Mustard,False,In Stock,False,Valid SKU
J0008-SKD-S,J0008,171,Kurta Set,S,Mustard,False,In Stock,False,Valid SKU
J0008-SKD-XL,J0008,318,Kurta Set,XL,Mustard,False,In Stock,False,Valid SKU
J0008-SKD-XS,J0008,161,Kurta Set,XS,Mustard,False,In Stock,False,Valid SKU
J0008-SKD-XXL,J0008,28,Kurta Set,XXL,Mustard,False,In Stock,False,Valid SKU
J0008-SKD-XXXL,J0008,51,Kurta Set,XXXL,Mustard,False,In Stock,False,Valid SKU
J0009-SKD-L,J0009,30,Kurta Set,L,Pink,False,In Stock,False,Valid SKU
J0009-SKD-M,J0009,88,Kurta Set,M,Pink,False,In Stock,False,Valid SKU
J0009-SKD-S,J0009,44,Kurta Set,S,Pink,False,In Stock,False,Valid SKU
J0009-SKD-XL,J0009,34,Kurta Set,XL,Pink,False,In Stock,False,Valid SKU
J0009-SKD-XS,J0009,64,Kurta Set,XS,Pink,False,In Stock,False,Valid SKU
J0009-SKD-XXL,J0009,13,Kurta Set,XXL,Pink,False,In Stock,False,Valid SKU
J0009-SKD-XXXL,J0009,26,Kurta Set,XXXL,Pink,False,In Stock,False,Valid SKU
J0010-LCD-L,J0010,11,Lehenga Choli,L,Peach,False,In Stock,False,Valid SKU
J0010-LCD-M,J0010,3,Lehenga Choli,M,Peach,False,Low Stock,False,Valid SKU
J0010-LCD-S,J0010,14,Lehenga Choli,S,Peach,False,In Stock,False,Valid SKU
J0010-LCD-XL,J0010,10,Lehenga Choli,XL,Peach,False,In Stock,False,Valid SKU
J0010-LCD-XS,J0010,7,Lehenga Choli,XS,Peach,False,In Stock,False,Valid SKU
J0010-LCD-XXL,J0010,37,Lehenga Choli,XXL,Peach,False,In Stock,False,Valid SKU
J0010-LCD-XXXL,J0010,45,Lehenga Choli,XXXL,Peach,False,In Stock,False,Valid SKU
J0011-LCD-L,J0011,71,Lehenga Choli,L,Pink,False,In Stock,False,Valid SKU
J0011-LCD-M,J0011,13,Lehenga Choli,M,Pink,False,In Stock,False,Valid SKU
J0011-LCD-S,J0011,9,Lehenga Choli,S,Pink,False,In Stock,False,Valid SKU
J0011-LCD-XL,J0011,3,Lehenga Choli,XL,Pink,False,Low Stock,False,Valid SKU
J0011-LCD-XS,J0011,7,Lehenga Choli,XS,Pink,False,In Stock,False,Valid SKU
J0011-LCD-XXL,J0011,41,Lehenga Choli,XXL,Pink,False,In Stock,False,Valid SKU
J0011-LCD-XXXL,J0011,29,Lehenga Choli,XXXL,Pink,False,In Stock,False,Valid SKU
J0012-SKD-L,J0012,10,Kurta Set,L,Green,False,In Stock,False,Valid SKU
J0012-SKD-M,J0012,57,Kurta Set,M,Green,False,In Stock,False,Valid SKU
J0012-SKD-S,J0012,136,Kurta Set,S,Green,False,In Stock,False,Valid SKU
J0012-SKD-XL,J0012,25,Kurta Set,XL,Green,False,In Stock,False,Valid SKU
J0012-SKD-XS,J0012,93,Kurta Set,XS,Green,False,In Stock,False,Valid SKU
J0012-SKD-XXL,J0012,22,Kurta Set,XXL,Green,False,In Stock,False,Valid SKU
J0012-SKD-XXXL,J0012,69,Kurta Set,XXXL,Green,False,In Stock,False,Valid SKU
J0013-SKD-L,J0013,7,Kurta Set,L,Light Green,False,In Stock,False,Valid SKU
J0013-SKD-M,J0013,4,Kurta Set,M,Light Green,False,Low Stock,False,Valid SKU
J0013-SKD-S,J0013,8,Kurta Set,S,Light Green,False,In Stock,False,Valid SKU
J0013-SKD-XL,J0013,4,Kurta Set,XL,Light Green,False,Low Stock,False,Valid SKU
J0013-SKD-XS,J0013,17,Kurta Set,XS,Light Green,False,In Stock,False,Valid SKU
J0013-SKD-XXL,J0013,5,Kurta Set,XXL,Light Green,False,Low Stock,False,Valid SKU
J0013-SKD-XXXL,J0013,6,Kurta Set,XXXL,Light Green,False,In Stock,False,Valid SKU
J0014-LCD-L,J0014,28,Lehenga Choli,L,Mustard,False,In Stock,False,Valid SKU
J0014-LCD-M,J0014,4,Lehenga Choli,M,Mustard,False,Low Stock,False,Valid SKU
J0014-LCD-S,J0014,70,Lehenga Choli,S,Mustard,False,In Stock,False,Valid SKU
J0014-LCD-XL,J0014,27,Lehenga Choli,XL,Mustard,False,In Stock,False,Valid SKU
J0014-LCD-XS,J0014,17,Lehenga Choli,XS,Mustard,False,In Stock,False,Valid SKU
J0014-LCD-XXL,J0014,29,Lehenga Choli,XXL,Mustard,False,In Stock,False,Valid SKU
J0014-LCD-XXXL,J0014,72,Lehenga Choli,XXXL,Mustard,False,In Stock,False,Valid SKU
J0015-DR-L,J0015,0,Dress,L,Light Pink,False,Out of Stock,False,Valid SKU
J0015-DR-M,J0015,1,Dress,M,Light Pink,False,Low Stock,False,Valid SKU
J0015-DR-S,J0015,3,Dress,S,Light Pink,False,Low Stock,False,Valid SKU
J0015-DR-XL,J0015,2,Dress,XL,Light Pink,False,Low Stock,False,Valid SKU
J0015-DR-XS,J0015,4,Dress,XS,Light Pink,False,Low Stock,False,Valid SKU
J0015-DR-XXL,J0015,0,Dress,XXL,Light Pink,False,Out of Stock,False,Valid SKU
J0015-DR-XXXL,J0015,0,Dress,XXXL,Light Pink,False,Out of Stock,False,Valid SKU
J0016-DR-L,J0016,2,Dress,L,Mustard,False,Low Stock,False,Valid SKU
J0016-DR-M,J0016,2,Dress,M,Mustard,False,Low Stock,False,Valid SKU
J0016-DR-S,J0016,2,Dress,S,Mustard,False,Low Stock,False,Valid SKU
J0016-DR-XL,J0016,1,Dress,XL,Mustard,False,Low Stock,False,Valid SKU
J0016-DR-XS,J0016,2,Dress,XS,Mustard,False,Low Stock,False,Valid SKU
J0016-DR-XXL,J0016,2,Dress,XXL,Mustard,False,Low Stock,False,Valid SKU
J0016-DR-XXXL,J0016,1,Dress,XXXL,Mustard,False,Low Stock,False,Valid SKU
J0019-SET-L,J0019,0,Set,L,Red,False,Out of Stock,False,Valid SKU
J0019-SET-M,J0019,0,Set,M,Red,False,Out of Stock,False,Valid SKU
J0019-SET-S,J0019,4,Set,S,Red,False,Low Stock,False,Valid SKU
J0019-SET-XS,J0019,9,Set,XS,Red,False,In Stock,False,Valid SKU
J0019-SET-XXL,J0019,1,Set,XXL,Red,False,Low Stock,False,Valid SKU
J0019-SET-XXXL,J0019,1,Set,XXXL,Red,False,Low Stock,False,Valid SKU
J0020-SET-L,J0020,2,Set,L,Yellow,False,Low Stock,False,Valid SKU
J0020-SET-M,J0020,3,Set,M,Yellow,False,Low Stock,False,Valid SKU
J0020-SET-S,J0020,4,Set,S,Yellow,False,Low Stock,False,Valid SKU
J0020-SET-XL,J0020,3,Set,XL,Yellow,False,Low Stock,False,Valid SKU
J0020-SET-XS,J0020,11,Set,XS,Yellow,False,In Stock,False,Valid SKU
J0020-SET-XXL,J0020,3,Set,XXL,Yellow,False,Low Stock,False,Valid SKU
J0020-SET-XXXL,J0020,3,Set,XXXL,Yellow,False,Low Stock,False,Valid SKU
J0021-TP-L,J0021,0,Top,L,Red,False,Out of Stock,False,Valid SKU
J0021-TP-M,J0021,1,Top,M,Red,False,Low Stock,False,Valid SKU
J0021-TP-S,J0021,1,Top,S,Red,False,Low Stock,False,Valid SKU
J0021-TP-XL,J0021,0,Top,XL,Red,False,Out of Stock,False,Valid SKU
J0021-TP-XS,J0021,3,Top,XS,Red,False,Low Stock,False,Valid SKU
J0021-TP-XXL,J0021,1,Top,XXL,Red,False,Low Stock,False,Valid SKU
J0021-TP-XXXL,J0021,1,Top,XXXL,Red,False,Low Stock,False,Valid SKU
J0022-KR-L,J0022,2,Kurta,L,Lemon Yellow,False,Low Stock,False,Valid SKU
J0022-KR-S,J0022,1,Kurta,S,Lemon Yellow,False,Low Stock,False,Valid SKU
J0022-KR-XS,J0022,2,Kurta,XS,Lemon Yellow,False,Low Stock,False,Valid SKU
J0022-KR-XXXL,J0022,2,Kurta,XXXL,Lemon Yellow,False,Low Stock,False,Valid SKU
J0023-TP-L,J0023,4,Top,L,Turquoise Blue,False,Low Stock,False,Valid SKU
J0023-TP-M,J0023,2,Top,M,Turquoise Blue,False,Low Stock,False,Valid SKU
J0023-TP-S,J0023,6,Top,S,Turquoise Blue,False,In Stock,False,Valid SKU
J0023-TP-XL,J0023,3,Top,XL,Turquoise Blue,False,Low Stock,False,Valid SKU
J0023-TP-XS,J0023,4,Top,XS,Turquoise Blue,False,Low Stock,False,Valid SKU
J0023-TP-XXL,J0023,6,Top,XXL,Turquoise Blue,False,In Stock,False,Valid SKU
J0023-TP-XXXL,J0023,1,Top,XXXL,Turquoise Blue,False,Low Stock,False,Valid SKU
J0024-KR-L,J0024,135,Kurta,L,Sea Green,False,In Stock,False,Valid SKU
J0024-KR-M,J0024,94,Kurta,M,Sea Green,False,In Stock,False,Valid SKU
J0024-KR-S,J0024,176,Kurta,S,Sea Green,False,In Stock,False,Valid SKU
J0024-KR-XL,J0024,83,Kurta,XL,Sea Green,False,In Stock,False,Valid SKU
J0024-KR-XS,J0024,151,Kurta,XS,Sea Green,False,In Stock,False,Valid SKU
J0024-KR-XXL,J0024,92,Kurta,XXL,Sea Green,False,In Stock,False,Valid SKU
J0024-KR-XXXL,J0024,63,Kurta,XXXL,Sea Green,False,In Stock,False,Valid SKU
J0025-DR-L,J0025,1,Dress,L,Sea Green,False,Low Stock,False,Valid SKU
J0025-DR-M,J0025,0,Dress,M,Sea Green,False,Out of Stock,False,Valid SKU
J0025-DR-S,J0025,4,Dress,S,Sea Green,False,Low Stock,False,Valid SKU
J0025-DR-XL,J0025,0,Dress,XL,Sea Green,False,Out of Stock,False,Valid SKU
J0025-DR-XS,J0025,7,Dress,XS,Sea Green,False,In Stock,False,Valid SKU
J0025-DR-XXL,J0025,3,Dress,XXL,Sea Green,False,Low Stock,False,Valid SKU
J0025-DR-XXXL,J0025,4,Dress,XXXL,Sea Green,False,Low Stock,False,Valid SKU
J0026-KR-L,J0026,1,Kurta,L,Turquoise Green,False,Low Stock,False,Valid SKU
J0026-KR-M,J0026,1,Kurta,M,Turquoise Green,False,Low Stock,False,Valid SKU
J0026-KR-S,J0026,0,Kurta,S,Turquoise Green,False,Out of Stock,False,Valid SKU
J0026-KR-XL,J0026,0,Kurta,XL,Turquoise Green,False,Out of Stock,False,Valid SKU
J0026-KR-XS,J0026,3,Kurta,XS,Turquoise Green,False,Low Stock,False,Valid SKU
J0026-KR-XXL,J0026,1,Kurta,XXL,Turquoise Green,False,Low Stock,False,Valid SKU
J0026-KR-XXXL,J0026,0,Kurta,XXXL,Turquoise Green,False,Out of Stock,False,Valid SKU
J0027-SET-L,J0027,0,Set,L,Turquoise Green,False,Out of Stock,False,Valid SKU
J0027-SET-M,J0027,0,Set,M,Turquoise Green,False,Out of Stock,False,Valid SKU
J0027-SET-S,J0027,0,Set,S,Turquoise Green,False,Out of Stock,False,Valid SKU
J0027-SET-XL,J0027,1,Set,XL,Turquoise Green,False,Low Stock,False,Valid SKU
J0027-SET-XS,J0027,0,Set,XS,Turquoise Green,False,Out of Stock,False,Valid SKU
J0027-SET-XXL,J0027,0,Set,XXL,Turquoise Green,False,Out of Stock,False,Valid SKU
J0027-SET-XXXL,J0027,0,Set,XXXL,Turquoise Green,False,Out of Stock,False,Valid SKU
J0028-KR-L,J0028,2,Kurta,L,Red,False,Low Stock,False,Valid SKU
J0028-KR-M,J0028,0,Kurta,M,Red,False,Out of Stock,False,Valid SKU
J0028-KR-S,J0028,1,Kurta,S,Red,False,Low Stock,False,Valid SKU
J0028-KR-XL,J0028,1,Kurta,XL,Red,False,Low Stock,False,Valid SKU
J0028-KR-XS,J0028,4,Kurta,XS,Red,False,Low Stock,False,Valid SKU
J0028-KR-XXL,J0028,1,Kurta,XXL,Red,False,Low Stock,False,Valid SKU
J0028-KR-XXXL,J0028,1,Kurta,XXXL,Red,False,Low Stock,False,Valid SKU
J0029-KR-S,J0029,1,Kurta,S,Pink,False,Low Stock,False,Valid SKU
J0029-KR-XS,J0029,0,Kurta,XS,Pink,False,Out of Stock,False,Valid SKU
J0029-KR-XXL,J0029,0,Kurta,XXL,Pink,False,Out of Stock,False,Valid SKU
J0029-KR-XXXL,J0029,1,Kurta,XXXL,Pink,False,Low Stock,False,Valid SKU
J0030-TP-L,J0030,1,Top,L,Dark Green,False,Low Stock,False,Valid SKU
J0030-TP-M,J0030,1,Top,M,Dark Green,False,Low Stock,False,Valid SKU
J0030-TP-S,J0030,0,Top,S,Dark Green,False,Out of Stock,False,Valid SKU
J0030-TP-XS,J0030,0,Top,XS,Dark Green,False,Out of Stock,False,Valid SKU
J0030-TP-XXL,J0030,0,Top,XXL,Dark Green,False,Out of Stock,False,Valid SKU
J0030-TP-XXXL,J0030,1,Top,XXXL,Dark Green,False,Low Stock,False,Valid SKU
J0031-TP-XS,J0031,0,Top,XS,Turquoise Green,False,Out of Stock,False,Valid SKU
J0033-KR-L,J0033,0,Kurta,L,Lemon,False,Out of Stock,False,Valid SKU
J0033-KR-M,J0033,4,Kurta,M,Lemon,False,Low Stock,False,Valid SKU
J0033-KR-S,J0033,9,Kurta,S,Lemon,False,In Stock,False,Valid SKU
J0033-KR-XL,J0033,3,Kurta,XL,Lemon,False,Low Stock,False,Valid SKU
J0033-KR-XS,J0033,9,Kurta,XS,Lemon,False,In Stock,False,Valid SKU
J0033-KR-XXL,J0033,3,Kurta,XXL,Lemon,False,Low Stock,False,Valid SKU
J0033-KR-XXXL,J0033,4,Kurta,XXXL,Lemon,False,Low Stock,False,Valid SKU
J0034-SET-L,J0034,2,Kurta Set,L,Lemon,False,Low Stock,False,Valid SKU
J0034-SET-M,J0034,47,Kurta Set,M,Lemon,False,In Stock,False,Valid SKU
J0034-SET-S,J0034,34,Kurta Set,S,Lemon,False,In Stock,False,Valid SKU
J0034-SET-XL,J0034,3,Kurta Set,XL,Lemon,False,Low Stock,False,Valid SKU
J0034-SET-XS,J0034,56,Kurta Set,XS,Lemon,False,In Stock,False,Valid SKU
J0034-SET-XXL,J0034,4,Kurta Set,XXL,Lemon,False,Low Stock,False,Valid SKU
J0034-SET-XXXL,J0034,4,Kurta Set,XXXL,Lemon,False,Low Stock,False,Valid SKU
J0035-KR-M,J0035,2,Kurta,M,Lemon Yellow,False,Low Stock,False,Valid SKU
J0035-KR-S,J0035,5,Kurta,S,Lemon Yellow,False,Low Stock,False,Valid SKU
J0035-KR-XL,J0035,2,Kurta,XL,Lemon Yellow,False,Low Stock,False,Valid SKU
J0035-KR-XS,J0035,6,Kurta,XS,Lemon Yellow,False,In Stock,False,Valid SKU
J0035-KR-XXXL,J0035,2,Kurta,XXXL,Lemon Yellow,False,Low Stock,False,Valid SKU
J0036-TP-L,J0036,0,Top,L,Grey,False,Out of Stock,False,Valid SKU
J0036-TP-M,J0036,1,Top,M,Grey,False,Low Stock,False,Valid SKU
J0036-TP-S,J0036,2,Top,S,Grey,False,Low Stock,False,Valid SKU
J0036-TP-XL,J0036,1,Top,XL,Grey,False,Low Stock,False,Valid SKU
J0036-TP-XS,J0036,3,Top,XS,Grey,False,Low Stock,False,Valid SKU
J0036-TP-XXL,J0036,1,Top,XXL,Grey,False,Low Stock,False,Valid SKU
J0036-TP-XXXL,J0036,0,Top,XXXL,Grey,False,Out of Stock,False,Valid SKU
J0037-KR-L,J0037,5,Kurta,L,Sky Blue,False,Low Stock,False,Valid SKU
J0037-KR-M,J0037,5,Kurta,M,Sky Blue,False,Low Stock,False,Valid SKU
J0037-KR-S,J0037,9,Kurta,S,Sky Blue,False,In Stock,False,Valid SKU
J0037-KR-XL,J0037,2,Kurta,XL,Sky Blue,False,Low Stock,False,Valid SKU
J0037-KR-XS,J0037,27,Kurta,XS,Sky Blue,False,In Stock,False,Valid SKU
J0037-KR-XXL,J0037,7,Kurta,XXL,Sky Blue,False,In Stock,False,Valid SKU
J0037-KR-XXXL,J0037,5,Kurta,XXXL,Sky Blue,False,Low Stock,False,Valid SKU
J0038-DR-L,J0038,1,Dress,L,Peach,False,Low Stock,False,Valid SKU
J0038-DR-M,J0038,1,Dress,M,Peach,False,Low Stock,False,Valid SKU
J0038-DR-S,J0038,2,Dress,S,Peach,False,Low Stock,False,Valid SKU
J0038-DR-XL,J0038,1,Dress,XL,Peach,False,Low Stock,False,Valid SKU
J0038-DR-XS,J0038,7,Dress,XS,Peach,False,In Stock,False,Valid SKU
J0038-DR-XXL,J0038,1,Dress,XXL,Peach,False,Low Stock,False,Valid SKU
J0038-DR-XXXL,J0038,2,Dress,XXXL,Peach,False,Low Stock,False,Valid SKU
J0039-SET-L,J0039,2,Set,L,Yellow,False,Low Stock,False,Valid SKU
J0039-SET-M,J0039,1,Set,M,Yellow,False,Low Stock,False,Valid SKU
J0039-SET-S,J0039,0,Set,S,Yellow,False,Out of Stock,False,Valid SKU
J0039-SET-XL,J0039,3,Set,XL,Yellow,False,Low Stock,False,Valid SKU
J0039-SET-XS,J0039,4,Set,XS,Yellow,False,Low Stock,False,Valid SKU
J0039-SET-XXL,J0039,0,Set,XXL,Yellow,False,Out of Stock,False,Valid SKU
J0039-SET-XXXL,J0039,0,Set,XXXL,Yellow,False,Out of Stock,False,Valid SKU
J0040-SET-L,J0040,1,Set,L,Light Green,False,Low Stock,False,Valid SKU
J0040-SET-M,J0040,1,Set,M,Light Green,False,Low Stock,False,Valid SKU
J0040-SET-S,J0040,0,Set,S,Light Green,False,Out of Stock,False,Valid SKU
J0040-SET-XL,J0040,2,Set,XL,Light Green,False,Low Stock,False,Valid SKU
J0040-SET-XS,J0040,4,Set,XS,Light Green,False,Low Stock,False,Valid SKU
J0040-SET-XXL,J0040,0,Set,XXL,Light Green,False,Out of Stock,False,Valid SKU
J0040-SET-XXXL,J0040,3,Set,XXXL,Light Green,False,Low Stock,False,Valid SKU
J0041-SET-L,J0041,5,Kurta Set,L,Light Green,False,Low Stock,False,Valid SKU
J0041-SET-M,J0041,2,Kurta Set,M,Light Green,False,Low Stock,False,Valid SKU
J0041-SET-S,J0041,3,Kurta Set,S,Light Green,False,Low Stock,False,Valid SKU
J0041-SET-XL,J0041,7,Kurta Set,XL,Light Green,False,In Stock,False,Valid SKU
J0041-SET-XS,J0041,3,Kurta Set,XS,Light Green,False,Low Stock,False,Valid SKU
J0041-SET-XXL,J0041,3,Kurta Set,XXL,Light Green,False,Low Stock,False,Valid SKU
J0041-SET-XXXL,J0041,3,Kurta Set,XXXL,Light Green,False,Low Stock,False,Valid SKU
J0042-DR-L,J0042,2,Dress,L,Turquoise Blue,False,Low Stock,False,Valid SKU
J0042-DR-M,J0042,0,Dress,M,Turquoise Blue,False,Out of Stock,False,Valid SKU
J0042-DR-S,J0042,2,Dress,S,Turquoise Blue,False,Low Stock,False,Valid SKU
J0042-DR-XL,J0042,1,Dress,XL,Turquoise Blue,False,Low Stock,False,Valid SKU
J0042-DR-XS,J0042,4,Dress,XS,Turquoise Blue,False,Low Stock,False,Valid SKU
J0042-DR-XXL,J0042,1,Dress,XXL,Turquoise Blue,False,Low Stock,False,Valid SKU
J0042-DR-XXXL,J0042,2,Dress,XXXL,Turquoise Blue,False,Low Stock,False,Valid SKU
J0043-SET-L,J0043,1,Kurta Set,L,Peach,False,Low Stock,False,Valid SKU
J0043-SET-M,J0043,0,Kurta Set,M,Peach,False,Out of Stock,False,Valid SKU
J0043-SET-S,J0043,2,Kurta Set,S,Peach,False,Low Stock,False,Valid SKU
J0043-SET-XL,J0043,2,Kurta Set,XL,Peach,False,Low Stock,False,Valid SKU
J0043-SET-XS,J0043,4,Kurta Set,XS,Peach,False,Low Stock,False,Valid SKU
J0043-SET-XXL,J0043,0,Kurta Set,XXL,Peach,False,Out of Stock,False,Valid SKU
J0043-SET-XXXL,J0043,0,Kurta Set,XXXL,Peach,False,Out of Stock,False,Valid SKU
J0044-TP-L,J0044,1,Top,L,Sky Blue,False,Low Stock,False,Valid SKU
J0044-TP-M,J0044,0,Top,M,Sky Blue,False,Out of Stock,False,Valid SKU
J0044-TP-S,J0044,3,Top,S,Sky Blue,False,Low Stock,False,Valid SKU
J0044-TP-XL,J0044,0,Top,XL,Sky Blue,False,Out of Stock,False,Valid SKU
J0044-TP-XS,J0044,2,Top,XS,Sky Blue,False,Low Stock,False,Valid SKU
J0044-TP-XXL,J0044,0,Top,XXL,Sky Blue,False,Out of Stock,False,Valid SKU
J0044-TP-XXXL,J0044,0,Top,XXXL,Sky Blue,False,Out of Stock,False,Valid SKU
J0046-TP-L,J0046,2,Top,L,Grey,False,Low Stock,False,Valid SKU
J0046-TP-M,J0046,1,Top,M,Grey,False,Low Stock,False,Valid SKU
J0046-TP-S,J0046,1,Top,S,Grey,False,Low Stock,False,Valid SKU
J0046-TP-XL,J0046,0,Top,XL,Grey,False,Out of Stock,False,Valid SKU
J0046-TP-XS,J0046,2,Top,XS,Grey,False,Low Stock,False,Valid SKU
J0046-TP-XXL,J0046,1,Top,XXL,Grey,False,Low Stock,False,Valid SKU
J0046-TP-XXXL,J0046,1,Top,XXXL,Grey,False,Low Stock,False,Valid SKU
J0047-TP-L,J0047,1,Top,L,Pink,False,Low Stock,False,Valid SKU
J0047-TP-M,J0047,2,Top,M,Pink,False,Low Stock,False,Valid SKU
J0047-TP-S,J0047,1,Top,S,Pink,False,Low Stock,False,Valid SKU
J0047-TP-XL,J0047,2,Top,XL,Pink,False,Low Stock,False,Valid SKU
J0047-TP-XS,J0047,4,Top,XS,Pink,False,Low Stock,False,Valid SKU
J0047-TP-XXL,J0047,3,Top,XXL,Pink,False,Low Stock,False,Valid SKU
J0047-TP-XXXL,J0047,2,Top,XXXL,Pink,False,Low Stock,False,Valid SKU
J0048-TP-L,J0048,2,Top,L,Lime Green,False,Low Stock,False,Valid SKU
J0048-TP-M,J0048,3,Top,M,Lime Green,False,Low Stock,False,Valid SKU
J0048-TP-S,J0048,6,Top,S,Lime Green,False,In Stock,False,Valid SKU
J0048-TP-XL,J0048,1,Top,XL,Lime Green,False,Low Stock,False,Valid SKU
J0048-TP-XS,J0048,5,Top,XS,Lime Green,False,Low Stock,False,Valid SKU
J0048-TP-XXL,J0048,3,Top,XXL,Lime Green,False,Low Stock,False,Valid SKU
J0048-TP-XXXL,J0048,1,Top,XXXL,Lime Green,False,Low Stock,False,Valid SKU
J0049-TP-L,J0049,2,Top,L,Beige,False,Low Stock,False,Valid SKU
J0049-TP-M,J0049,4,Top,M,Beige,False,Low Stock,False,Valid SKU
J0049-TP-S,J0049,4,Top,S,Beige,False,Low Stock,False,Valid SKU
J0049-TP-XL,J0049,4,Top,XL,Beige,False,Low Stock,False,Valid SKU
J0049-TP-XS,J0049,8,Top,XS,Beige,False,In Stock,False,Valid SKU
J0049-TP-XXL,J0049,2,Top,XXL,Beige,False,Low Stock,False,Valid SKU
J0049-TP-XXXL,J0049,2,Top,XXXL,Beige,False,Low Stock,False,Valid SKU
,J0055,0,Unknown,S,Unknown,True,Out of Stock,False,Missing / Invalid SKU
,J0055,0,Unknown,XL,Unknown,True,Out of Stock,False,Missing / Invalid SKU
,J0055,0,Unknown,XS,Unknown,True,Out of Stock,False,Missing / Invalid SKU
,J0055,0,Unknown,XXL,Unknown,True,Out of Stock,False,Missing / Invalid SKU
J0057-DR-L,J0057,2,Dress,L,Green,False,Low Stock,False,Valid SKU
J0057-DR-M,J0057,2,Dress,M,Green,False,Low Stock,False,Valid SKU
J0057-DR-S,J0057,4,Dress,S,Green,False,Low Stock,False,Valid SKU
J0057-DR-XL,J0057,2,Dress,XL,Green,False,Low Stock,False,Valid SKU
J0057-DR-XS,J0057,18,Dress,XS,Green,False,In Stock,False,Valid SKU
J0057-DR-XXL,J0057,2,Dress,XXL,Green,False,Low Stock,False,Valid SKU
J0057-DR-XXXL,J0057,2,Dress,XXXL,Green,False,Low Stock,False,Valid SKU
J0058-DR-L,J0058,2,Dress,L,Blue,False,Low Stock,False,Valid SKU
J0058-DR-M,J0058,2,Dress,M,Blue,False,Low Stock,False,Valid SKU
J0058-DR-S,J0058,3,Dress,S,Blue,False,Low Stock,False,Valid SKU
J0058-DR-XL,J0058,1,Dress,XL,Blue,False,Low Stock,False,Valid SKU
J0058-DR-XS,J0058,0,Dress,XS,Blue,False,Out of Stock,False,Valid SKU
J0058-DR-XXL,J0058,1,Dress,XXL,Blue,False,Low Stock,False,Valid SKU
J0061-SET-M,J0061,0,Set,M,Mustard,False,Out of Stock,False,Valid SKU
J0061-SET-S,J0061,1,Set,S,Mustard,False,Low Stock,False,Valid SKU
J0061-SET-XL,J0061,2,Set,XL,Mustard,False,Low Stock,False,Valid SKU
J0061-SET-XS,J0061,2,Set,XS,Mustard,False,Low Stock,False,Valid SKU
J0061-SET-XXL,J0061,1,Set,XXL,Mustard,False,Low Stock,False,Valid SKU
J0061-SET-XXXL,J0061,4,Set,XXXL,Mustard,False,Low Stock,False,Valid SKU
J0062-DR-L,J0062,2,Dress,L,Multicolor,False,Low Stock,False,Valid SKU
J0062-DR-M,J0062,4,Dress,M,Multicolor,False,Low Stock,False,Valid SKU
J0062-DR-S,J0062,1,Dress,S,Multicolor,False,Low Stock,False,Valid SKU
J0062-DR-XL,J0062,2,Dress,XL,Multicolor,False,Low Stock,False,Valid SKU
J0062-DR-XS,J0062,6,Dress,XS,Multicolor,False,In Stock,False,Valid SKU
J0062-DR-XXL,J0062,4,Dress,XXL,Multicolor,False,Low Stock,False,Valid SKU
J0062-DR-XXXL,J0062,3,Dress,XXXL,Multicolor,False,Low Stock,False,Valid SKU
J0070-KR-L,J0070,1,Kurta,L,Light Green,False,Low Stock,False,Valid SKU
J0070-KR-M,J0070,1,Kurta,M,Light Green,False,Low Stock,False,Valid SKU
J0070-KR-S,J0070,0,Kurta,S,Light Green,False,Out of Stock,False,Valid SKU
J0070-KR-XL,J0070,0,Kurta,XL,Light Green,False,Out of Stock,False,Valid SKU
J0070-KR-XS,J0070,2,Kurta,XS,Light Green,False,Low Stock,False,Valid SKU
J0070-KR-XXL,J0070,1,Kurta,XXL,Light Green,False,Low Stock,False,Valid SKU
J0070-KR-XXXL,J0070,0,Kurta,XXXL,Light Green,False,Out of Stock,False,Valid SKU
,J0071,0,Unknown,S,Unknown,True,Out of Stock,False,Missing / Invalid SKU
,J0071,0,Unknown,XS,Unknown,True,Out of Stock,False,Missing / Invalid SKU
,J0071,0,Unknown,XXXL,Unknown,True,Out of Stock,False,Missing / Invalid SKU
J0072-KR-S,J0072,1,Kurta,S,Mustard,False,Low Stock,False,Valid SKU
J0072-KR-XL,J0072,1,Kurta,XL,Mustard,False,Low Stock,False,Valid SKU
J0072-KR-XS,J0072,0,Kurta,XS,Mustard,False,Out of Stock,False,Valid SKU
J0072-KR-XXL,J0072,1,Kurta,XXL,Mustard,False,Low Stock,False,Valid SKU
J0072-KR-XXXL,J0072,2,Kurta,XXXL,Mustard,False,Low Stock,False,Valid SKU
J0073-KR-L,J0073,3,Kurta,L,Light Blue,False,Low Stock,False,Valid SKU
J0073-KR-M,J0073,1,Kurta,M,Light Blue,False,Low Stock,False,Valid SKU
J0073-KR-S,J0073,2,Kurta,S,Light Blue,False,Low Stock,False,Valid SKU
J0073-KR-XL,J0073,0,Kurta,XL,Light Blue,False,Out of Stock,False,Valid SKU
J0073-KR-XS,J0073,3,Kurta,XS,Light Blue,False,Low Stock,False,Valid SKU
J0073-KR-XXL,J0073,2,Kurta,XXL,Light Blue,False,Low Stock,False,Valid SKU
J0073-KR-XXXL,J0073,4,Kurta,XXXL,Light Blue,False,Low Stock,False,Valid SKU
J0074-TP-L,J0074,1,Top,L,Dark Blue,False,Low Stock,False,Valid SKU
J0074-TP-M,J0074,0,Top,M,Dark Blue,False,Out of Stock,False,Valid SKU
J0074-TP-S,J0074,0,Top,S,Dark Blue,False,Out of Stock,False,Valid SKU
J0074-TP-XL,J0074,0,Top,XL,Dark Blue,False,Out of Stock,False,Valid SKU
J0074-TP-XXL,J0074,0,Top,XXL,Dark Blue,False,Out of Stock,False,Valid SKU
J0074-TP-XXXL,J0074,1,Top,XXXL,Dark Blue,False,Low Stock,False,Valid SKU
J0075-KR-L,J0075,1,Kurta,L,Pink,False,Low Stock,False,Valid SKU
J0075-KR-M,J0075,1,Kurta,M,Pink,False,Low Stock,False,Valid SKU
J0075-KR-S,J0075,1,Kurta,S,Pink,False,Low Stock,False,Valid SKU
J0075-KR-XL,J0075,1,Kurta,XL,Pink,False,Low Stock,False,Valid SKU
J0075-KR-XS,J0075,0,Kurta,XS,Pink,False,Out of Stock,False,Valid SKU
J0075-KR-XXL,J0075,0,Kurta,XXL,Pink,False,Out of Stock,False,Valid SKU
J0075-KR-XXXL,J0075,1,Kurta,XXXL,Pink,False,Low Stock,False,Valid SKU
J0076-SET-L,J0076,1,Set,L,Light Green,False,Low Stock,False,Valid SKU
J0076-SET-M,J0076,3,Set,M,Light Green,False,Low Stock,False,Valid SKU
J0076-SET-S,J0076,1,Set,S,Light Green,False,Low Stock,False,Valid SKU
J0076-SET-XL,J0076,0,Set,XL,Light Green,False,Out of Stock,False,Valid SKU
J0076-SET-XS,J0076,1,Set,XS,Light Green,False,Low Stock,False,Valid SKU
J0077-SKD-L,J0077,3,Kurta Set,L,Blue,False,Low Stock,False,Valid SKU
J0077-SKD-M,J0077,2,Kurta Set,M,Blue,False,Low Stock,False,Valid SKU
J0077-SKD-S,J0077,7,Kurta Set,S,Blue,False,In Stock,False,Valid SKU
J0077-SKD-XL,J0077,2,Kurta Set,XL,Blue,False,Low Stock,False,Valid SKU
J0077-SKD-XS,J0077,8,Kurta Set,XS,Blue,False,In Stock,False,Valid SKU
J0077-SKD-XXL,J0077,2,Kurta Set,XXL,Blue,False,Low Stock,False,Valid SKU
J0077-SKD-XXXL,J0077,2,Kurta Set,XXXL,Blue,False,Low Stock,False,Valid SKU
J0078-SET-L,J0078,0,Kurta Set,L,Pink,False,Out of Stock,False,Valid SKU
J0078-SET-M,J0078,3,Kurta Set,M,Pink,False,Low Stock,False,Valid SKU
J0078-SET-S,J0078,21,Kurta Set,S,Pink,False,In Stock,False,Valid SKU
J0078-SET-XL,J0078,5,Kurta Set,XL,Pink,False,Low Stock,False,Valid SKU
J0078-SET-XS,J0078,17,Kurta Set,XS,Pink,False,In Stock,False,Valid SKU
J0078-SET-XXL,J0078,30,Kurta Set,XXL,Pink,False,In Stock,False,Valid SKU
J0078-SET-XXXL,J0078,6,Kurta Set,XXXL,Pink,False,In Stock,False,Valid SKU
J0079-SKD-L,J0079,21,Kurta Set,L,Pink,False,In Stock,False,Valid SKU
J0079-SKD-M,J0079,36,Kurta Set,M,Pink,False,In Stock,False,Valid SKU
J0079-SKD-S,J0079,49,Kurta Set,S,Pink,False,In Stock,False,Valid SKU
J0079-SKD-XL,J0079,45,Kurta Set,XL,Pink,False,In Stock,False,Valid SKU
J0079-SKD-XS,J0079,51,Kurta Set,XS,Pink,False,In Stock,False,Valid SKU
J0079-SKD-XXL,J0079,53,Kurta Set,XXL,Pink,False,In Stock,False,Valid SKU
J0079-SKD-XXXL,J0079,37,Kurta Set,XXXL,Pink,False,In Stock,False,Valid SKU
J0080-TP-L,J0080,0,Top,L,White,False,Out of Stock,False,Valid SKU
J0080-TP-M,J0080,0,Top,M,White,False,Out of Stock,False,Valid SKU
J0080-TP-S,J0080,2,Top,S,White,False,Low Stock,False,Valid SKU
J0080-TP-XL,J0080,0,Top,XL,White,False,Out of Stock,False,Valid SKU
J0080-TP-XS,J0080,2,Top,XS,White,False,Low Stock,False,Valid SKU
J0080-TP-XXL,J0080,0,Top,XXL,White,False,Out of Stock,False,Valid SKU
J0080-TP-XXXL,J0080,0,Top,XXXL,White,False,Out of Stock,False,Valid SKU
J0081-DR-L,J0081,10,Dress,L,Black,False,In Stock,False,Valid SKU
J0081-DR-M,J0081,8,Dress,M,Black,False,In Stock,False,Valid SKU
J0081-DR-S,J0081,14,Dress,S,Black,False,In Stock,False,Valid SKU
J0081-DR-XL,J0081,4,Dress,XL,Black,False,Low Stock,False,Valid SKU
J0081-DR-XS,J0081,24,Dress,XS,Black,False,In Stock,False,Valid SKU
J0081-DR-XXL,J0081,3,Dress,XXL,Black,False,Low Stock,False,Valid SKU
J0081-DR-XXXL,J0081,4,Dress,XXXL,Black,False,Low Stock,False,Valid SKU
J0082-TP-L,J0082,3,Crop Top,L,Black,False,Low Stock,False,Valid SKU
J0082-TP-M,J0082,2,Crop Top,M,Black,False,Low Stock,False,Valid SKU
J0082-TP-S,J0082,8,Crop Top,S,Black,False,In Stock,False,Valid SKU
J0082-TP-XL,J0082,2,Crop Top,XL,Black,False,Low Stock,False,Valid SKU
J0082-TP-XS,J0082,4,Crop Top,XS,Black,False,Low Stock,False,Valid SKU
J0082-TP-XXL,J0082,5,Crop Top,XXL,Black,False,Low Stock,False,Valid SKU
J0082-TP-XXXL,J0082,2,Crop Top,XXXL,Black,False,Low Stock,False,Valid SKU
J0083-KR-L,J0083,18,Kurta,L,Mustard,False,In Stock,False,Valid SKU
J0083-KR-M,J0083,50,Kurta,M,Mustard,False,In Stock,False,Valid SKU
J0083-KR-S,J0083,59,Kurta,S,Mustard,False,In Stock,False,Valid SKU
J0083-KR-XL,J0083,30,Kurta,XL,Mustard,False,In Stock,False,Valid SKU
J0083-KR-XS,J0083,88,Kurta,XS,Mustard,False,In Stock,False,Valid SKU
J0083-KR-XXL,J0083,41,Kurta,XXL,Mustard,False,In Stock,False,Valid SKU
J0083-KR-XXXL,J0083,61,Kurta,XXXL,Mustard,False,In Stock,False,Valid SKU
J0084-TP-L,J0084,1,Top,L,Blue,False,Low Stock,False,Valid SKU
J0084-TP-S,J0084,0,Top,S,Blue,False,Out of Stock,False,Valid SKU
J0084-TP-XL,J0084,0,Top,XL,Blue,False,Out of Stock,False,Valid SKU
J0084-TP-XS,J0084,2,Top,XS,Blue,False,Low Stock,False,Valid SKU
J0084-TP-XXL,J0084,0,Top,XXL,Blue,False,Out of Stock,False,Valid SKU
J0084-TP-XXXL,J0084,0,Top,XXXL,Blue,False,Out of Stock,False,Valid SKU
J0085-TP-L,J0085,3,Crop Top,L,Blue,False,Low Stock,False,Valid SKU
J0085-TP-M,J0085,6,Crop Top,M,Blue,False,In Stock,False,Valid SKU
J0085-TP-S,J0085,8,Crop Top,S,Blue,False,In Stock,False,Valid SKU
J0085-TP-XL,J0085,5,Crop Top,XL,Blue,False,Low Stock,False,Valid SKU
J0085-TP-XS,J0085,5,Crop Top,XS,Blue,False,Low Stock,False,Valid SKU
J0085-TP-XXL,J0085,11,Crop Top,XXL,Blue,False,In Stock,False,Valid SKU
J0085-TP-XXXL,J0085,4,Crop Top,XXXL,Blue,False,Low Stock,False,Valid SKU
J0086-DR-L,J0086,0,Dress,L,Light Green,False,Out of Stock,False,Valid SKU
J0086-DR-M,J0086,0,Dress,M,Light Green,False,Out of Stock,False,Valid SKU
J0086-DR-S,J0086,0,Dress,S,Light Green,False,Out of Stock,False,Valid SKU
J0086-DR-XL,J0086,1,Dress,XL,Light Green,False,Low Stock,False,Valid SKU
J0086-DR-XS,J0086,0,Dress,XS,Light Green,False,Out of Stock,False,Valid SKU
J0086-DR-XXL,J0086,1,Dress,XXL,Light Green,False,Low Stock,False,Valid SKU
J0086-DR-XXXL,J0086,1,Dress,XXXL,Light Green,False,Low Stock,False,Valid SKU
J0087-TP-L,J0087,21,Crop Top,L,Light Green,False,In Stock,False,Valid SKU
J0087-TP-M,J0087,14,Crop Top,M,Light Green,False,In Stock,False,Valid SKU
J0087-TP-S,J0087,28,Crop Top,S,Light Green,False,In Stock,False,Valid SKU
J0087-TP-XL,J0087,21,Crop Top,XL,Light Green,False,In Stock,False,Valid SKU
J0087-TP-XS,J0087,45,Crop Top,XS,Light Green,False,In Stock,False,Valid SKU
J0087-TP-XXL,J0087,21,Crop Top,XXL,Light Green,False,In Stock,False,Valid SKU
J0087-TP-XXXL,J0087,29,Crop Top,XXXL,Light Green,False,In Stock,False,Valid SKU
J0088-TP-L,J0088,8,Crop Top,L,Pink,False,In Stock,False,Valid SKU
J0088-TP-M,J0088,3,Crop Top,M,Pink,False,Low Stock,False,Valid SKU
J0088-TP-S,J0088,6,Crop Top,S,Pink,False,In Stock,False,Valid SKU
J0088-TP-XL,J0088,5,Crop Top,XL,Pink,False,Low Stock,False,Valid SKU
J0088-TP-XS,J0088,6,Crop Top,XS,Pink,False,In Stock,False,Valid SKU
J0088-TP-XXL,J0088,5,Crop Top,XXL,Pink,False,Low Stock,False,Valid SKU
J0088-TP-XXXL,J0088,2,Crop Top,XXXL,Pink,False,Low Stock,False,Valid SKU
J0089-TP-L,J0089,2,Crop Top,L,Pink,False,Low Stock,False,Valid SKU
J0089-TP-M,J0089,3,Crop Top,M,Pink,False,Low Stock,False,Valid SKU
J0089-TP-S,J0089,5,Crop Top,S,Pink,False,Low Stock,False,Valid SKU
J0089-TP-XL,J0089,4,Crop Top,XL,Pink,False,Low Stock,False,Valid SKU
J0089-TP-XS,J0089,5,Crop Top,XS,Pink,False,Low Stock,False,Valid SKU
J0089-TP-XXL,J0089,4,Crop Top,XXL,Pink,False,Low Stock,False,Valid SKU
J0089-TP-XXXL,J0089,6,Crop Top,XXXL,Pink,False,In Stock,False,Valid SKU
J0090-TP-L,J0090,7,Top,L,Red,False,In Stock,False,Valid SKU
J0090-TP-M,J0090,1,Top,M,Red,False,Low Stock,False,Valid SKU
J0090-TP-S,J0090,4,Top,S,Red,False,Low Stock,False,Valid SKU
J0090-TP-XL,J0090,11,Top,XL,Red,False,In Stock,False,Valid SKU
J0090-TP-XS,J0090,8,Top,XS,Red,False,In Stock,False,Valid SKU
J0090-TP-XXL,J0090,24,Top,XXL,Red,False,In Stock,False,Valid SKU
J0090-TP-XXXL,J0090,15,Top,XXXL,Red,False,In Stock,False,Valid SKU
J0091-TP-L,J0091,3,Crop Top,L,Red,False,Low Stock,False,Valid SKU
J0091-TP-M,J0091,2,Crop Top,M,Red,False,Low Stock,False,Valid SKU
J0091-TP-S,J0091,2,Crop Top,S,Red,False,Low Stock,False,Valid SKU
J0091-TP-XL,J0091,17,Crop Top,XL,Red,False,In Stock,False,Valid SKU
J0091-TP-XS,J0091,3,Crop Top,XS,Red,False,Low Stock,False,Valid SKU
J0091-TP-XXL,J0091,43,Crop Top,XXL,Red,False,In Stock,False,Valid SKU
J0091-TP-XXXL,J0091,24,Crop Top,XXXL,Red,False,In Stock,False,Valid SKU
J0092-SET-L,J0092,5,Kurta Set,L,Blue,False,Low Stock,False,Valid SKU
J0092-SET-M,J0092,1,Kurta Set,M,Blue,False,Low Stock,False,Valid SKU
J0092-SET-S,J0092,0,Kurta Set,S,Blue,False,Out of Stock,False,Valid SKU
J0092-SET-XL,J0092,2,Kurta Set,XL,Blue,False,Low Stock,False,Valid SKU
J0092-SET-XS,J0092,1,Kurta Set,XS,Blue,False,Low Stock,False,Valid SKU
J0092-SET-XXL,J0092,4,Kurta Set,XXL,Blue,False,Low Stock,False,Valid SKU
J0092-SET-XXXL,J0092,2,Kurta Set,XXXL,Blue,False,Low Stock,False,Valid SKU
J0093-DR-L,J0093,0,Dress,L,Blue,False,Out of Stock,False,Valid SKU
J0093-DR-M,J0093,0,Dress,M,Blue,False,Out of Stock,False,Valid SKU
J0093-DR-S,J0093,0,Dress,S,Blue,False,Out of Stock,False,Valid SKU
J0093-DR-XL,J0093,1,Dress,XL,Blue,False,Low Stock,False,Valid SKU
J0093-DR-XS,J0093,2,Dress,XS,Blue,False,Low Stock,False,Valid SKU
J0093-DR-XXL,J0093,0,Dress,XXL,Blue,False,Out of Stock,False,Valid SKU
J0093-DR-XXXL,J0093,1,Dress,XXXL,Blue,False,Low Stock,False,Valid SKU
J0094-KR-L,J0094,4,Kurta,L,Blue,False,Low Stock,False,Valid SKU
J0094-KR-M,J0094,6,Kurta,M,Blue,False,In Stock,False,Valid SKU
J0094-KR-S,J0094,12,Kurta,S,Blue,False,In Stock,False,Valid SKU
J0094-KR-XL,J0094,2,Kurta,XL,Blue,False,Low Stock,False,Valid SKU
J0094-KR-XS,J0094,11,Kurta,XS,Blue,False,In Stock,False,Valid SKU
J0094-KR-XXL,J0094,2,Kurta,XXL,Blue,False,Low Stock,False,Valid SKU
J0094-KR-XXXL,J0094,1,Kurta,XXXL,Blue,False,Low Stock,False,Valid SKU
J0095-SET-L,J0095,1,Kurta Set,L,Blue,False,Low Stock,False,Valid SKU
J0095-SET-M,J0095,9,Kurta Set,M,Blue,False,In Stock,False,Valid SKU
J0095-SET-S,J0095,20,Kurta Set,S,Blue,False,In Stock,False,Valid SKU
J0095-SET-XL,J0095,2,Kurta Set,XL,Blue,False,Low Stock,False,Valid SKU
J0095-SET-XS,J0095,55,Kurta Set,XS,Blue,False,In Stock,False,Valid SKU
J0095-SET-XXL,J0095,0,Kurta Set,XXL,Blue,False,Out of Stock,False,Valid SKU
J0095-SET-XXXL,J0095,1,Kurta Set,XXXL,Blue,False,Low Stock,False,Valid SKU
,J0096,1,Kurta,4XL,Blue,True,Low Stock,False,Missing / Invalid SKU
,J0096,0,Kurta,5XL,Blue,True,Out of Stock,False,Missing / Invalid SKU
,J0096,0,Kurta,6XL,Blue,True,Out of Stock,False,Missing / Invalid SKU
J0096-KR-L,J0096,106,Kurta,L,Blue,False,In Stock,False,Valid SKU
J0096-KR-M,J0096,75,Kurta,M,Blue,False,In Stock,False,Valid SKU
J0096-KR-S,J0096,145,Kurta,S,Blue,False,In Stock,False,Valid SKU
J0096-KR-XL,J0096,27,Kurta,XL,Blue,False,In Stock,False,Valid SKU
J0096-KR-XS,J0096,47,Kurta,XS,Blue,False,In Stock,False,Valid SKU
J0096-KR-XXL,J0096,90,Kurta,XXL,Blue,False,In Stock,False,Valid SKU
J0096-KR-XXXL,J0096,88,Kurta,XXXL,Blue,False,In Stock,False,Valid SKU
J0097-KR-L,J0097,7,Kurta,L,Indigo,False,In Stock,False,Valid SKU
J0097-KR-M,J0097,4,Kurta,M,Indigo,False,Low Stock,False,Valid SKU
J0097-KR-S,J0097,10,Kurta,S,Indigo,False,In Stock,False,Valid SKU
J0097-KR-XL,J0097,2,Kurta,XL,Indigo,False,Low Stock,False,Valid SKU
J0097-KR-XS,J0097,20,Kurta,XS,Indigo,False,In Stock,False,Valid SKU
J0097-KR-XXL,J0097,5,Kurta,XXL,Indigo,False,Low Stock,False,Valid SKU
J0097-KR-XXXL,J0097,4,Kurta,XXXL,Indigo,False,Low Stock,False,Valid SKU
J0098-TP-L,J0098,1,Top,L,Mustard,False,Low Stock,False,Valid SKU
J0098-TP-M,J0098,4,Top,M,Mustard,False,Low Stock,False,Valid SKU
J0098-TP-S,J0098,1,Top,S,Mustard,False,Low Stock,False,Valid SKU
J0098-TP-XL,J0098,1,Top,XL,Mustard,False,Low Stock,False,Valid SKU
J0098-TP-XS,J0098,7,Top,XS,Mustard,False,In Stock,False,Valid SKU
J0098-TP-XXL,J0098,5,Top,XXL,Mustard,False,Low Stock,False,Valid SKU
J0098-TP-XXXL,J0098,3,Top,XXXL,Mustard,False,Low Stock,False,Valid SKU
J0099-TP-M,J0099,1,Top,M,Pink,False,Low Stock,False,Valid SKU
J0099-TP-S,J0099,1,Top,S,Pink,False,Low Stock,False,Valid SKU
J0099-TP-XL,J0099,2,Top,XL,Pink,False,Low Stock,False,Valid SKU
J0099-TP-XS,J0099,1,Top,XS,Pink,False,Low Stock,False,Valid SKU
J0099-TP-XXL,J0099,0,Top,XXL,Pink,False,Out of Stock,False,Valid SKU
J0099-TP-XXXL,J0099,2,Top,XXXL,Pink,False,Low Stock,False,Valid SKU
J0100-DR-L,J0100,44,Dress,L,Green,False,In Stock,False,Valid SKU
J0100-DR-M,J0100,39,Dress,M,Green,False,In Stock,False,Valid SKU
J0100-DR-S,J0100,58,Dress,S,Green,False,In Stock,False,Valid SKU
J0100-DR-XL,J0100,46,Dress,XL,Green,False,In Stock,False,Valid SKU
J0100-DR-XS,J0100,50,Dress,XS,Green,False,In Stock,False,Valid SKU
J0100-DR-XXL,J0100,51,Dress,XXL,Green,False,In Stock,False,Valid SKU
J0100-DR-XXXL,J0100,42,Dress,XXXL,Green,False,In Stock,False,Valid SKU
J0101-DR-L,J0101,1,Dress,L,Light Green,False,Low Stock,False,Valid SKU
J0101-DR-M,J0101,3,Dress,M,Light Green,False,Low Stock,False,Valid SKU
J0101-DR-S,J0101,8,Dress,S,Light Green,False,In Stock,False,Valid SKU
J0101-DR-XL,J0101,3,Dress,XL,Light Green,False,Low Stock,False,Valid SKU
J0101-DR-XS,J0101,32,Dress,XS,Light Green,False,In Stock,False,Valid SKU
J0101-DR-XXL,J0101,9,Dress,XXL,Light Green,False,In Stock,False,Valid SKU
J0101-DR-XXXL,J0101,5,Dress,XXXL,Light Green,False,Low Stock,False,Valid SKU
J0102-SKD-L,J0102,35,Kurta Set,L,Purple,False,In Stock,False,Valid SKU
J0102-SKD-M,J0102,58,Kurta Set,M,Purple,False,In Stock,False,Valid SKU
J0102-SKD-S,J0102,39,Kurta Set,S,Purple,False,In Stock,False,Valid SKU
J0102-SKD-XL,J0102,40,Kurta Set,XL,Purple,False,In Stock,False,Valid SKU
J0102-SKD-XS,J0102,19,Kurta Set,XS,Purple,False,In Stock,False,Valid SKU
J0102-SKD-XXL,J0102,8,Kurta Set,XXL,Purple,False,In Stock,False,Valid SKU
J0102-SKD-XXXL,J0102,36,Kurta Set,XXXL,Purple,False,In Stock,False,Valid SKU
J0103-SKD-L,J0103,33,Kurta Set,L,Yellow,False,In Stock,False,Valid SKU
J0103-SKD-M,J0103,44,Kurta Set,M,Yellow,False,In Stock,False,Valid SKU
J0103-SKD-S,J0103,50,Kurta Set,S,Yellow,False,In Stock,False,Valid SKU
J0103-SKD-XL,J0103,43,Kurta Set,XL,Yellow,False,In Stock,False,Valid SKU
J0103-SKD-XS,J0103,61,Kurta Set,XS,Yellow,False,In Stock,False,Valid SKU
J0103-SKD-XXL,J0103,44,Kurta Set,XXL,Yellow,False,In Stock,False,Valid SKU
J0103-SKD-XXXL,J0103,27,Kurta Set,XXXL,Yellow,False,In Stock,False,Valid SKU
J0104-KR-L,J0104,1,Kurta,L,Indigo,False,Low Stock,False,Valid SKU
J0104-KR-M,J0104,0,Kurta,M,Indigo,False,Out of Stock,False,Valid SKU
J0104-KR-S,J0104,1,Kurta,S,Indigo,False,Low Stock,False,Valid SKU
J0104-KR-XL,J0104,1,Kurta,XL,Indigo,False,Low Stock,False,Valid SKU
J0104-KR-XS,J0104,3,Kurta,XS,Indigo,False,Low Stock,False,Valid SKU
J0104-KR-XXL,J0104,3,Kurta,XXL,Indigo,False,Low Stock,False,Valid SKU
J0104-KR-XXXL,J0104,1,Kurta,XXXL,Indigo,False,Low Stock,False,Valid SKU
J0105-KR-L,J0105,3,Dress,L,Off White,False,Low Stock,False,Valid SKU
J0105-KR-M,J0105,3,Dress,M,Off White,False,Low Stock,False,Valid SKU
J0105-KR-S,J0105,7,Dress,S,Off White,False,In Stock,False,Valid SKU
J0105-KR-XL,J0105,4,Dress,XL,Off White,False,Low Stock,False,Valid SKU
J0105-KR-XS,J0105,6,Dress,XS,Off White,False,In Stock,False,Valid SKU
J0105-KR-XXL,J0105,5,Dress,XXL,Off White,False,Low Stock,False,Valid SKU
J0105-KR-XXXL,J0105,4,Dress,XXXL,Off White,False,Low Stock,False,Valid SKU
J0106-KR-L,J0106,4,Dress,L,Off White,False,Low Stock,False,Valid SKU
J0106-KR-M,J0106,4,Dress,M,Off White,False,Low Stock,False,Valid SKU
J0106-KR-S,J0106,2,Dress,S,Off White,False,Low Stock,False,Valid SKU
J0106-KR-XL,J0106,1,Dress,XL,Off White,False,Low Stock,False,Valid SKU
J0106-KR-XS,J0106,15,Dress,XS,Off White,False,In Stock,False,Valid SKU
J0106-KR-XXL,J0106,7,Dress,XXL,Off White,False,In Stock,False,Valid SKU
J0106-KR-XXXL,J0106,3,Dress,XXXL,Off White,False,Low Stock,False,Valid SKU
J0108-SKD-L,J0108,4,Kurta Set,L,Light Green,False,Low Stock,False,Valid SKU
J0108-SKD-M,J0108,4,Kurta Set,M,Light Green,False,Low Stock,False,Valid SKU
J0108-SKD-S,J0108,2,Kurta Set,S,Light Green,False,Low Stock,False,Valid SKU
J0108-SKD-XL,J0108,2,Kurta Set,XL,Light Green,False,Low Stock,False,Valid SKU
J0108-SKD-XS,J0108,4,Kurta Set,XS,Light Green,False,Low Stock,False,Valid SKU
J0108-SKD-XXL,J0108,3,Kurta Set,XXL,Light Green,False,Low Stock,False,Valid SKU
J0108-SKD-XXXL,J0108,4,Kurta Set,XXXL,Light Green,False,Low Stock,False,Valid SKU
J0109-SKD-L,J0109,5,Kurta Set,L,Black,False,Low Stock,False,Valid SKU
J0109-SKD-M,J0109,6,Kurta Set,M,Black,False,In Stock,False,Valid SKU
J0109-SKD-S,J0109,26,Kurta Set,S,Black,False,In Stock,False,Valid SKU
J0109-SKD-XL,J0109,2,Kurta Set,XL,Black,False,Low Stock,False,Valid SKU
J0109-SKD-XS,J0109,125,Kurta Set,XS,Black,False,In Stock,False,Valid SKU
J0109-SKD-XXL,J0109,6,Kurta Set,XXL,Black,False,In Stock,False,Valid SKU
J0109-SKD-XXXL,J0109,6,Kurta Set,XXXL,Black,False,In Stock,False,Valid SKU
J0110-SKD-L,J0110,1,Kurta Set,L,Black,False,Low Stock,False,Valid SKU
J0110-SKD-M,J0110,2,Kurta Set,M,Black,False,Low Stock,False,Valid SKU
J0110-SKD-S,J0110,22,Kurta Set,S,Black,False,In Stock,False,Valid SKU
J0110-SKD-XL,J0110,2,Kurta Set,XL,Black,False,Low Stock,False,Valid SKU
J0110-SKD-XS,J0110,63,Kurta Set,XS,Black,False,In Stock,False,Valid SKU
J0110-SKD-XXL,J0110,2,Kurta Set,XXL,Black,False,Low Stock,False,Valid SKU
J0110-SKD-XXXL,J0110,1,Kurta Set,XXXL,Black,False,Low Stock,False,Valid SKU
J0111-TP-L,J0111,1,Top,L,Green,False,Low Stock,False,Valid SKU
J0111-TP-M,J0111,3,Top,M,Green,False,Low Stock,False,Valid SKU
J0111-TP-S,J0111,4,Top,S,Green,False,Low Stock,False,Valid SKU
J0111-TP-XL,J0111,7,Top,XL,Green,False,In Stock,False,Valid SKU
J0111-TP-XS,J0111,2,Top,XS,Green,False,Low Stock,False,Valid SKU
J0111-TP-XXL,J0111,5,Top,XXL,Green,False,Low Stock,False,Valid SKU
J0111-TP-XXXL,J0111,4,Top,XXXL,Green,False,Low Stock,False,Valid SKU
J0112-TP-L,J0112,4,Top,L,Green,False,Low Stock,False,Valid SKU
J0112-TP-M,J0112,4,Top,M,Green,False,Low Stock,False,Valid SKU
J0112-TP-S,J0112,3,Top,S,Green,False,Low Stock,False,Valid SKU
J0112-TP-XL,J0112,1,Top,XL,Green,False,Low Stock,False,Valid SKU
J0112-TP-XS,J0112,5,Top,XS,Green,False,Low Stock,False,Valid SKU
J0112-TP-XXL,J0112,1,Top,XXL,Green,False,Low Stock,False,Valid SKU
J0112-TP-XXXL,J0112,5,Top,XXXL,Green,False,Low Stock,False,Valid SKU
J0113-TP-L,J0113,109,Top,L,Blue,False,In Stock,False,Valid SKU
J0113-TP-M,J0113,79,Top,M,Blue,False,In Stock,False,Valid SKU
J0113-TP-S,J0113,82,Top,S,Blue,False,In Stock,False,Valid SKU
J0113-TP-XL,J0113,68,Top,XL,Blue,False,In Stock,False,Valid SKU
J0113-TP-XS,J0113,54,Top,XS,Blue,False,In Stock,False,Valid SKU
J0113-TP-XXL,J0113,29,Top,XXL,Blue,False,In Stock,False,Valid SKU
J0113-TP-XXXL,J0113,22,Top,XXXL,Blue,False,In Stock,False,Valid SKU
J0114-TP-L,J0114,1,Top,L,Pink,False,Low Stock,False,Valid SKU
J0114-TP-M,J0114,2,Top,M,Pink,False,Low Stock,False,Valid SKU
J0114-TP-S,J0114,23,Top,S,Pink,False,In Stock,False,Valid SKU
J0114-TP-XL,J0114,2,Top,XL,Pink,False,Low Stock,False,Valid SKU
J0114-TP-XS,J0114,38,Top,XS,Pink,False,In Stock,False,Valid SKU
J0114-TP-XXL,J0114,0,Top,XXL,Pink,False,Out of Stock,False,Valid SKU
J0114-TP-XXXL,J0114,1,Top,XXXL,Pink,False,Low Stock,False,Valid SKU
J0115-TP-L,J0115,1,Top,L,Red,False,Low Stock,False,Valid SKU
J0115-TP-M,J0115,2,Top,M,Red,False,Low Stock,False,Valid SKU
J0115-TP-S,J0115,5,Top,S,Red,False,Low Stock,False,Valid SKU
J0115-TP-XL,J0115,1,Top,XL,Red,False,Low Stock,False,Valid SKU
J0115-TP-XS,J0115,8,Top,XS,Red,False,In Stock,False,Valid SKU
J0115-TP-XXL,J0115,2,Top,XXL,Red,False,Low Stock,False,Valid SKU
J0115-TP-XXXL,J0115,2,Top,XXXL,Red,False,Low Stock,False,Valid SKU
J0116-TP-L,J0116,1,Top,L,Olive,False,Low Stock,False,Valid SKU
J0116-TP-M,J0116,2,Top,M,Olive,False,Low Stock,False,Valid SKU
J0116-TP-S,J0116,0,Top,S,Olive,False,Out of Stock,False,Valid SKU
J0116-TP-XL,J0116,0,Top,XL,Olive,False,Out of Stock,False,Valid SKU
J0116-TP-XS,J0116,11,Top,XS,Olive,False,In Stock,False,Valid SKU
J0116-TP-XXL,J0116,2,Top,XXL,Olive,False,Low Stock,False,Valid SKU
J0116-TP-XXXL,J0116,3,Top,XXXL,Olive,False,Low Stock,False,Valid SKU
J0117-TP-L,J0117,31,Top,L,White,False,In Stock,False,Valid SKU
J0117-TP-M,J0117,126,Top,M,White,False,In Stock,False,Valid SKU
J0117-TP-S,J0117,49,Top,S,White,False,In Stock,False,Valid SKU
J0117-TP-XL,J0117,58,Top,XL,White,False,In Stock,False,Valid SKU
J0117-TP-XS,J0117,39,Top,XS,White,False,In Stock,False,Valid SKU
J0117-TP-XXL,J0117,46,Top,XXL,White,False,In Stock,False,Valid SKU
J0117-TP-XXXL,J0117,48,Top,XXXL,White,False,In Stock,False,Valid SKU
J0118-TP-L,J0118,78,Top,L,Red,False,In Stock,False,Valid SKU
J0118-TP-M,J0118,138,Top,M,Red,False,In Stock,False,Valid SKU
J0118-TP-S,J0118,41,Top,S,Red,False,In Stock,False,Valid SKU
J0118-TP-XL,J0118,73,Top,XL,Red,False,In Stock,False,Valid SKU
J0118-TP-XS,J0118,15,Top,XS,Red,False,In Stock,False,Valid SKU
J0118-TP-XXL,J0118,88,Top,XXL,Red,False,In Stock,False,Valid SKU
J0118-TP-XXXL,J0118,61,Top,XXXL,Red,False,In Stock,False,Valid SKU
J0119-TP-L,J0119,52,Top,L,Mustard,False,In Stock,False,Valid SKU
J0119-TP-M,J0119,102,Top,M,Mustard,False,In Stock,False,Valid SKU
J0119-TP-S,J0119,60,Top,S,Mustard,False,In Stock,False,Valid SKU
J0119-TP-XL,J0119,162,Top,XL,Mustard,False,In Stock,False,Valid SKU
J0119-TP-XS,J0119,34,Top,XS,Mustard,False,In Stock,False,Valid SKU
J0119-TP-XXL,J0119,95,Top,XXL,Mustard,False,In Stock,False,Valid SKU
J0119-TP-XXXL,J0119,186,Top,XXXL,Mustard,False,In Stock,False,Valid SKU
J0120-TP-L,J0120,0,Top,L,Black,False,Out of Stock,False,Valid SKU
J0120-TP-M,J0120,2,Top,M,Black,False,Low Stock,False,Valid SKU
J0120-TP-S,J0120,0,Top,S,Black,False,Out of Stock,False,Valid SKU
J0120-TP-XL,J0120,1,Top,XL,Black,False,Low Stock,False,Valid SKU
J0120-TP-XS,J0120,1,Top,XS,Black,False,Low Stock,False,Valid SKU
J0120-TP-XXL,J0120,3,Top,XXL,Black,False,Low Stock,False,Valid SKU
J0120-TP-XXXL,J0120,3,Top,XXXL,Black,False,Low Stock,False,Valid SKU
J0121-TP-L,J0121,2,Top,L,Black,False,Low Stock,False,Valid SKU
J0121-TP-M,J0121,3,Top,M,Black,False,Low Stock,False,Valid SKU
J0121-TP-S,J0121,3,Top,S,Black,False,Low Stock,False,Valid SKU
J0121-TP-XL,J0121,2,Top,XL,Black,False,Low Stock,False,Valid SKU
J0121-TP-XS,J0121,4,Top,XS,Black,False,Low Stock,False,Valid SKU
J0121-TP-XXL,J0121,2,Top,XXL,Black,False,Low Stock,False,Valid SKU
J0121-TP-XXXL,J0121,2,Top,XXXL,Black,False,Low Stock,False,Valid SKU
J0122-TP-L,J0122,4,Top,L,White,False,Low Stock,False,Valid SKU
J0122-TP-M,J0122,3,Top,M,White,False,Low Stock,False,Valid SKU
J0122-TP-S,J0122,4,Top,S,White,False,Low Stock,False,Valid SKU
J0122-TP-XL,J0122,2,Top,XL,White,False,Low Stock,False,Valid SKU
J0122-TP-XS,J0122,3,Top,XS,White,False,Low Stock,False,Valid SKU
J0122-TP-XXL,J0122,4,Top,XXL,White,False,Low Stock,False,Valid SKU
J0122-TP-XXXL,J0122,4,Top,XXXL,White,False,Low Stock,False,Valid SKU
J0123-TP-L,J0123,2,Top,L,White,False,Low Stock,False,Valid SKU
J0123-TP-M,J0123,0,Top,M,White,False,Out of Stock,False,Valid SKU
J0123-TP-S,J0123,2,Top,S,White,False,Low Stock,False,Valid SKU
J0123-TP-XL,J0123,3,Top,XL,White,False,Low Stock,False,Valid SKU
J0123-TP-XS,J0123,3,Top,XS,White,False,Low Stock,False,Valid SKU
J0123-TP-XXL,J0123,2,Top,XXL,White,False,Low Stock,False,Valid SKU
J0123-TP-XXXL,J0123,2,Top,XXXL,White,False,Low Stock,False,Valid SKU
J0124-TP-L,J0124,50,Top,L,Cream,False,In Stock,False,Valid SKU
J0124-TP-M,J0124,25,Top,M,Cream,False,In Stock,False,Valid SKU
J0124-TP-S,J0124,16,Top,S,Cream,False,In Stock,False,Valid SKU
J0124-TP-XL,J0124,60,Top,XL,Cream,False,In Stock,False,Valid SKU
J0124-TP-XS,J0124,6,Top,XS,Cream,False,In Stock,False,Valid SKU
J0124-TP-XXL,J0124,37,Top,XXL,Cream,False,In Stock,False,Valid SKU
J0124-TP-XXXL,J0124,76,Top,XXXL,Cream,False,In Stock,False,Valid SKU
J0126-SKD-L,J0126,14,Kurta Set,L,Blue,False,In Stock,False,Valid SKU
J0126-SKD-M,J0126,10,Kurta Set,M,Blue,False,In Stock,False,Valid SKU
J0126-SKD-S,J0126,58,Kurta Set,S,Blue,False,In Stock,False,Valid SKU
J0126-SKD-XL,J0126,4,Kurta Set,XL,Blue,False,Low Stock,False,Valid SKU
J0126-SKD-XS,J0126,34,Kurta Set,XS,Blue,False,In Stock,False,Valid SKU
J0126-SKD-XXL,J0126,13,Kurta Set,XXL,Blue,False,In Stock,False,Valid SKU
J0126-SKD-XXXL,J0126,3,Kurta Set,XXXL,Blue,False,Low Stock,False,Valid SKU
J0127-SKD-L,J0127,6,Kurta Set,L,Multicolor,False,In Stock,False,Valid SKU
J0127-SKD-M,J0127,29,Kurta Set,M,Multicolor,False,In Stock,False,Valid SKU
J0127-SKD-S,J0127,8,Kurta Set,S,Multicolor,False,In Stock,False,Valid SKU
J0127-SKD-XL,J0127,8,Kurta Set,XL,Multicolor,False,In Stock,False,Valid SKU
J0127-SKD-XS,J0127,22,Kurta Set,XS,Multicolor,False,In Stock,False,Valid SKU
J0127-SKD-XXL,J0127,33,Kurta Set,XXL,Multicolor,False,In Stock,False,Valid SKU
J0127-SKD-XXXL,J0127,26,Kurta Set,XXXL,Multicolor,False,In Stock,False,Valid SKU
J0129-SET-L,J0129,1,Kurta Set,L,Pink,False,Low Stock,False,Valid SKU
J0129-SET-M,J0129,0,Kurta Set,M,Pink,False,Out of Stock,False,Valid SKU
J0129-SET-S,J0129,0,Kurta Set,S,Pink,False,Out of Stock,False,Valid SKU
J0129-SET-XL,J0129,1,Kurta Set,XL,Pink,False,Low Stock,False,Valid SKU
J0129-SET-XS,J0129,4,Kurta Set,XS,Pink,False,Low Stock,False,Valid SKU
J0129-SET-XXL,J0129,0,Kurta Set,XXL,Pink,False,Out of Stock,False,Valid SKU
J0129-SET-XXXL,J0129,0,Kurta Set,XXXL,Pink,False,Out of Stock,False,Valid SKU
J0130-SET-L,J0130,1,Kurta Set,L,Green,False,Low Stock,False,Valid SKU
J0130-SET-M,J0130,2,Kurta Set,M,Green,False,Low Stock,False,Valid SKU
J0130-SET-S,J0130,4,Kurta Set,S,Green,False,Low Stock,False,Valid SKU
J0130-SET-XL,J0130,2,Kurta Set,XL,Green,False,Low Stock,False,Valid SKU
J0130-SET-XS,J0130,5,Kurta Set,XS,Green,False,Low Stock,False,Valid SKU
J0130-SET-XXL,J0130,3,Kurta Set,XXL,Green,False,Low Stock,False,Valid SKU
J0130-SET-XXXL,J0130,3,Kurta Set,XXXL,Green,False,Low Stock,False,Valid SKU
J0131-KR-L,J0131,3,Kurta,L,Teal,False,Low Stock,False,Valid SKU
J0131-KR-M,J0131,3,Kurta,M,Teal,False,Low Stock,False,Valid SKU
J0131-KR-S,J0131,3,Kurta,S,Teal,False,Low Stock,False,Valid SKU
J0131-KR-XL,J0131,2,Kurta,XL,Teal,False,Low Stock,False,Valid SKU
J0131-KR-XS,J0131,3,Kurta,XS,Teal,False,Low Stock,False,Valid SKU
J0131-KR-XXL,J0131,4,Kurta,XXL,Teal,False,Low Stock,False,Valid SKU
J0131-KR-XXXL,J0131,4,Kurta,XXXL,Teal,False,Low Stock,False,Valid SKU
J0132-KR-L,J0132,2,Kurta,L,Orange,False,Low Stock,False,Valid SKU
J0132-KR-M,J0132,1,Kurta,M,Orange,False,Low Stock,False,Valid SKU
J0132-KR-S,J0132,1,Kurta,S,Orange,False,Low Stock,False,Valid SKU
J0132-KR-XL,J0132,1,Kurta,XL,Orange,False,Low Stock,False,Valid SKU
J0132-KR-XS,J0132,6,Kurta,XS,Orange,False,In Stock,False,Valid SKU
J0132-KR-XXL,J0132,3,Kurta,XXL,Orange,False,Low Stock,False,Valid SKU
J0132-KR-XXXL,J0132,3,Kurta,XXXL,Orange,False,Low Stock,False,Valid SKU
J0133-KR-L,J0133,2,Kurta,L,Maroon,False,Low Stock,False,Valid SKU
J0133-KR-M,J0133,3,Kurta,M,Maroon,False,Low Stock,False,Valid SKU
J0133-KR-S,J0133,3,Kurta,S,Maroon,False,Low Stock,False,Valid SKU
J0133-KR-XL,J0133,2,Kurta,XL,Maroon,False,Low Stock,False,Valid SKU
J0133-KR-XS,J0133,3,Kurta,XS,Maroon,False,Low Stock,False,Valid SKU
J0133-KR-XXL,J0133,2,Kurta,XXL,Maroon,False,Low Stock,False,Valid SKU
J0133-KR-XXXL,J0133,3,Kurta,XXXL,Maroon,False,Low Stock,False,Valid SKU
J0134-SET-L,J0134,2,Kurta Set,L,Cream,False,Low Stock,False,Valid SKU
J0134-SET-M,J0134,2,Kurta Set,M,Cream,False,Low Stock,False,Valid SKU
J0134-SET-S,J0134,4,Kurta Set,S,Cream,False,Low Stock,False,Valid SKU
J0134-SET-XL,J0134,3,Kurta Set,XL,Cream,False,Low Stock,False,Valid SKU
J0134-SET-XS,J0134,8,Kurta Set,XS,Cream,False,In Stock,False,Valid SKU
J0134-SET-XXL,J0134,3,Kurta Set,XXL,Cream,False,Low Stock,False,Valid SKU
J0134-SET-XXXL,J0134,3,Kurta Set,XXXL,Cream,False,Low Stock,False,Valid SKU
J0135-SET-L,J0135,4,Kurta Set,L,Green,False,Low Stock,False,Valid SKU
J0135-SET-M,J0135,4,Kurta Set,M,Green,False,Low Stock,False,Valid SKU
J0135-SET-S,J0135,2,Kurta Set,S,Green,False,Low Stock,False,Valid SKU
J0135-SET-XL,J0135,4,Kurta Set,XL,Green,False,Low Stock,False,Valid SKU
J0135-SET-XS,J0135,2,Kurta Set,XS,Green,False,Low Stock,False,Valid SKU
J0135-SET-XXL,J0135,4,Kurta Set,XXL,Green,False,Low Stock,False,Valid SKU
J0135-SET-XXXL,J0135,3,Kurta Set,XXXL,Green,False,Low Stock,False,Valid SKU
J0136-KR-L,J0136,20,Kurta,L,Black,False,In Stock,False,Valid SKU
J0136-KR-M,J0136,8,Kurta,M,Black,False,In Stock,False,Valid SKU
J0136-KR-S,J0136,49,Kurta,S,Black,False,In Stock,False,Valid SKU
J0136-KR-XL,J0136,7,Kurta,XL,Black,False,In Stock,False,Valid SKU
J0136-KR-XS,J0136,38,Kurta,XS,Black,False,In Stock,False,Valid SKU
J0136-KR-XXL,J0136,40,Kurta,XXL,Black,False,In Stock,False,Valid SKU
J0136-KR-XXXL,J0136,48,Kurta,XXXL,Black,False,In Stock,False,Valid SKU
J0137-SET-L,J0137,3,Kurta Set,L,White,False,Low Stock,False,Valid SKU
J0137-SET-M,J0137,11,Kurta Set,M,White,False,In Stock,False,Valid SKU
J0137-SET-S,J0137,24,Kurta Set,S,White,False,In Stock,False,Valid SKU
J0137-SET-XL,J0137,5,Kurta Set,XL,White,False,Low Stock,False,Valid SKU
J0137-SET-XS,J0137,38,Kurta Set,XS,White,False,In Stock,False,Valid SKU
J0137-SET-XXL,J0137,9,Kurta Set,XXL,White,False,In Stock,False,Valid SKU
J0137-SET-XXXL,J0137,12,Kurta Set,XXXL,White,False,In Stock,False,Valid SKU
J0138-KR-L,J0138,2,Kurta,L,Red,False,Low Stock,False,Valid SKU
J0138-KR-M,J0138,3,Kurta,M,Red,False,Low Stock,False,Valid SKU
J0138-KR-S,J0138,2,Kurta,S,Red,False,Low Stock,False,Valid SKU
J0138-KR-XL,J0138,0,Kurta,XL,Red,False,Out of Stock,False,Valid SKU
J0138-KR-XS,J0138,5,Kurta,XS,Red,False,Low Stock,False,Valid SKU
J0138-KR-XXL,J0138,2,Kurta,XXL,Red,False,Low Stock,False,Valid SKU
J0138-KR-XXXL,J0138,0,Kurta,XXXL,Red,False,Out of Stock,False,Valid SKU
J0139-KR-L,J0139,6,Kurta,L,Navy Blue,False,In Stock,False,Valid SKU
J0139-KR-M,J0139,4,Kurta,M,Navy Blue,False,Low Stock,False,Valid SKU
J0139-KR-S,J0139,6,Kurta,S,Navy Blue,False,In Stock,False,Valid SKU
J0139-KR-XL,J0139,6,Kurta,XL,Navy Blue,False,In Stock,False,Valid SKU
J0139-KR-XS,J0139,8,Kurta,XS,Navy Blue,False,In Stock,False,Valid SKU
J0139-KR-XXL,J0139,3,Kurta,XXL,Navy Blue,False,Low Stock,False,Valid SKU
J0139-KR-XXXL,J0139,4,Kurta,XXXL,Navy Blue,False,Low Stock,False,Valid SKU
J0140-SET-L,J0140,2,Kurta Set,L,White,False,Low Stock,False,Valid SKU
J0140-SET-M,J0140,0,Kurta Set,M,White,False,Out of Stock,False,Valid SKU
J0140-SET-S,J0140,3,Kurta Set,S,White,False,Low Stock,False,Valid SKU
J0140-SET-XL,J0140,2,Kurta Set,XL,White,False,Low Stock,False,Valid SKU
J0140-SET-XS,J0140,3,Kurta Set,XS,White,False,Low Stock,False,Valid SKU
J0140-SET-XXL,J0140,4,Kurta Set,XXL,White,False,Low Stock,False,Valid SKU
J0140-SET-XXXL,J0140,2,Kurta Set,XXXL,White,False,Low Stock,False,Valid SKU
J0141-KR-L,J0141,1,Kurta,L,Blue,False,Low Stock,False,Valid SKU
J0141-KR-M,J0141,1,Kurta,M,Blue,False,Low Stock,False,Valid SKU
J0141-KR-S,J0141,2,Kurta,S,Blue,False,Low Stock,False,Valid SKU
J0141-KR-XL,J0141,1,Kurta,XL,Blue,False,Low Stock,False,Valid SKU
J0141-KR-XS,J0141,3,Kurta,XS,Blue,False,Low Stock,False,Valid SKU
J0141-KR-XXL,J0141,1,Kurta,XXL,Blue,False,Low Stock,False,Valid SKU
J0141-KR-XXXL,J0141,2,Kurta,XXXL,Blue,False,Low Stock,False,Valid SKU
J0142-KR-L,J0142,2,Kurta,L,Orange,False,Low Stock,False,Valid SKU
J0142-KR-M,J0142,7,Kurta,M,Orange,False,In Stock,False,Valid SKU
J0142-KR-S,J0142,11,Kurta,S,Orange,False,In Stock,False,Valid SKU
J0142-KR-XL,J0142,5,Kurta,XL,Orange,False,Low Stock,False,Valid SKU
J0142-KR-XS,J0142,32,Kurta,XS,Orange,False,In Stock,False,Valid SKU
J0142-KR-XXL,J0142,0,Kurta,XXL,Orange,False,Out of Stock,False,Valid SKU
J0142-KR-XXXL,J0142,2,Kurta,XXXL,Orange,False,Low Stock,False,Valid SKU
J0143-SET-L,J0143,2,Kurta Set,L,Green,False,Low Stock,False,Valid SKU
J0143-SET-M,J0143,2,Kurta Set,M,Green,False,Low Stock,False,Valid SKU
J0143-SET-S,J0143,2,Kurta Set,S,Green,False,Low Stock,False,Valid SKU
J0143-SET-XL,J0143,0,Kurta Set,XL,Green,False,Out of Stock,False,Valid SKU
J0143-SET-XS,J0143,3,Kurta Set,XS,Green,False,Low Stock,False,Valid SKU
J0143-SET-XXL,J0143,2,Kurta Set,XXL,Green,False,Low Stock,False,Valid SKU
J0143-SET-XXXL,J0143,0,Kurta Set,XXXL,Green,False,Out of Stock,False,Valid SKU
J0144-SET-L,J0144,0,Kurta Set,L,Red,False,Out of Stock,False,Valid SKU
J0144-SET-M,J0144,1,Kurta Set,M,Red,False,Low Stock,False,Valid SKU
J0144-SET-S,J0144,1,Kurta Set,S,Red,False,Low Stock,False,Valid SKU
J0144-SET-XL,J0144,0,Kurta Set,XL,Red,False,Out of Stock,False,Valid SKU
J0144-SET-XS,J0144,4,Kurta Set,XS,Red,False,Low Stock,False,Valid SKU
J0144-SET-XXL,J0144,0,Kurta Set,XXL,Red,False,Out of Stock,False,Valid SKU
J0144-SET-XXXL,J0144,1,Kurta Set,XXXL,Red,False,Low Stock,False,Valid SKU
J0145-SET-L,J0145,1,Kurta Set,L,Black,False,Low Stock,False,Valid SKU
J0145-SET-S,J0145,1,Kurta Set,S,Black,False,Low Stock,False,Valid SKU
J0145-SET-XL,J0145,3,Kurta Set,XL,Black,False,Low Stock,False,Valid SKU
J0145-SET-XS,J0145,2,Kurta Set,XS,Black,False,Low Stock,False,Valid SKU
J0145-SET-XXL,J0145,3,Kurta Set,XXL,Black,False,Low Stock,False,Valid SKU
J0145-SET-XXXL,J0145,1,Kurta Set,XXXL,Black,False,Low Stock,False,Valid SKU
J0146-SET-L,J0146,1,Kurta Set,L,Mustard,False,Low Stock,False,Valid SKU
J0146-SET-M,J0146,0,Kurta Set,M,Mustard,False,Out of Stock,False,Valid SKU
J0146-SET-S,J0146,1,Kurta Set,S,Mustard,False,Low Stock,False,Valid SKU
J0146-SET-XL,J0146,0,Kurta Set,XL,Mustard,False,Out of Stock,False,Valid SKU
J0146-SET-XS,J0146,0,Kurta Set,XS,Mustard,False,Out of Stock,False,Valid SKU
J0146-SET-XXL,J0146,0,Kurta Set,XXL,Mustard,False,Out of Stock,False,Valid SKU
J0146-SET-XXXL,J0146,0,Kurta Set,XXXL,Mustard,False,Out of Stock,False,Valid SKU
J0147-SET-L,J0147,3,Kurta Set,L,Teal,False,Low Stock,False,Valid SKU
J0147-SET-M,J0147,3,Kurta Set,M,Teal,False,Low Stock,False,Valid SKU
J0147-SET-S,J0147,2,Kurta Set,S,Teal,False,Low Stock,False,Valid SKU
J0147-SET-XL,J0147,13,Kurta Set,XL,Teal,False,In Stock,False,Valid SKU
J0147-SET-XS,J0147,2,Kurta Set,XS,Teal,False,Low Stock,False,Valid SKU
J0147-SET-XXL,J0147,30,Kurta Set,XXL,Teal,False,In Stock,False,Valid SKU
J0147-SET-XXXL,J0147,15,Kurta Set,XXXL,Teal,False,In Stock,False,Valid SKU
J0148-SET-L,J0148,1,Kurta Set,L,Green,False,Low Stock,False,Valid SKU
J0148-SET-M,J0148,5,Kurta Set,M,Green,False,Low Stock,False,Valid SKU
J0148-SET-S,J0148,2,Kurta Set,S,Green,False,Low Stock,False,Valid SKU
J0148-SET-XL,J0148,9,Kurta Set,XL,Green,False,In Stock,False,Valid SKU
J0148-SET-XS,J0148,9,Kurta Set,XS,Green,False,In Stock,False,Valid SKU
J0148-SET-XXL,J0148,7,Kurta Set,XXL,Green,False,In Stock,False,Valid SKU
J0148-SET-XXXL,J0148,21,Kurta Set,XXXL,Green,False,In Stock,False,Valid SKU
J0149-KR-L,J0149,0,Kurta,L,White,False,Out of Stock,False,Valid SKU
J0149-KR-M,J0149,0,Kurta,M,White,False,Out of Stock,False,Valid SKU
J0149-KR-S,J0149,2,Kurta,S,White,False,Low Stock,False,Valid SKU
J0149-KR-XL,J0149,0,Kurta,XL,White,False,Out of Stock,False,Valid SKU
J0149-KR-XS,J0149,5,Kurta,XS,White,False,Low Stock,False,Valid SKU
J0149-KR-XXL,J0149,0,Kurta,XXL,White,False,Out of Stock,False,Valid SKU
J0149-KR-XXXL,J0149,0,Kurta,XXXL,White,False,Out of Stock,False,Valid SKU
J0150-KR-L,J0150,2,Kurta,L,Black,False,Low Stock,False,Valid SKU
J0150-KR-M,J0150,1,Kurta,M,Black,False,Low Stock,False,Valid SKU
J0150-KR-S,J0150,7,Kurta,S,Black,False,In Stock,False,Valid SKU
J0150-KR-XL,J0150,0,Kurta,XL,Black,False,Out of Stock,False,Valid SKU
J0150-KR-XS,J0150,17,Kurta,XS,Black,False,In Stock,False,Valid SKU
J0150-KR-XXL,J0150,3,Kurta,XXL,Black,False,Low Stock,False,Valid SKU
J0150-KR-XXXL,J0150,0,Kurta,XXXL,Black,False,Out of Stock,False,Valid SKU
J0151-KR-L,J0151,3,Kurta,L,Green,False,Low Stock,False,Valid SKU
J0151-KR-M,J0151,3,Kurta,M,Green,False,Low Stock,False,Valid SKU
J0151-KR-S,J0151,3,Kurta,S,Green,False,Low Stock,False,Valid SKU
J0151-KR-XL,J0151,3,Kurta,XL,Green,False,Low Stock,False,Valid SKU
J0151-KR-XS,J0151,4,Kurta,XS,Green,False,Low Stock,False,Valid SKU
J0151-KR-XXL,J0151,4,Kurta,XXL,Green,False,Low Stock,False,Valid SKU
J0151-KR-XXXL,J0151,2,Kurta,XXXL,Green,False,Low Stock,False,Valid SKU
J0152-DR-L,J0152,2,Dress,L,Blue,False,Low Stock,False,Valid SKU
J0152-DR-M,J0152,3,Dress,M,Blue,False,Low Stock,False,Valid SKU
J0152-DR-S,J0152,25,Dress,S,Blue,False,In Stock,False,Valid SKU
J0152-DR-XL,J0152,18,Dress,XL,Blue,False,In Stock,False,Valid SKU
J0152-DR-XS,J0152,0,Dress,XS,Blue,False,Out of Stock,False,Valid SKU
J0152-DR-XXL,J0152,2,Dress,XXL,Blue,False,Low Stock,False,Valid SKU
J0152-DR-XXXL,J0152,3,Dress,XXXL,Blue,False,Low Stock,False,Valid SKU
J0153-DR-L,J0153,4,Dress,L,Green,False,Low Stock,False,Valid SKU
J0153-DR-M,J0153,3,Dress,M,Green,False,Low Stock,False,Valid SKU
J0153-DR-S,J0153,6,Dress,S,Green,False,In Stock,False,Valid SKU
J0153-DR-XL,J0153,21,Dress,XL,Green,False,In Stock,False,Valid SKU
J0153-DR-XS,J0153,2,Dress,XS,Green,False,Low Stock,False,Valid SKU
J0153-DR-XXL,J0153,2,Dress,XXL,Green,False,Low Stock,False,Valid SKU
J0153-DR-XXXL,J0153,3,Dress,XXXL,Green,False,Low Stock,False,Valid SKU
J0154-DR-L,J0154,1,Dress,L,Multicolor,False,Low Stock,False,Valid SKU
J0154-DR-M,J0154,0,Dress,M,Multicolor,False,Out of Stock,False,Valid SKU
J0154-DR-S,J0154,1,Dress,S,Multicolor,False,Low Stock,False,Valid SKU
J0154-DR-XL,J0154,2,Dress,XL,Multicolor,False,Low Stock,False,Valid SKU
J0154-DR-XS,J0154,2,Dress,XS,Multicolor,False,Low Stock,False,Valid SKU
J0154-DR-XXL,J0154,2,Dress,XXL,Multicolor,False,Low Stock,False,Valid SKU
J0154-DR-XXXL,J0154,2,Dress,XXXL,Multicolor,False,Low Stock,False,Valid SKU
J0155-KR-L,J0155,2,Kurta,L,Green,False,Low Stock,False,Valid SKU
J0155-KR-M,J0155,2,Kurta,M,Green,False,Low Stock,False,Valid SKU
J0155-KR-S,J0155,13,Kurta,S,Green,False,In Stock,False,Valid SKU
J0155-KR-XL,J0155,2,Kurta,XL,Green,False,Low Stock,False,Valid SKU
J0155-KR-XS,J0155,62,Kurta,XS,Green,False,In Stock,False,Valid SKU
J0155-KR-XXL,J0155,20,Kurta,XXL,Green,False,In Stock,False,Valid SKU
J0155-KR-XXXL,J0155,11,Kurta,XXXL,Green,False,In Stock,False,Valid SKU
J0157-DR-L,J0157,9,Dress,L,Black,False,In Stock,False,Valid SKU
J0157-DR-M,J0157,5,Dress,M,Black,False,Low Stock,False,Valid SKU
J0157-DR-S,J0157,51,Dress,S,Black,False,In Stock,False,Valid SKU
J0157-DR-XL,J0157,48,Dress,XL,Black,False,In Stock,False,Valid SKU
J0157-DR-XS,J0157,9,Dress,XS,Black,False,In Stock,False,Valid SKU
J0157-DR-XXL,J0157,27,Dress,XXL,Black,False,In Stock,False,Valid SKU
J0157-DR-XXXL,J0157,4,Dress,XXXL,Black,False,Low Stock,False,Valid SKU
J0158-DR-L,J0158,43,Dress,L,White,False,In Stock,False,Valid SKU
J0158-DR-M,J0158,73,Dress,M,White,False,In Stock,False,Valid SKU
J0158-DR-S,J0158,30,Dress,S,White,False,In Stock,False,Valid SKU
J0158-DR-XL,J0158,78,Dress,XL,White,False,In Stock,False,Valid SKU
J0158-DR-XS,J0158,10,Dress,XS,White,False,In Stock,False,Valid SKU
J0158-DR-XXL,J0158,33,Dress,XXL,White,False,In Stock,False,Valid SKU
J0158-DR-XXXL,J0158,39,Dress,XXXL,White,False,In Stock,False,Valid SKU
J0159-DR-L,J0159,3,Dress,L,Blue,False,Low Stock,False,Valid SKU
J0159-DR-M,J0159,2,Dress,M,Blue,False,Low Stock,False,Valid SKU
J0159-DR-S,J0159,4,Dress,S,Blue,False,Low Stock,False,Valid SKU
J0159-DR-XL,J0159,3,Dress,XL,Blue,False,Low Stock,False,Valid SKU
J0159-DR-XS,J0159,28,Dress,XS,Blue,False,In Stock,False,Valid SKU
J0159-DR-XXL,J0159,1,Dress,XXL,Blue,False,Low Stock,False,Valid SKU
J0159-DR-XXXL,J0159,0,Dress,XXXL,Blue,False,Out of Stock,False,Valid SKU
J0160-TP-L,J0160,0,Top,L,Blue,False,Out of Stock,False,Valid SKU
J0160-TP-M,J0160,0,Top,M,Blue,False,Out of Stock,False,Valid SKU
J0160-TP-S,J0160,0,Top,S,Blue,False,Out of Stock,False,Valid SKU
J0160-TP-XL,J0160,0,Top,XL,Blue,False,Out of Stock,False,Valid SKU
J0160-TP-XS,J0160,0,Top,XS,Blue,False,Out of Stock,False,Valid SKU
J0160-TP-XXL,J0160,1,Top,XXL,Blue,False,Low Stock,False,Valid SKU
J0160-TP-XXXL,J0160,0,Top,XXXL,Blue,False,Out of Stock,False,Valid SKU
J0161-DR-L,J0161,2,Dress,L,Rust,False,Low Stock,False,Valid SKU
J0161-DR-M,J0161,1,Dress,M,Rust,False,Low Stock,False,Valid SKU
J0161-DR-S,J0161,1,Dress,S,Rust,False,Low Stock,False,Valid SKU
J0161-DR-XL,J0161,2,Dress,XL,Rust,False,Low Stock,False,Valid SKU
J0161-DR-XS,J0161,4,Dress,XS,Rust,False,Low Stock,False,Valid SKU
J0161-DR-XXL,J0161,4,Dress,XXL,Rust,False,Low Stock,False,Valid SKU
J0161-DR-XXXL,J0161,2,Dress,XXXL,Rust,False,Low Stock,False,Valid SKU
J0162-SKD-L,J0162,38,Kurta Set,L,Mustard,False,In Stock,False,Valid SKU
J0162-SKD-M,J0162,40,Kurta Set,M,Mustard,False,In Stock,False,Valid SKU
J0162-SKD-S,J0162,46,Kurta Set,S,Mustard,False,In Stock,False,Valid SKU
J0162-SKD-XL,J0162,37,Kurta Set,XL,Mustard,False,In Stock,False,Valid SKU
J0162-SKD-XS,J0162,50,Kurta Set,XS,Mustard,False,In Stock,False,Valid SKU
J0162-SKD-XXL,J0162,33,Kurta Set,XXL,Mustard,False,In Stock,False,Valid SKU
J0162-SKD-XXXL,J0162,18,Kurta Set,XXXL,Mustard,False,In Stock,False,Valid SKU
J0163-SKD-L,J0163,143,Kurta Set,L,Red,False,In Stock,False,Valid SKU
J0163-SKD-M,J0163,145,Kurta Set,M,Red,False,In Stock,False,Valid SKU
J0163-SKD-S,J0163,112,Kurta Set,S,Red,False,In Stock,False,Valid SKU
J0163-SKD-XL,J0163,91,Kurta Set,XL,Red,False,In Stock,False,Valid SKU
J0163-SKD-XS,J0163,104,Kurta Set,XS,Red,False,In Stock,False,Valid SKU
J0163-SKD-XXL,J0163,48,Kurta Set,XXL,Red,False,In Stock,False,Valid SKU
J0163-SKD-XXXL,J0163,44,Kurta Set,XXXL,Red,False,In Stock,False,Valid SKU
J0164-DR-L,J0164,7,Dress,L,Orange,False,In Stock,False,Valid SKU
J0164-DR-M,J0164,4,Dress,M,Orange,False,Low Stock,False,Valid SKU
J0164-DR-S,J0164,20,Dress,S,Orange,False,In Stock,False,Valid SKU
J0164-DR-XL,J0164,6,Dress,XL,Orange,False,In Stock,False,Valid SKU
J0164-DR-XS,J0164,45,Dress,XS,Orange,False,In Stock,False,Valid SKU
J0164-DR-XXL,J0164,4,Dress,XXL,Orange,False,Low Stock,False,Valid SKU
J0164-DR-XXXL,J0164,4,Dress,XXXL,Orange,False,Low Stock,False,Valid SKU
J0165-TP-L,J0165,3,Top,L,Orange,False,Low Stock,False,Valid SKU
J0165-TP-M,J0165,3,Top,M,Orange,False,Low Stock,False,Valid SKU
J0165-TP-S,J0165,52,Top,S,Orange,False,In Stock,False,Valid SKU
J0165-TP-XL,J0165,3,Top,XL,Orange,False,Low Stock,False,Valid SKU
J0165-TP-XS,J0165,32,Top,XS,Orange,False,In Stock,False,Valid SKU
J0165-TP-XXL,J0165,2,Top,XXL,Orange,False,Low Stock,False,Valid SKU
J0165-TP-XXXL,J0165,3,Top,XXXL,Orange,False,Low Stock,False,Valid SKU
J0166-DR-L,J0166,2,Dress,L,Pink,False,Low Stock,False,Valid SKU
J0166-DR-M,J0166,3,Dress,M,Pink,False,Low Stock,False,Valid SKU
J0166-DR-S,J0166,9,Dress,S,Pink,False,In Stock,False,Valid SKU
J0166-DR-XL,J0166,3,Dress,XL,Pink,False,Low Stock,False,Valid SKU
J0166-DR-XS,J0166,19,Dress,XS,Pink,False,In Stock,False,Valid SKU
J0166-DR-XXL,J0166,2,Dress,XXL,Pink,False,Low Stock,False,Valid SKU
J0166-DR-XXXL,J0166,2,Dress,XXXL,Pink,False,Low Stock,False,Valid SKU
J0167-KR-L,J0167,4,Kurta,L,Pink,False,Low Stock,False,Valid SKU
J0167-KR-M,J0167,2,Kurta,M,Pink,False,Low Stock,False,Valid SKU
J0167-KR-S,J0167,36,Kurta,S,Pink,False,In Stock,False,Valid SKU
J0167-KR-XL,J0167,0,Kurta,XL,Pink,False,Out of Stock,False,Valid SKU
J0167-KR-XS,J0167,36,Kurta,XS,Pink,False,In Stock,False,Valid SKU
J0167-KR-XXL,J0167,3,Kurta,XXL,Pink,False,Low Stock,False,Valid SKU
J0167-KR-XXXL,J0167,1,Kurta,XXXL,Pink,False,Low Stock,False,Valid SKU
J0168-DR-L,J0168,2,Dress,L,Sky Blue,False,Low Stock,False,Valid SKU
J0168-DR-M,J0168,5,Dress,M,Sky Blue,False,Low Stock,False,Valid SKU
J0168-DR-S,J0168,13,Dress,S,Sky Blue,False,In Stock,False,Valid SKU
J0168-DR-XL,J0168,2,Dress,XL,Sky Blue,False,Low Stock,False,Valid SKU
J0168-DR-XS,J0168,37,Dress,XS,Sky Blue,False,In Stock,False,Valid SKU
J0168-DR-XXL,J0168,3,Dress,XXL,Sky Blue,False,Low Stock,False,Valid SKU
J0168-DR-XXXL,J0168,1,Dress,XXXL,Sky Blue,False,Low Stock,False,Valid SKU
J0169-KR-L,J0169,0,Kurta,L,Multicolor,False,Out of Stock,False,Valid SKU
J0169-KR-M,J0169,1,Kurta,M,Multicolor,False,Low Stock,False,Valid SKU
J0169-KR-S,J0169,1,Kurta,S,Multicolor,False,Low Stock,False,Valid SKU
J0169-KR-XL,J0169,0,Kurta,XL,Multicolor,False,Out of Stock,False,Valid SKU
J0169-KR-XS,J0169,2,Kurta,XS,Multicolor,False,Low Stock,False,Valid SKU
J0169-KR-XXL,J0169,1,Kurta,XXL,Multicolor,False,Low Stock,False,Valid SKU
J0169-KR-XXXL,J0169,1,Kurta,XXXL,Multicolor,False,Low Stock,False,Valid SKU
J0170-TP-L,J0170,2,Top,L,Blue,False,Low Stock,False,Valid SKU
J0170-TP-M,J0170,1,Top,M,Blue,False,Low Stock,False,Valid SKU
J0170-TP-S,J0170,4,Top,S,Blue,False,Low Stock,False,Valid SKU
J0170-TP-XL,J0170,3,Top,XL,Blue,False,Low Stock,False,Valid SKU
J0170-TP-XS,J0170,19,Top,XS,Blue,False,In Stock,False,Valid SKU
J0170-TP-XXL,J0170,4,Top,XXL,Blue,False,Low Stock,False,Valid SKU
J0170-TP-XXXL,J0170,3,Top,XXXL,Blue,False,Low Stock,False,Valid SKU
J0171-DR-L,J0171,1,Dress,L,Blue,False,Low Stock,False,Valid SKU
J0171-DR-M,J0171,0,Dress,M,Blue,False,Out of Stock,False,Valid SKU
J0171-DR-S,J0171,13,Dress,S,Blue,False,In Stock,False,Valid SKU
J0171-DR-XL,J0171,1,Dress,XL,Blue,False,Low Stock,False,Valid SKU
J0171-DR-XS,J0171,73,Dress,XS,Blue,False,In Stock,False,Valid SKU
J0171-DR-XXL,J0171,2,Dress,XXL,Blue,False,Low Stock,False,Valid SKU
J0171-DR-XXXL,J0171,0,Dress,XXXL,Blue,False,Out of Stock,False,Valid SKU
J0172-TP-L,J0172,0,Top,L,Blue,False,Out of Stock,False,Valid SKU
J0172-TP-M,J0172,7,Top,M,Blue,False,In Stock,False,Valid SKU
J0172-TP-S,J0172,1,Top,S,Blue,False,Low Stock,False,Valid SKU
J0172-TP-XL,J0172,30,Top,XL,Blue,False,In Stock,False,Valid SKU
J0172-TP-XS,J0172,2,Top,XS,Blue,False,Low Stock,False,Valid SKU
J0172-TP-XXL,J0172,16,Top,XXL,Blue,False,In Stock,False,Valid SKU
J0172-TP-XXXL,J0172,47,Top,XXXL,Blue,False,In Stock,False,Valid SKU
J0173-DR-L,J0173,3,Dress,L,Red,False,Low Stock,False,Valid SKU
J0173-DR-M,J0173,3,Dress,M,Red,False,Low Stock,False,Valid SKU
J0173-DR-S,J0173,29,Dress,S,Red,False,In Stock,False,Valid SKU
J0173-DR-XL,J0173,2,Dress,XL,Red,False,Low Stock,False,Valid SKU
J0173-DR-XS,J0173,43,Dress,XS,Red,False,In Stock,False,Valid SKU
J0173-DR-XXL,J0173,2,Dress,XXL,Red,False,Low Stock,False,Valid SKU
J0173-DR-XXXL,J0173,2,Dress,XXXL,Red,False,Low Stock,False,Valid SKU
J0174-TP-L,J0174,1,Top,L,Maroon,False,Low Stock,False,Valid SKU
J0174-TP-M,J0174,0,Top,M,Maroon,False,Out of Stock,False,Valid SKU
J0174-TP-S,J0174,0,Top,S,Maroon,False,Out of Stock,False,Valid SKU
J0174-TP-XL,J0174,1,Top,XL,Maroon,False,Low Stock,False,Valid SKU
J0174-TP-XS,J0174,4,Top,XS,Maroon,False,Low Stock,False,Valid SKU
J0174-TP-XXL,J0174,3,Top,XXL,Maroon,False,Low Stock,False,Valid SKU
J0174-TP-XXXL,J0174,2,Top,XXXL,Maroon,False,Low Stock,False,Valid SKU
J0175-KR-L,J0175,7,Kurta,L,Maroon,False,In Stock,False,Valid SKU
J0175-KR-M,J0175,9,Kurta,M,Maroon,False,In Stock,False,Valid SKU
J0175-KR-S,J0175,32,Kurta,S,Maroon,False,In Stock,False,Valid SKU
J0175-KR-XL,J0175,8,Kurta,XL,Maroon,False,In Stock,False,Valid SKU
J0175-KR-XS,J0175,37,Kurta,XS,Maroon,False,In Stock,False,Valid SKU
J0175-KR-XXL,J0175,14,Kurta,XXL,Maroon,False,In Stock,False,Valid SKU
J0175-KR-XXXL,J0175,3,Kurta,XXXL,Maroon,False,Low Stock,False,Valid SKU
J0176-TP-L,J0176,1,Top,L,Green,False,Low Stock,False,Valid SKU
J0176-TP-M,J0176,0,Top,M,Green,False,Out of Stock,False,Valid SKU
J0176-TP-S,J0176,37,Top,S,Green,False,In Stock,False,Valid SKU
J0176-TP-XL,J0176,2,Top,XL,Green,False,Low Stock,False,Valid SKU
J0176-TP-XS,J0176,49,Top,XS,Green,False,In Stock,False,Valid SKU
J0176-TP-XXL,J0176,7,Top,XXL,Green,False,In Stock,False,Valid SKU
J0176-TP-XXXL,J0176,1,Top,XXXL,Green,False,Low Stock,False,Valid SKU
J0177-KR-L,J0177,1,Kurta,L,Green,False,Low Stock,False,Valid SKU
J0177-KR-M,J0177,0,Kurta,M,Green,False,Out of Stock,False,Valid SKU
J0177-KR-S,J0177,9,Kurta,S,Green,False,In Stock,False,Valid SKU
J0177-KR-XL,J0177,0,Kurta,XL,Green,False,Out of Stock,False,Valid SKU
J0177-KR-XS,J0177,3,Kurta,XS,Green,False,Low Stock,False,Valid SKU
J0177-KR-XXL,J0177,2,Kurta,XXL,Green,False,Low Stock,False,Valid SKU
J0177-KR-XXXL,J0177,2,Kurta,XXXL,Green,False,Low Stock,False,Valid SKU
J0178-TP-L,J0178,2,Top,L,Multicolor,False,Low Stock,False,Valid SKU
J0178-TP-M,J0178,4,Top,M,Multicolor,False,Low Stock,False,Valid SKU
J0178-TP-S,J0178,1,Top,S,Multicolor,False,Low Stock,False,Valid SKU
J0178-TP-XL,J0178,1,Top,XL,Multicolor,False,Low Stock,False,Valid SKU
J0178-TP-XS,J0178,2,Top,XS,Multicolor,False,Low Stock,False,Valid SKU
J0178-TP-XXL,J0178,1,Top,XXL,Multicolor,False,Low Stock,False,Valid SKU
J0178-TP-XXXL,J0178,1,Top,XXXL,Multicolor,False,Low Stock,False,Valid SKU
J0179-KR-L,J0179,10,Kurta,L,Multicolor,False,In Stock,False,Valid SKU
J0179-KR-M,J0179,5,Kurta,M,Multicolor,False,Low Stock,False,Valid SKU
J0179-KR-S,J0179,4,Kurta,S,Multicolor,False,Low Stock,False,Valid SKU
J0179-KR-XL,J0179,6,Kurta,XL,Multicolor,False,In Stock,False,Valid SKU
J0179-KR-XS,J0179,18,Kurta,XS,Multicolor,False,In Stock,False,Valid SKU
J0179-KR-XXL,J0179,7,Kurta,XXL,Multicolor,False,In Stock,False,Valid SKU
J0179-KR-XXXL,J0179,6,Kurta,XXXL,Multicolor,False,In Stock,False,Valid SKU
J0180-DR-L,J0180,1,Dress,L,Pink,False,Low Stock,False,Valid SKU
J0180-DR-M,J0180,1,Dress,M,Pink,False,Low Stock,False,Valid SKU
J0180-DR-S,J0180,3,Dress,S,Pink,False,Low Stock,False,Valid SKU
J0180-DR-XL,J0180,2,Dress,XL,Pink,False,Low Stock,False,Valid SKU
J0180-DR-XS,J0180,4,Dress,XS,Pink,False,Low Stock,False,Valid SKU
J0180-DR-XXL,J0180,2,Dress,XXL,Pink,False,Low Stock,False,Valid SKU
J0180-DR-XXXL,J0180,2,Dress,XXXL,Pink,False,Low Stock,False,Valid SKU
J0181-TP-L,J0181,3,Top,L,Pink,False,Low Stock,False,Valid SKU
J0181-TP-M,J0181,4,Top,M,Pink,False,Low Stock,False,Valid SKU
J0181-TP-S,J0181,18,Top,S,Pink,False,In Stock,False,Valid SKU
J0181-TP-XL,J0181,3,Top,XL,Pink,False,Low Stock,False,Valid SKU
J0181-TP-XS,J0181,22,Top,XS,Pink,False,In Stock,False,Valid SKU
J0181-TP-XXL,J0181,2,Top,XXL,Pink,False,Low Stock,False,Valid SKU
J0181-TP-XXXL,J0181,1,Top,XXXL,Pink,False,Low Stock,False,Valid SKU
J0182-SET-L,J0182,2,Kurta Set,L,Off White,False,Low Stock,False,Valid SKU
J0182-SET-M,J0182,0,Kurta Set,M,Off White,False,Out of Stock,False,Valid SKU
J0182-SET-S,J0182,0,Kurta Set,S,Off White,False,Out of Stock,False,Valid SKU
J0182-SET-XL,J0182,1,Kurta Set,XL,Off White,False,Low Stock,False,Valid SKU
J0182-SET-XS,J0182,2,Kurta Set,XS,Off White,False,Low Stock,False,Valid SKU
J0182-SET-XXL,J0182,1,Kurta Set,XXL,Off White,False,Low Stock,False,Valid SKU
J0182-SET-XXXL,J0182,0,Kurta Set,XXXL,Off White,False,Out of Stock,False,Valid SKU
J0183-TP-L,J0183,1,Top,L,Off White,False,Low Stock,False,Valid SKU
J0183-TP-M,J0183,0,Top,M,Off White,False,Out of Stock,False,Valid SKU
J0183-TP-S,J0183,2,Top,S,Off White,False,Low Stock,False,Valid SKU
J0183-TP-XL,J0183,1,Top,XL,Off White,False,Low Stock,False,Valid SKU
J0183-TP-XS,J0183,0,Top,XS,Off White,False,Out of Stock,False,Valid SKU
J0183-TP-XXL,J0183,0,Top,XXL,Off White,False,Out of Stock,False,Valid SKU
J0183-TP-XXXL,J0183,0,Top,XXXL,Off White,False,Out of Stock,False,Valid SKU
J0184-KR-L,J0184,4,Kurta,L,Orange,False,Low Stock,False,Valid SKU
J0184-KR-M,J0184,3,Kurta,M,Orange,False,Low Stock,False,Valid SKU
J0184-KR-S,J0184,5,Kurta,S,Orange,False,Low Stock,False,Valid SKU
J0184-KR-XL,J0184,8,Kurta,XL,Orange,False,In Stock,False,Valid SKU
J0184-KR-XS,J0184,7,Kurta,XS,Orange,False,In Stock,False,Valid SKU
J0184-KR-XXL,J0184,2,Kurta,XXL,Orange,False,Low Stock,False,Valid SKU
J0184-KR-XXXL,J0184,5,Kurta,XXXL,Orange,False,Low Stock,False,Valid SKU
J0185-DR-L,J0185,2,Dress,L,Off White,False,Low Stock,False,Valid SKU
J0185-DR-M,J0185,2,Dress,M,Off White,False,Low Stock,False,Valid SKU
J0185-DR-S,J0185,6,Dress,S,Off White,False,In Stock,False,Valid SKU
J0185-DR-XL,J0185,0,Dress,XL,Off White,False,Out of Stock,False,Valid SKU
J0185-DR-XS,J0185,8,Dress,XS,Off White,False,In Stock,False,Valid SKU
J0185-DR-XXL,J0185,1,Dress,XXL,Off White,False,Low Stock,False,Valid SKU
J0186-SET-L,J0186,0,Kurta Set,L,Black,False,Out of Stock,False,Valid SKU
J0186-SET-M,J0186,0,Kurta Set,M,Black,False,Out of Stock,False,Valid SKU
J0186-SET-S,J0186,2,Kurta Set,S,Black,False,Low Stock,False,Valid SKU
J0186-SET-XL,J0186,2,Kurta Set,XL,Black,False,Low Stock,False,Valid SKU
J0186-SET-XS,J0186,5,Kurta Set,XS,Black,False,Low Stock,False,Valid SKU
J0186-SET-XXL,J0186,6,Kurta Set,XXL,Black,False,In Stock,False,Valid SKU
J0186-SET-XXXL,J0186,2,Kurta Set,XXXL,Black,False,Low Stock,False,Valid SKU
J0187-KR-L,J0187,2,Kurta,L,Black,False,Low Stock,False,Valid SKU
J0187-KR-M,J0187,0,Kurta,M,Black,False,Out of Stock,False,Valid SKU
J0187-KR-S,J0187,9,Kurta,S,Black,False,In Stock,False,Valid SKU
J0187-KR-XL,J0187,1,Kurta,XL,Black,False,Low Stock,False,Valid SKU
J0187-KR-XS,J0187,19,Kurta,XS,Black,False,In Stock,False,Valid SKU
J0187-KR-XXL,J0187,5,Kurta,XXL,Black,False,Low Stock,False,Valid SKU
J0187-KR-XXXL,J0187,0,Kurta,XXXL,Black,False,Out of Stock,False,Valid SKU
J0188-KR-L,J0188,2,Kurta,L,Off White,False,Low Stock,False,Valid SKU
J0188-KR-M,J0188,2,Kurta,M,Off White,False,Low Stock,False,Valid SKU
J0188-KR-S,J0188,3,Kurta,S,Off White,False,Low Stock,False,Valid SKU
J0188-KR-XL,J0188,2,Kurta,XL,Off White,False,Low Stock,False,Valid SKU
J0188-KR-XS,J0188,0,Kurta,XS,Off White,False,Out of Stock,False,Valid SKU
J0188-KR-XXL,J0188,3,Kurta,XXL,Off White,False,Low Stock,False,Valid SKU
J0188-KR-XXXL,J0188,1,Kurta,XXXL,Off White,False,Low Stock,False,Valid SKU
J0189-TP-L,J0189,10,Top,L,Orange,False,In Stock,False,Valid SKU
J0189-TP-M,J0189,68,Top,M,Orange,False,In Stock,False,Valid SKU
J0189-TP-S,J0189,37,Top,S,Orange,False,In Stock,False,Valid SKU
J0189-TP-XL,J0189,12,Top,XL,Orange,False,In Stock,False,Valid SKU
J0189-TP-XS,J0189,37,Top,XS,Orange,False,In Stock,False,Valid SKU
J0189-TP-XXL,J0189,23,Top,XXL,Orange,False,In Stock,False,Valid SKU
J0189-TP-XXXL,J0189,4,Top,XXXL,Orange,False,Low Stock,False,Valid SKU
J0190-TP-L,J0190,1,Top,L,Blue,False,Low Stock,False,Valid SKU
J0190-TP-M,J0190,2,Top,M,Blue,False,Low Stock,False,Valid SKU
J0190-TP-S,J0190,16,Top,S,Blue,False,In Stock,False,Valid SKU
J0190-TP-XL,J0190,1,Top,XL,Blue,False,Low Stock,False,Valid SKU
J0190-TP-XS,J0190,52,Top,XS,Blue,False,In Stock,False,Valid SKU
J0190-TP-XXL,J0190,1,Top,XXL,Blue,False,Low Stock,False,Valid SKU
J0190-TP-XXXL,J0190,3,Top,XXXL,Blue,False,Low Stock,False,Valid SKU
J0192-TP-L,J0192,1,Top,L,Navy Blue,False,Low Stock,False,Valid SKU
J0192-TP-M,J0192,0,Top,M,Navy Blue,False,Out of Stock,False,Valid SKU
J0192-TP-S,J0192,3,Top,S,Navy Blue,False,Low Stock,False,Valid SKU
J0192-TP-XL,J0192,5,Top,XL,Navy Blue,False,Low Stock,False,Valid SKU
J0192-TP-XS,J0192,1,Top,XS,Navy Blue,False,Low Stock,False,Valid SKU
J0192-TP-XXL,J0192,1,Top,XXL,Navy Blue,False,Low Stock,False,Valid SKU
J0192-TP-XXXL,J0192,2,Top,XXXL,Navy Blue,False,Low Stock,False,Valid SKU
J0193-SET-L,J0193,2,Kurta Set,L,Mustard,False,Low Stock,False,Valid SKU
J0193-SET-M,J0193,2,Kurta Set,M,Mustard,False,Low Stock,False,Valid SKU
J0193-SET-S,J0193,1,Kurta Set,S,Mustard,False,Low Stock,False,Valid SKU
J0193-SET-XL,J0193,3,Kurta Set,XL,Mustard,False,Low Stock,False,Valid SKU
J0193-SET-XS,J0193,0,Kurta Set,XS,Mustard,False,Out of Stock,False,Valid SKU
J0193-SET-XXL,J0193,4,Kurta Set,XXL,Mustard,False,Low Stock,False,Valid SKU
J0193-SET-XXXL,J0193,2,Kurta Set,XXXL,Mustard,False,Low Stock,False,Valid SKU
J0194-DR-L,J0194,1,Dress,L,Green,False,Low Stock,False,Valid SKU
J0194-DR-M,J0194,5,Dress,M,Green,False,Low Stock,False,Valid SKU
J0194-DR-S,J0194,12,Dress,S,Green,False,In Stock,False,Valid SKU
J0194-DR-XL,J0194,5,Dress,XL,Green,False,Low Stock,False,Valid SKU
J0194-DR-XS,J0194,28,Dress,XS,Green,False,In Stock,False,Valid SKU
J0194-DR-XXL,J0194,3,Dress,XXL,Green,False,Low Stock,False,Valid SKU
J0194-DR-XXXL,J0194,2,Dress,XXXL,Green,False,Low Stock,False,Valid SKU
J0195-TP-L,J0195,71,Top,L,Maroon,False,In Stock,False,Valid SKU
J0195-TP-M,J0195,50,Top,M,Maroon,False,In Stock,False,Valid SKU
J0195-TP-S,J0195,20,Top,S,Maroon,False,In Stock,False,Valid SKU
J0195-TP-XL,J0195,20,Top,XL,Maroon,False,In Stock,False,Valid SKU
J0195-TP-XS,J0195,11,Top,XS,Maroon,False,In Stock,False,Valid SKU
J0195-TP-XXL,J0195,9,Top,XXL,Maroon,False,In Stock,False,Valid SKU
J0195-TP-XXXL,J0195,9,Top,XXXL,Maroon,False,In Stock,False,Valid SKU
J0196-TP-L,J0196,1,Top,L,Green,False,Low Stock,False,Valid SKU
J0196-TP-M,J0196,3,Top,M,Green,False,Low Stock,False,Valid SKU
J0196-TP-S,J0196,5,Top,S,Green,False,Low Stock,False,Valid SKU
J0196-TP-XL,J0196,6,Top,XL,Green,False,In Stock,False,Valid SKU
J0196-TP-XS,J0196,33,Top,XS,Green,False,In Stock,False,Valid SKU
J0196-TP-XXL,J0196,2,Top,XXL,Green,False,Low Stock,False,Valid SKU
J0196-TP-XXXL,J0196,3,Top,XXXL,Green,False,Low Stock,False,Valid SKU
J0197-TP-L,J0197,2,Top,L,Blue,False,Low Stock,False,Valid SKU
J0197-TP-M,J0197,2,Top,M,Blue,False,Low Stock,False,Valid SKU
J0197-TP-S,J0197,5,Top,S,Blue,False,Low Stock,False,Valid SKU
J0197-TP-XL,J0197,2,Top,XL,Blue,False,Low Stock,False,Valid SKU
J0197-TP-XS,J0197,29,Top,XS,Blue,False,In Stock,False,Valid SKU
J0197-TP-XXL,J0197,4,Top,XXL,Blue,False,Low Stock,False,Valid SKU
J0197-TP-XXXL,J0197,14,Top,XXXL,Blue,False,In Stock,False,Valid SKU
J0198-TP-L,J0198,21,Top,L,Navy Blue,False,In Stock,False,Valid SKU
J0198-TP-M,J0198,27,Top,M,Navy Blue,False,In Stock,False,Valid SKU
J0198-TP-S,J0198,3,Top,S,Navy Blue,False,Low Stock,False,Valid SKU
J0198-TP-XL,J0198,49,Top,XL,Navy Blue,False,In Stock,False,Valid SKU
J0198-TP-XS,J0198,4,Top,XS,Navy Blue,False,Low Stock,False,Valid SKU
J0198-TP-XXL,J0198,7,Top,XXL,Navy Blue,False,In Stock,False,Valid SKU
J0198-TP-XXXL,J0198,5,Top,XXXL,Navy Blue,False,Low Stock,False,Valid SKU
J0199-SET-L,J0199,2,Set,L,Black,False,Low Stock,False,Valid SKU
J0199-SET-M,J0199,2,Set,M,Black,False,Low Stock,False,Valid SKU
J0199-SET-S,J0199,2,Set,S,Black,False,Low Stock,False,Valid SKU
J0199-SET-XL,J0199,2,Set,XL,Black,False,Low Stock,False,Valid SKU
J0199-SET-XS,J0199,4,Set,XS,Black,False,Low Stock,False,Valid SKU
J0199-SET-XXL,J0199,4,Set,XXL,Black,False,Low Stock,False,Valid SKU
J0199-SET-XXXL,J0199,4,Set,XXXL,Black,False,Low Stock,False,Valid SKU
J0201-TP-L,J0201,4,Top,L,Teal,False,Low Stock,False,Valid SKU
J0201-TP-M,J0201,4,Top,M,Teal,False,Low Stock,False,Valid SKU
J0201-TP-S,J0201,3,Top,S,Teal,False,Low Stock,False,Valid SKU
J0201-TP-XL,J0201,3,Top,XL,Teal,False,Low Stock,False,Valid SKU
J0201-TP-XS,J0201,4,Top,XS,Teal,False,Low Stock,False,Valid SKU
J0201-TP-XXL,J0201,3,Top,XXL,Teal,False,Low Stock,False,Valid SKU
J0201-TP-XXXL,J0201,6,Top,XXXL,Teal,False,In Stock,False,Valid SKU
J0202-TP-L,J0202,3,Top,L,Blue,False,Low Stock,False,Valid SKU
J0202-TP-M,J0202,2,Top,M,Blue,False,Low Stock,False,Valid SKU
J0202-TP-S,J0202,5,Top,S,Blue,False,Low Stock,False,Valid SKU
J0202-TP-XL,J0202,2,Top,XL,Blue,False,Low Stock,False,Valid SKU
J0202-TP-XS,J0202,17,Top,XS,Blue,False,In Stock,False,Valid SKU
J0202-TP-XXL,J0202,7,Top,XXL,Blue,False,In Stock,False,Valid SKU
J0202-TP-XXXL,J0202,4,Top,XXXL,Blue,False,Low Stock,False,Valid SKU
J0203-TP-L,J0203,2,Top,L,Green,False,Low Stock,False,Valid SKU
J0203-TP-M,J0203,0,Top,M,Green,False,Out of Stock,False,Valid SKU
J0203-TP-S,J0203,4,Top,S,Green,False,Low Stock,False,Valid SKU
J0203-TP-XL,J0203,2,Top,XL,Green,False,Low Stock,False,Valid SKU
J0203-TP-XS,J0203,2,Top,XS,Green,False,Low Stock,False,Valid SKU
J0203-TP-XXL,J0203,2,Top,XXL,Green,False,Low Stock,False,Valid SKU
J0203-TP-XXXL,J0203,3,Top,XXXL,Green,False,Low Stock,False,Valid SKU
J0204-TP-L,J0204,1,Tunic,L,Mustard,False,Low Stock,False,Valid SKU
J0204-TP-M,J0204,1,Tunic,M,Mustard,False,Low Stock,False,Valid SKU
J0204-TP-S,J0204,3,Tunic,S,Mustard,False,Low Stock,False,Valid SKU
J0204-TP-XL,J0204,2,Tunic,XL,Mustard,False,Low Stock,False,Valid SKU
J0204-TP-XS,J0204,5,Tunic,XS,Mustard,False,Low Stock,False,Valid SKU
J0204-TP-XXL,J0204,4,Tunic,XXL,Mustard,False,Low Stock,False,Valid SKU
J0204-TP-XXXL,J0204,7,Tunic,XXXL,Mustard,False,In Stock,False,Valid SKU
J0205-TP-L,J0205,2,Top,L,Peach,False,Low Stock,False,Valid SKU
J0205-TP-M,J0205,2,Top,M,Peach,False,Low Stock,False,Valid SKU
J0205-TP-S,J0205,5,Top,S,Peach,False,Low Stock,False,Valid SKU
J0205-TP-XL,J0205,4,Top,XL,Peach,False,Low Stock,False,Valid SKU
J0205-TP-XS,J0205,7,Top,XS,Peach,False,In Stock,False,Valid SKU
J0205-TP-XXL,J0205,6,Top,XXL,Peach,False,In Stock,False,Valid SKU
J0205-TP-XXXL,J0205,3,Top,XXXL,Peach,False,Low Stock,False,Valid SKU
J0207-DR-L,J0207,14,Dress,L,Olive,False,In Stock,False,Valid SKU
J0207-DR-M,J0207,20,Dress,M,Olive,False,In Stock,False,Valid SKU
J0207-DR-S,J0207,33,Dress,S,Olive,False,In Stock,False,Valid SKU
J0207-DR-XL,J0207,35,Dress,XL,Olive,False,In Stock,False,Valid SKU
J0207-DR-XS,J0207,13,Dress,XS,Olive,False,In Stock,False,Valid SKU
J0207-DR-XXL,J0207,1,Dress,XXL,Olive,False,Low Stock,False,Valid SKU
J0207-DR-XXXL,J0207,10,Dress,XXXL,Olive,False,In Stock,False,Valid SKU
J0208-DR-L,J0208,2,Dress,L,Peach,False,Low Stock,False,Valid SKU
J0208-DR-M,J0208,5,Dress,M,Peach,False,Low Stock,False,Valid SKU
J0208-DR-S,J0208,9,Dress,S,Peach,False,In Stock,False,Valid SKU
J0208-DR-XL,J0208,2,Dress,XL,Peach,False,Low Stock,False,Valid SKU
J0208-DR-XS,J0208,35,Dress,XS,Peach,False,In Stock,False,Valid SKU
J0208-DR-XXL,J0208,3,Dress,XXL,Peach,False,Low Stock,False,Valid SKU
J0208-DR-XXXL,J0208,9,Dress,XXXL,Peach,False,In Stock,False,Valid SKU
J0209-DR-L,J0209,26,Dress,L,Blue,False,In Stock,False,Valid SKU
J0209-DR-M,J0209,43,Dress,M,Blue,False,In Stock,False,Valid SKU
J0209-DR-S,J0209,49,Dress,S,Blue,False,In Stock,False,Valid SKU
J0209-DR-XL,J0209,12,Dress,XL,Blue,False,In Stock,False,Valid SKU
J0209-DR-XS,J0209,25,Dress,XS,Blue,False,In Stock,False,Valid SKU
J0209-DR-XXL,J0209,19,Dress,XXL,Blue,False,In Stock,False,Valid SKU
J0209-DR-XXXL,J0209,32,Dress,XXXL,Blue,False,In Stock,False,Valid SKU
J0210-DR-L,J0210,3,Dress,L,Navy Blue,False,Low Stock,False,Valid SKU
J0210-DR-M,J0210,2,Dress,M,Navy Blue,False,Low Stock,False,Valid SKU
J0210-DR-S,J0210,3,Dress,S,Navy Blue,False,Low Stock,False,Valid SKU
J0210-DR-XL,J0210,5,Dress,XL,Navy Blue,False,Low Stock,False,Valid SKU
J0210-DR-XS,J0210,6,Dress,XS,Navy Blue,False,In Stock,False,Valid SKU
J0210-DR-XXL,J0210,7,Dress,XXL,Navy Blue,False,In Stock,False,Valid SKU
J0210-DR-XXXL,J0210,4,Dress,XXXL,Navy Blue,False,Low Stock,False,Valid SKU
J0211-DR-L,J0211,11,Dress,L,Maroon,False,In Stock,False,Valid SKU
J0211-DR-M,J0211,14,Dress,M,Maroon,False,In Stock,False,Valid SKU
J0211-DR-S,J0211,6,Dress,S,Maroon,False,In Stock,False,Valid SKU
J0211-DR-XL,J0211,17,Dress,XL,Maroon,False,In Stock,False,Valid SKU
J0211-DR-XS,J0211,8,Dress,XS,Maroon,False,In Stock,False,Valid SKU
J0211-DR-XXL,J0211,24,Dress,XXL,Maroon,False,In Stock,False,Valid SKU
J0211-DR-XXXL,J0211,3,Dress,XXXL,Maroon,False,Low Stock,False,Valid SKU
J0212-DR-L,J0212,9,Dress,L,Green,False,In Stock,False,Valid SKU
J0212-DR-M,J0212,22,Dress,M,Green,False,In Stock,False,Valid SKU
J0212-DR-S,J0212,33,Dress,S,Green,False,In Stock,False,Valid SKU
J0212-DR-XL,J0212,5,Dress,XL,Green,False,Low Stock,False,Valid SKU
J0212-DR-XS,J0212,34,Dress,XS,Green,False,In Stock,False,Valid SKU
J0212-DR-XXL,J0212,6,Dress,XXL,Green,False,In Stock,False,Valid SKU
J0212-DR-XXXL,J0212,3,Dress,XXXL,Green,False,Low Stock,False,Valid SKU
J0213-TP-L,J0213,3,Top,L,Mustard,False,Low Stock,False,Valid SKU
J0213-TP-M,J0213,3,Top,M,Mustard,False,Low Stock,False,Valid SKU
J0213-TP-S,J0213,20,Top,S,Mustard,False,In Stock,False,Valid SKU
J0213-TP-XL,J0213,2,Top,XL,Mustard,False,Low Stock,False,Valid SKU
J0213-TP-XS,J0213,32,Top,XS,Mustard,False,In Stock,False,Valid SKU
J0213-TP-XXL,J0213,9,Top,XXL,Mustard,False,In Stock,False,Valid SKU
J0213-TP-XXXL,J0213,7,Top,XXXL,Mustard,False,In Stock,False,Valid SKU
J0214-TP-L,J0214,8,Top,L,Burgundy,False,In Stock,False,Valid SKU
J0214-TP-M,J0214,4,Top,M,Burgundy,False,Low Stock,False,Valid SKU
J0214-TP-S,J0214,3,Top,S,Burgundy,False,Low Stock,False,Valid SKU
J0214-TP-XL,J0214,4,Top,XL,Burgundy,False,Low Stock,False,Valid SKU
J0214-TP-XS,J0214,13,Top,XS,Burgundy,False,In Stock,False,Valid SKU
J0214-TP-XXL,J0214,3,Top,XXL,Burgundy,False,Low Stock,False,Valid SKU
J0214-TP-XXXL,J0214,10,Top,XXXL,Burgundy,False,In Stock,False,Valid SKU
J0215-BL-L,J0215,15,Blouse,L,Blue,False,In Stock,False,Valid SKU
J0215-BL-M,J0215,22,Blouse,M,Blue,False,In Stock,False,Valid SKU
J0215-BL-S,J0215,40,Blouse,S,Blue,False,In Stock,False,Valid SKU
J0215-BL-XL,J0215,28,Blouse,XL,Blue,False,In Stock,False,Valid SKU
J0215-BL-XS,J0215,1,Blouse,XS,Blue,False,Low Stock,False,Valid SKU
J0215-BL-XXL,J0215,22,Blouse,XXL,Blue,False,In Stock,False,Valid SKU
J0216-BL-L,J0216,31,Blouse,L,Green,False,In Stock,False,Valid SKU
J0216-BL-M,J0216,20,Blouse,M,Green,False,In Stock,False,Valid SKU
J0216-BL-S,J0216,8,Blouse,S,Green,False,In Stock,False,Valid SKU
J0216-BL-XL,J0216,23,Blouse,XL,Green,False,In Stock,False,Valid SKU
J0216-BL-XXL,J0216,17,Blouse,XXL,Green,False,In Stock,False,Valid SKU
J0217-BL-L,J0217,16,Blouse,L,Purple,False,In Stock,False,Valid SKU
J0217-BL-M,J0217,24,Blouse,M,Purple,False,In Stock,False,Valid SKU
J0217-BL-S,J0217,18,Blouse,S,Purple,False,In Stock,False,Valid SKU
J0217-BL-XL,J0217,20,Blouse,XL,Purple,False,In Stock,False,Valid SKU
J0217-BL-XXL,J0217,12,Blouse,XXL,Purple,False,In Stock,False,Valid SKU
J0219-BL-L,J0219,64,Blouse,L,Pink,False,In Stock,False,Valid SKU
J0219-BL-M,J0219,72,Blouse,M,Pink,False,In Stock,False,Valid SKU
J0219-BL-S,J0219,66,Blouse,S,Pink,False,In Stock,False,Valid SKU
J0219-BL-XL,J0219,82,Blouse,XL,Pink,False,In Stock,False,Valid SKU
J0219-BL-XXL,J0219,54,Blouse,XXL,Pink,False,In Stock,False,Valid SKU
J0220-BL-L,J0220,19,Blouse,L,Maroon,False,In Stock,False,Valid SKU
J0220-BL-M,J0220,27,Blouse,M,Maroon,False,In Stock,False,Valid SKU
J0220-BL-S,J0220,18,Blouse,S,Maroon,False,In Stock,False,Valid SKU
J0220-BL-XL,J0220,28,Blouse,XL,Maroon,False,In Stock,False,Valid SKU
J0220-BL-XXL,J0220,16,Blouse,XXL,Maroon,False,In Stock,False,Valid SKU
J0223-SKD-L,J0223,23,Set,L,Purple,False,In Stock,False,Valid SKU
J0223-SKD-M,J0223,30,Set,M,Purple,False,In Stock,False,Valid SKU
J0223-SKD-S,J0223,28,Set,S,Purple,False,In Stock,False,Valid SKU
J0223-SKD-XL,J0223,25,Set,XL,Purple,False,In Stock,False,Valid SKU
J0223-SKD-XS,J0223,16,Set,XS,Purple,False,In Stock,False,Valid SKU
J0223-SKD-XXL,J0223,30,Set,XXL,Purple,False,In Stock,False,Valid SKU
J0223-SKD-XXXL,J0223,9,Set,XXXL,Purple,False,In Stock,False,Valid SKU
J0224-SKD-L,J0224,54,Set,L,Pink,False,In Stock,False,Valid SKU
J0224-SKD-M,J0224,46,Set,M,Pink,False,In Stock,False,Valid SKU
J0224-SKD-S,J0224,62,Set,S,Pink,False,In Stock,False,Valid SKU
J0224-SKD-XL,J0224,51,Set,XL,Pink,False,In Stock,False,Valid SKU
J0224-SKD-XS,J0224,45,Set,XS,Pink,False,In Stock,False,Valid SKU
J0224-SKD-XXL,J0224,42,Set,XXL,Pink,False,In Stock,False,Valid SKU
J0224-SKD-XXXL,J0224,41,Set,XXXL,Pink,False,In Stock,False,Valid SKU
J0225-SKD-L,J0225,30,Set,L,Blue,False,In Stock,False,Valid SKU
J0225-SKD-M,J0225,25,Set,M,Blue,False,In Stock,False,Valid SKU
J0225-SKD-S,J0225,49,Set,S,Blue,False,In Stock,False,Valid SKU
J0225-SKD-XL,J0225,31,Set,XL,Blue,False,In Stock,False,Valid SKU
J0225-SKD-XS,J0225,48,Set,XS,Blue,False,In Stock,False,Valid SKU
J0225-SKD-XXL,J0225,36,Set,XXL,Blue,False,In Stock,False,Valid SKU
J0225-SKD-XXXL,J0225,22,Set,XXXL,Blue,False,In Stock,False,Valid SKU
J0226-SKD-L,J0226,32,Set,L,Green,False,In Stock,False,Valid SKU
J0226-SKD-M,J0226,147,Set,M,Green,False,In Stock,False,Valid SKU
J0226-SKD-S,J0226,61,Set,S,Green,False,In Stock,False,Valid SKU
J0226-SKD-XL,J0226,79,Set,XL,Green,False,In Stock,False,Valid SKU
J0226-SKD-XS,J0226,39,Set,XS,Green,False,In Stock,False,Valid SKU
J0226-SKD-XXL,J0226,34,Set,XXL,Green,False,In Stock,False,Valid SKU
J0226-SKD-XXXL,J0226,39,Set,XXXL,Green,False,In Stock,False,Valid SKU
J0228-SKD-L,J0228,3,Set,L,Navy Blue,False,Low Stock,False,Valid SKU
J0228-SKD-M,J0228,38,Set,M,Navy Blue,False,In Stock,False,Valid SKU
J0228-SKD-S,J0228,34,Set,S,Navy Blue,False,In Stock,False,Valid SKU
J0228-SKD-XL,J0228,41,Set,XL,Navy Blue,False,In Stock,False,Valid SKU
J0228-SKD-XS,J0228,32,Set,XS,Navy Blue,False,In Stock,False,Valid SKU
J0228-SKD-XXL,J0228,35,Set,XXL,Navy Blue,False,In Stock,False,Valid SKU
J0228-SKD-XXXL,J0228,49,Set,XXXL,Navy Blue,False,In Stock,False,Valid SKU
J0229-SKD-L,J0229,50,Set,L,Maroon,False,In Stock,False,Valid SKU
J0229-SKD-M,J0229,63,Set,M,Maroon,False,In Stock,False,Valid SKU
J0229-SKD-S,J0229,67,Set,S,Maroon,False,In Stock,False,Valid SKU
J0229-SKD-XL,J0229,67,Set,XL,Maroon,False,In Stock,False,Valid SKU
J0229-SKD-XS,J0229,60,Set,XS,Maroon,False,In Stock,False,Valid SKU
J0229-SKD-XXL,J0229,68,Set,XXL,Maroon,False,In Stock,False,Valid SKU
J0229-SKD-XXXL,J0229,53,Set,XXXL,Maroon,False,In Stock,False,Valid SKU
J0230-SKD-L,J0230,51,Kurta Set,L,Blue,False,In Stock,False,Valid SKU
J0230-SKD-M,J0230,152,Kurta Set,M,Blue,False,In Stock,False,Valid SKU
J0230-SKD-S,J0230,84,Kurta Set,S,Blue,False,In Stock,False,Valid SKU
J0230-SKD-XL,J0230,31,Kurta Set,XL,Blue,False,In Stock,False,Valid SKU
J0230-SKD-XS,J0230,148,Kurta Set,XS,Blue,False,In Stock,False,Valid SKU
J0230-SKD-XXL,J0230,24,Kurta Set,XXL,Blue,False,In Stock,False,Valid SKU
J0230-SKD-XXXL,J0230,26,Kurta Set,XXXL,Blue,False,In Stock,False,Valid SKU
J0231-SKD-L,J0231,16,Kurta Set,L,Green,False,In Stock,False,Valid SKU
J0231-SKD-M,J0231,34,Kurta Set,M,Green,False,In Stock,False,Valid SKU
J0231-SKD-S,J0231,30,Kurta Set,S,Green,False,In Stock,False,Valid SKU
J0231-SKD-XL,J0231,18,Kurta Set,XL,Green,False,In Stock,False,Valid SKU
J0231-SKD-XS,J0231,30,Kurta Set,XS,Green,False,In Stock,False,Valid SKU
J0231-SKD-XXL,J0231,24,Kurta Set,XXL,Green,False,In Stock,False,Valid SKU
J0231-SKD-XXXL,J0231,13,Kurta Set,XXXL,Green,False,In Stock,False,Valid SKU
J0232-SKD-L,J0232,21,Kurta Set,L,Multicolor,False,In Stock,False,Valid SKU
J0232-SKD-M,J0232,31,Kurta Set,M,Multicolor,False,In Stock,False,Valid SKU
J0232-SKD-S,J0232,8,Kurta Set,S,Multicolor,False,In Stock,False,Valid SKU
J0232-SKD-XL,J0232,12,Kurta Set,XL,Multicolor,False,In Stock,False,Valid SKU
J0232-SKD-XS,J0232,33,Kurta Set,XS,Multicolor,False,In Stock,False,Valid SKU
J0232-SKD-XXL,J0232,10,Kurta Set,XXL,Multicolor,False,In Stock,False,Valid SKU
J0232-SKD-XXXL,J0232,41,Kurta Set,XXXL,Multicolor,False,In Stock,False,Valid SKU
J0233-SKD-L,J0233,48,Kurta Set,L,Maroon,False,In Stock,False,Valid SKU
J0233-SKD-M,J0233,31,Kurta Set,M,Maroon,False,In Stock,False,Valid SKU
J0233-SKD-S,J0233,111,Kurta Set,S,Maroon,False,In Stock,False,Valid SKU
J0233-SKD-XL,J0233,48,Kurta Set,XL,Maroon,False,In Stock,False,Valid SKU
J0233-SKD-XS,J0233,88,Kurta Set,XS,Maroon,False,In Stock,False,Valid SKU
J0233-SKD-XXL,J0233,75,Kurta Set,XXL,Maroon,False,In Stock,False,Valid SKU
J0233-SKD-XXXL,J0233,36,Kurta Set,XXXL,Maroon,False,In Stock,False,Valid SKU
J0234-SKD-L,J0234,6,Kurta Set,L,Mustard,False,In Stock,False,Valid SKU
J0234-SKD-M,J0234,5,Kurta Set,M,Mustard,False,Low Stock,False,Valid SKU
J0234-SKD-S,J0234,6,Kurta Set,S,Mustard,False,In Stock,False,Valid SKU
J0234-SKD-XL,J0234,8,Kurta Set,XL,Mustard,False,In Stock,False,Valid SKU
J0234-SKD-XS,J0234,52,Kurta Set,XS,Mustard,False,In Stock,False,Valid SKU
J0234-SKD-XXL,J0234,6,Kurta Set,XXL,Mustard,False,In Stock,False,Valid SKU
J0234-SKD-XXXL,J0234,7,Kurta Set,XXXL,Mustard,False,In Stock,False,Valid SKU
J0235-SKD-L,J0235,20,Kurta Set,L,Rust,False,In Stock,False,Valid SKU
J0235-SKD-M,J0235,37,Kurta Set,M,Rust,False,In Stock,False,Valid SKU
J0235-SKD-S,J0235,26,Kurta Set,S,Rust,False,In Stock,False,Valid SKU
J0235-SKD-XL,J0235,44,Kurta Set,XL,Rust,False,In Stock,False,Valid SKU
J0235-SKD-XS,J0235,52,Kurta Set,XS,Rust,False,In Stock,False,Valid SKU
J0235-SKD-XXL,J0235,49,Kurta Set,XXL,Rust,False,In Stock,False,Valid SKU
J0235-SKD-XXXL,J0235,47,Kurta Set,XXXL,Rust,False,In Stock,False,Valid SKU
J0236-SKD-L,J0236,5,Kurta Set,L,Pink,False,Low Stock,False,Valid SKU
J0236-SKD-M,J0236,3,Kurta Set,M,Pink,False,Low Stock,False,Valid SKU
J0236-SKD-S,J0236,7,Kurta Set,S,Pink,False,In Stock,False,Valid SKU
J0236-SKD-XL,J0236,3,Kurta Set,XL,Pink,False,Low Stock,False,Valid SKU
J0236-SKD-XS,J0236,4,Kurta Set,XS,Pink,False,Low Stock,False,Valid SKU
J0236-SKD-XXL,J0236,6,Kurta Set,XXL,Pink,False,In Stock,False,Valid SKU
J0236-SKD-XXXL,J0236,4,Kurta Set,XXXL,Pink,False,Low Stock,False,Valid SKU
J0237-SKD-L,J0237,6,Kurta Set,L,Orange,False,In Stock,False,Valid SKU
J0237-SKD-M,J0237,2,Kurta Set,M,Orange,False,Low Stock,False,Valid SKU
J0237-SKD-S,J0237,6,Kurta Set,S,Orange,False,In Stock,False,Valid SKU
J0237-SKD-XL,J0237,4,Kurta Set,XL,Orange,False,Low Stock,False,Valid SKU
J0237-SKD-XS,J0237,22,Kurta Set,XS,Orange,False,In Stock,False,Valid SKU
J0237-SKD-XXL,J0237,4,Kurta Set,XXL,Orange,False,Low Stock,False,Valid SKU
J0237-SKD-XXXL,J0237,8,Kurta Set,XXXL,Orange,False,In Stock,False,Valid SKU
J0238-LCD-L,J0238,5,Lehenga Choli,L,White,False,Low Stock,False,Valid SKU
J0238-LCD-M,J0238,0,Lehenga Choli,M,White,False,Out of Stock,False,Valid SKU
J0238-LCD-S,J0238,3,Lehenga Choli,S,White,False,Low Stock,False,Valid SKU
J0238-LCD-XL,J0238,7,Lehenga Choli,XL,White,False,In Stock,False,Valid SKU
J0238-LCD-XS,J0238,1,Lehenga Choli,XS,White,False,Low Stock,False,Valid SKU
J0238-LCD-XXL,J0238,17,Lehenga Choli,XXL,White,False,In Stock,False,Valid SKU
J0238-LCD-XXXL,J0238,8,Lehenga Choli,XXXL,White,False,In Stock,False,Valid SKU
J0239-SKD-L,J0239,7,Kurta Set,L,Off White,False,In Stock,False,Valid SKU
J0239-SKD-M,J0239,14,Kurta Set,M,Off White,False,In Stock,False,Valid SKU
J0239-SKD-S,J0239,23,Kurta Set,S,Off White,False,In Stock,False,Valid SKU
J0239-SKD-XL,J0239,5,Kurta Set,XL,Off White,False,Low Stock,False,Valid SKU
J0239-SKD-XS,J0239,6,Kurta Set,XS,Off White,False,In Stock,False,Valid SKU
J0239-SKD-XXL,J0239,8,Kurta Set,XXL,Off White,False,In Stock,False,Valid SKU
J0239-SKD-XXXL,J0239,3,Kurta Set,XXXL,Off White,False,Low Stock,False,Valid SKU
J0240-SKD-L,J0240,6,Kurta Set,L,Off White,False,In Stock,False,Valid SKU
J0240-SKD-M,J0240,6,Kurta Set,M,Off White,False,In Stock,False,Valid SKU
J0240-SKD-S,J0240,7,Kurta Set,S,Off White,False,In Stock,False,Valid SKU
J0240-SKD-XL,J0240,4,Kurta Set,XL,Off White,False,Low Stock,False,Valid SKU
J0240-SKD-XS,J0240,41,Kurta Set,XS,Off White,False,In Stock,False,Valid SKU
J0240-SKD-XXL,J0240,0,Kurta Set,XXL,Off White,False,Out of Stock,False,Valid SKU
J0240-SKD-XXXL,J0240,10,Kurta Set,XXXL,Off White,False,In Stock,False,Valid SKU
J0241-SKD-L,J0241,21,Kurta Set,L,Off White,False,In Stock,False,Valid SKU
J0241-SKD-M,J0241,21,Kurta Set,M,Off White,False,In Stock,False,Valid SKU
J0241-SKD-S,J0241,30,Kurta Set,S,Off White,False,In Stock,False,Valid SKU
J0241-SKD-XL,J0241,24,Kurta Set,XL,Off White,False,In Stock,False,Valid SKU
J0241-SKD-XS,J0241,50,Kurta Set,XS,Off White,False,In Stock,False,Valid SKU
J0241-SKD-XXL,J0241,30,Kurta Set,XXL,Off White,False,In Stock,False,Valid SKU
J0241-SKD-XXXL,J0241,51,Kurta Set,XXXL,Off White,False,In Stock,False,Valid SKU
J0242-SKD-L,J0242,3,Kurta Set,L,Off White,False,Low Stock,False,Valid SKU
J0242-SKD-M,J0242,3,Kurta Set,M,Off White,False,Low Stock,False,Valid SKU
J0242-SKD-S,J0242,26,Kurta Set,S,Off White,False,In Stock,False,Valid SKU
J0242-SKD-XL,J0242,0,Kurta Set,XL,Off White,False,Out of Stock,False,Valid SKU
J0242-SKD-XS,J0242,33,Kurta Set,XS,Off White,False,In Stock,False,Valid SKU
J0242-SKD-XXL,J0242,7,Kurta Set,XXL,Off White,False,In Stock,False,Valid SKU
J0242-SKD-XXXL,J0242,24,Kurta Set,XXXL,Off White,False,In Stock,False,Valid SKU
J0243-DR-L,J0243,2,Dress,L,Off White,False,Low Stock,False,Valid SKU
J0243-DR-M,J0243,5,Dress,M,Off White,False,Low Stock,False,Valid SKU
J0243-DR-S,J0243,3,Dress,S,Off White,False,Low Stock,False,Valid SKU
J0243-DR-XL,J0243,4,Dress,XL,Off White,False,Low Stock,False,Valid SKU
J0243-DR-XS,J0243,31,Dress,XS,Off White,False,In Stock,False,Valid SKU
J0243-DR-XXL,J0243,8,Dress,XXL,Off White,False,In Stock,False,Valid SKU
J0243-DR-XXXL,J0243,7,Dress,XXXL,Off White,False,In Stock,False,Valid SKU
J0244-SKD-L,J0244,4,Kurta Set,L,Off White,False,Low Stock,False,Valid SKU
J0244-SKD-M,J0244,4,Kurta Set,M,Off White,False,Low Stock,False,Valid SKU
J0244-SKD-S,J0244,7,Kurta Set,S,Off White,False,In Stock,False,Valid SKU
J0244-SKD-XL,J0244,5,Kurta Set,XL,Off White,False,Low Stock,False,Valid SKU
J0244-SKD-XS,J0244,22,Kurta Set,XS,Off White,False,In Stock,False,Valid SKU
J0244-SKD-XXL,J0244,22,Kurta Set,XXL,Off White,False,In Stock,False,Valid SKU
J0244-SKD-XXXL,J0244,6,Kurta Set,XXXL,Off White,False,In Stock,False,Valid SKU
J0245-SKD-L,J0245,16,Kurta Set,L,Off White,False,In Stock,False,Valid SKU
J0245-SKD-M,J0245,14,Kurta Set,M,Off White,False,In Stock,False,Valid SKU
J0245-SKD-S,J0245,27,Kurta Set,S,Off White,False,In Stock,False,Valid SKU
J0245-SKD-XL,J0245,10,Kurta Set,XL,Off White,False,In Stock,False,Valid SKU
J0245-SKD-XS,J0245,22,Kurta Set,XS,Off White,False,In Stock,False,Valid SKU
J0245-SKD-XXL,J0245,11,Kurta Set,XXL,Off White,False,In Stock,False,Valid SKU
J0245-SKD-XXXL,J0245,10,Kurta Set,XXXL,Off White,False,In Stock,False,Valid SKU
J0246-SKD-L,J0246,40,Kurta Set,L,Off White,False,In Stock,False,Valid SKU
J0246-SKD-M,J0246,31,Kurta Set,M,Off White,False,In Stock,False,Valid SKU
J0246-SKD-S,J0246,34,Kurta Set,S,Off White,False,In Stock,False,Valid SKU
J0246-SKD-XL,J0246,42,Kurta Set,XL,Off White,False,In Stock,False,Valid SKU
J0246-SKD-XS,J0246,42,Kurta Set,XS,Off White,False,In Stock,False,Valid SKU
J0246-SKD-XXL,J0246,36,Kurta Set,XXL,Off White,False,In Stock,False,Valid SKU
J0246-SKD-XXXL,J0246,47,Kurta Set,XXXL,Off White,False,In Stock,False,Valid SKU
J0247-SKD-L,J0247,28,Kurta Set,L,Teal,False,In Stock,False,Valid SKU
J0247-SKD-M,J0247,16,Kurta Set,M,Teal,False,In Stock,False,Valid SKU
J0247-SKD-S,J0247,29,Kurta Set,S,Teal,False,In Stock,False,Valid SKU
J0247-SKD-XL,J0247,43,Kurta Set,XL,Teal,False,In Stock,False,Valid SKU
J0247-SKD-XS,J0247,24,Kurta Set,XS,Teal,False,In Stock,False,Valid SKU
J0247-SKD-XXL,J0247,37,Kurta Set,XXL,Teal,False,In Stock,False,Valid SKU
J0247-SKD-XXXL,J0247,38,Kurta Set,XXXL,Teal,False,In Stock,False,Valid SKU
J0248-KR-DPT-L,J0248,0,Kurta Set,L,Orange,False,Out of Stock,False,Valid SKU
J0248-KR-DPT-M,J0248,7,Kurta Set,M,Orange,False,In Stock,False,Valid SKU
J0248-KR-DPT-S,J0248,6,Kurta Set,S,Orange,False,In Stock,False,Valid SKU
J0248-KR-DPT-XL,J0248,4,Kurta Set,XL,Orange,False,Low Stock,False,Valid SKU
J0248-KR-DPT-XS,J0248,15,Kurta Set,XS,Orange,False,In Stock,False,Valid SKU
J0248-KR-DPT-XXL,J0248,6,Kurta Set,XXL,Orange,False,In Stock,False,Valid SKU
J0248-KR-DPT-XXXL,J0248,8,Kurta Set,XXXL,Orange,False,In Stock,False,Valid SKU
J0249-SKD-L,J0249,26,Kurta Set,L,Blue,False,In Stock,False,Valid SKU
J0249-SKD-M,J0249,34,Kurta Set,M,Blue,False,In Stock,False,Valid SKU
J0249-SKD-S,J0249,46,Kurta Set,S,Blue,False,In Stock,False,Valid SKU
J0249-SKD-XL,J0249,43,Kurta Set,XL,Blue,False,In Stock,False,Valid SKU
J0249-SKD-XS,J0249,47,Kurta Set,XS,Blue,False,In Stock,False,Valid SKU
J0249-SKD-XXL,J0249,32,Kurta Set,XXL,Blue,False,In Stock,False,Valid SKU
J0249-SKD-XXXL,J0249,29,Kurta Set,XXXL,Blue,False,In Stock,False,Valid SKU
J0250-SKD-L,J0250,9,Kurta Set,L,Olive,False,In Stock,False,Valid SKU
J0250-SKD-M,J0250,8,Kurta Set,M,Olive,False,In Stock,False,Valid SKU
J0250-SKD-S,J0250,17,Kurta Set,S,Olive,False,In Stock,False,Valid SKU
J0250-SKD-XL,J0250,10,Kurta Set,XL,Olive,False,In Stock,False,Valid SKU
J0250-SKD-XS,J0250,52,Kurta Set,XS,Olive,False,In Stock,False,Valid SKU
J0250-SKD-XXL,J0250,4,Kurta Set,XXL,Olive,False,Low Stock,False,Valid SKU
J0250-SKD-XXXL,J0250,28,Kurta Set,XXXL,Olive,False,In Stock,False,Valid SKU
J0251-SKD-L,J0251,7,Kurta Set,L,Mustard,False,In Stock,False,Valid SKU
J0251-SKD-M,J0251,4,Kurta Set,M,Mustard,False,Low Stock,False,Valid SKU
J0251-SKD-S,J0251,23,Kurta Set,S,Mustard,False,In Stock,False,Valid SKU
J0251-SKD-XL,J0251,7,Kurta Set,XL,Mustard,False,In Stock,False,Valid SKU
J0251-SKD-XS,J0251,42,Kurta Set,XS,Mustard,False,In Stock,False,Valid SKU
J0251-SKD-XXL,J0251,23,Kurta Set,XXL,Mustard,False,In Stock,False,Valid SKU
J0251-SKD-XXXL,J0251,35,Kurta Set,XXXL,Mustard,False,In Stock,False,Valid SKU
J0252-SKD-L,J0252,1,Kurta Set,L,Orange,False,Low Stock,False,Valid SKU
J0252-SKD-M,J0252,2,Kurta Set,M,Orange,False,Low Stock,False,Valid SKU
J0252-SKD-S,J0252,2,Kurta Set,S,Orange,False,Low Stock,False,Valid SKU
J0252-SKD-XL,J0252,2,Kurta Set,XL,Orange,False,Low Stock,False,Valid SKU
J0252-SKD-XS,J0252,9,Kurta Set,XS,Orange,False,In Stock,False,Valid SKU
J0252-SKD-XXL,J0252,6,Kurta Set,XXL,Orange,False,In Stock,False,Valid SKU
J0252-SKD-XXXL,J0252,6,Kurta Set,XXXL,Orange,False,In Stock,False,Valid SKU
J0254-SKD-L,J0254,5,Kurta Set,L,Wine,False,Low Stock,False,Valid SKU
J0254-SKD-M,J0254,6,Kurta Set,M,Wine,False,In Stock,False,Valid SKU
J0254-SKD-S,J0254,15,Kurta Set,S,Wine,False,In Stock,False,Valid SKU
J0254-SKD-XL,J0254,10,Kurta Set,XL,Wine,False,In Stock,False,Valid SKU
J0254-SKD-XS,J0254,21,Kurta Set,XS,Wine,False,In Stock,False,Valid SKU
J0254-SKD-XXL,J0254,20,Kurta Set,XXL,Wine,False,In Stock,False,Valid SKU
J0254-SKD-XXXL,J0254,6,Kurta Set,XXXL,Wine,False,In Stock,False,Valid SKU
J0259-KR-L,J0259,0,Kurta,L,Green,False,Out of Stock,False,Valid SKU
J0259-KR-M,J0259,2,Kurta,M,Green,False,Low Stock,False,Valid SKU
J0259-KR-S,J0259,1,Kurta,S,Green,False,Low Stock,False,Valid SKU
J0259-KR-XL,J0259,1,Kurta,XL,Green,False,Low Stock,False,Valid SKU
J0260-KR-L,J0260,1,Kurta,L,Green,False,Low Stock,False,Valid SKU
J0260-KR-M,J0260,1,Kurta,M,Green,False,Low Stock,False,Valid SKU
J0260-KR-S,J0260,1,Kurta,S,Green,False,Low Stock,False,Valid SKU
J0260-KR-XL,J0260,0,Kurta,XL,Green,False,Out of Stock,False,Valid SKU
J0260-KR-XXL,J0260,0,Kurta,XXL,Green,False,Out of Stock,False,Valid SKU
J0261-KR-L,J0261,1,Kurta,L,Black,False,Low Stock,False,Valid SKU
J0261-KR-M,J0261,1,Kurta,M,Black,False,Low Stock,False,Valid SKU
J0261-KR-S,J0261,0,Kurta,S,Black,False,Out of Stock,False,Valid SKU
J0261-KR-XL,J0261,2,Kurta,XL,Black,False,Low Stock,False,Valid SKU
J0261-KR-XXL,J0261,1,Kurta,XXL,Black,False,Low Stock,False,Valid SKU
J0262-KR-L,J0262,2,Kurta,L,Grey,False,Low Stock,False,Valid SKU
J0262-KR-M,J0262,0,Kurta,M,Grey,False,Out of Stock,False,Valid SKU
J0262-KR-S,J0262,2,Kurta,S,Grey,False,Low Stock,False,Valid SKU
J0262-KR-XL,J0262,1,Kurta,XL,Grey,False,Low Stock,False,Valid SKU
J0262-KR-XXL,J0262,2,Kurta,XXL,Grey,False,Low Stock,False,Valid SKU
J0263-KR-L,J0263,0,Kurta,L,Maroon,False,Out of Stock,False,Valid SKU
J0263-KR-M,J0263,0,Kurta,M,Maroon,False,Out of Stock,False,Valid SKU
J0263-KR-S,J0263,4,Kurta,S,Maroon,False,Low Stock,False,Valid SKU
J0263-KR-XL,J0263,2,Kurta,XL,Maroon,False,Low Stock,False,Valid SKU
J0263-KR-XXL,J0263,1,Kurta,XXL,Maroon,False,Low Stock,False,Valid SKU
J0264-KR-L,J0264,0,Kurta,L,Pink,False,Out of Stock,False,Valid SKU
J0264-KR-M,J0264,2,Kurta,M,Pink,False,Low Stock,False,Valid SKU
J0264-KR-S,J0264,2,Kurta,S,Pink,False,Low Stock,False,Valid SKU
J0264-KR-XL,J0264,1,Kurta,XL,Pink,False,Low Stock,False,Valid SKU
J0264-KR-XXL,J0264,0,Kurta,XXL,Pink,False,Out of Stock,False,Valid SKU
J0265-KR-L,J0265,1,Kurta,L,Blue,False,Low Stock,False,Valid SKU
J0265-KR-M,J0265,2,Kurta,M,Blue,False,Low Stock,False,Valid SKU
J0265-KR-S,J0265,1,Kurta,S,Blue,False,Low Stock,False,Valid SKU
J0265-KR-XL,J0265,3,Kurta,XL,Blue,False,Low Stock,False,Valid SKU
J0265-KR-XXL,J0265,0,Kurta,XXL,Blue,False,Out of Stock,False,Valid SKU
J0277-SKD-L,J0277,6,Kurta Set,L,Gold,False,In Stock,False,Valid SKU
J0277-SKD-M,J0277,31,Kurta Set,M,Gold,False,In Stock,False,Valid SKU
J0277-SKD-S,J0277,78,Kurta Set,S,Gold,False,In Stock,False,Valid SKU
J0277-SKD-XL,J0277,9,Kurta Set,XL,Gold,False,In Stock,False,Valid SKU
J0277-SKD-XS,J0277,72,Kurta Set,XS,Gold,False,In Stock,False,Valid SKU
J0277-SKD-XXL,J0277,57,Kurta Set,XXL,Gold,False,In Stock,False,Valid SKU
J0277-SKD-XXXL,J0277,52,Kurta Set,XXXL,Gold,False,In Stock,False,Valid SKU
J0278-SET-L,J0278,1,Kurta Set,L,Peach,False,Low Stock,False,Valid SKU
J0278-SET-M,J0278,1,Kurta Set,M,Peach,False,Low Stock,False,Valid SKU
J0278-SET-S,J0278,9,Kurta Set,S,Peach,False,In Stock,False,Valid SKU
J0278-SET-XL,J0278,1,Kurta Set,XL,Peach,False,Low Stock,False,Valid SKU
J0278-SET-XS,J0278,26,Kurta Set,XS,Peach,False,In Stock,False,Valid SKU
J0278-SET-XXL,J0278,5,Kurta Set,XXL,Peach,False,Low Stock,False,Valid SKU
J0278-SET-XXXL,J0278,9,Kurta Set,XXXL,Peach,False,In Stock,False,Valid SKU
J0279-SET-L,J0279,8,Kurta Set,L,Light Green,False,In Stock,False,Valid SKU
J0279-SET-M,J0279,15,Kurta Set,M,Light Green,False,In Stock,False,Valid SKU
J0279-SET-S,J0279,42,Kurta Set,S,Light Green,False,In Stock,False,Valid SKU
J0279-SET-XL,J0279,13,Kurta Set,XL,Light Green,False,In Stock,False,Valid SKU
J0279-SET-XS,J0279,29,Kurta Set,XS,Light Green,False,In Stock,False,Valid SKU
J0279-SET-XXL,J0279,32,Kurta Set,XXL,Light Green,False,In Stock,False,Valid SKU
J0279-SET-XXXL,J0279,55,Kurta Set,XXXL,Light Green,False,In Stock,False,Valid SKU
J0280-SKD-L,J0280,119,Kurta Set,L,Peach,False,In Stock,False,Valid SKU
J0280-SKD-M,J0280,178,Kurta Set,M,Peach,False,In Stock,False,Valid SKU
J0280-SKD-S,J0280,207,Kurta Set,S,Peach,False,In Stock,False,Valid SKU
J0280-SKD-XL,J0280,103,Kurta Set,XL,Peach,False,In Stock,False,Valid SKU
J0280-SKD-XS,J0280,144,Kurta Set,XS,Peach,False,In Stock,False,Valid SKU
J0280-SKD-XXL,J0280,71,Kurta Set,XXL,Peach,False,In Stock,False,Valid SKU
J0280-SKD-XXXL,J0280,34,Kurta Set,XXXL,Peach,False,In Stock,False,Valid SKU
J0281-SKD-L,J0281,86,Kurta Set,L,Light Brown,False,In Stock,False,Valid SKU
J0281-SKD-M,J0281,164,Kurta Set,M,Light Brown,False,In Stock,False,Valid SKU
J0281-SKD-S,J0281,155,Kurta Set,S,Light Brown,False,In Stock,False,Valid SKU
J0281-SKD-XL,J0281,46,Kurta Set,XL,Light Brown,False,In Stock,False,Valid SKU
J0281-SKD-XS,J0281,97,Kurta Set,XS,Light Brown,False,In Stock,False,Valid SKU
J0281-SKD-XXL,J0281,14,Kurta Set,XXL,Light Brown,False,In Stock,False,Valid SKU
J0281-SKD-XXXL,J0281,52,Kurta Set,XXXL,Light Brown,False,In Stock,False,Valid SKU
J0282-SET-L,J0282,57,Kurta Set,L,Pink,False,In Stock,False,Valid SKU
J0282-SET-M,J0282,56,Kurta Set,M,Pink,False,In Stock,False,Valid SKU
J0282-SET-S,J0282,40,Kurta Set,S,Pink,False,In Stock,False,Valid SKU
J0282-SET-XL,J0282,13,Kurta Set,XL,Pink,False,In Stock,False,Valid SKU
J0282-SET-XS,J0282,30,Kurta Set,XS,Pink,False,In Stock,False,Valid SKU
J0282-SET-XXL,J0282,22,Kurta Set,XXL,Pink,False,In Stock,False,Valid SKU
J0282-SET-XXXL,J0282,27,Kurta Set,XXXL,Pink,False,In Stock,False,Valid SKU
J0283-SET-L,J0283,10,Kurta Set,L,Grey,False,In Stock,False,Valid SKU
J0283-SET-M,J0283,7,Kurta Set,M,Grey,False,In Stock,False,Valid SKU
J0283-SET-S,J0283,45,Kurta Set,S,Grey,False,In Stock,False,Valid SKU
J0283-SET-XL,J0283,4,Kurta Set,XL,Grey,False,Low Stock,False,Valid SKU
J0283-SET-XS,J0283,23,Kurta Set,XS,Grey,False,In Stock,False,Valid SKU
J0283-SET-XXL,J0283,5,Kurta Set,XXL,Grey,False,Low Stock,False,Valid SKU
J0283-SET-XXXL,J0283,2,Kurta Set,XXXL,Grey,False,Low Stock,False,Valid SKU
J0284-SKD-L,J0284,2,Kurta Set,L,Sky Blue,False,Low Stock,False,Valid SKU
J0284-SKD-M,J0284,2,Kurta Set,M,Sky Blue,False,Low Stock,False,Valid SKU
J0284-SKD-S,J0284,5,Kurta Set,S,Sky Blue,False,Low Stock,False,Valid SKU
J0284-SKD-XL,J0284,1,Kurta Set,XL,Sky Blue,False,Low Stock,False,Valid SKU
J0284-SKD-XS,J0284,1,Kurta Set,XS,Sky Blue,False,Low Stock,False,Valid SKU
J0284-SKD-XXL,J0284,1,Kurta Set,XXL,Sky Blue,False,Low Stock,False,Valid SKU
J0284-SKD-XXXL,J0284,3,Kurta Set,XXXL,Sky Blue,False,Low Stock,False,Valid SKU
J0285-SKD-L,J0285,80,Kurta Set,L,Grey,False,In Stock,False,Valid SKU
J0285-SKD-M,J0285,79,Kurta Set,M,Grey,False,In Stock,False,Valid SKU
J0285-SKD-S,J0285,111,Kurta Set,S,Grey,False,In Stock,False,Valid SKU
J0285-SKD-XL,J0285,86,Kurta Set,XL,Grey,False,In Stock,False,Valid SKU
J0285-SKD-XS,J0285,80,Kurta Set,XS,Grey,False,In Stock,False,Valid SKU
J0285-SKD-XXL,J0285,10,Kurta Set,XXL,Grey,False,In Stock,False,Valid SKU
J0285-SKD-XXXL,J0285,38,Kurta Set,XXXL,Grey,False,In Stock,False,Valid SKU
J0286-KR-L,J0286,3,Kurta,L,Beige,False,Low Stock,False,Valid SKU
J0286-KR-M,J0286,3,Kurta,M,Beige,False,Low Stock,False,Valid SKU
J0286-KR-S,J0286,2,Kurta,S,Beige,False,Low Stock,False,Valid SKU
J0286-KR-XL,J0286,2,Kurta,XL,Beige,False,Low Stock,False,Valid SKU
J0286-KR-XXL,J0286,3,Kurta,XXL,Beige,False,Low Stock,False,Valid SKU
J0287-KR-L,J0287,2,Kurta,L,Black,False,Low Stock,False,Valid SKU
J0287-KR-M,J0287,0,Kurta,M,Black,False,Out of Stock,False,Valid SKU
J0287-KR-S,J0287,1,Kurta,S,Black,False,Low Stock,False,Valid SKU
J0287-KR-XL,J0287,1,Kurta,XL,Black,False,Low Stock,False,Valid SKU
J0287-KR-XXL,J0287,2,Kurta,XXL,Black,False,Low Stock,False,Valid SKU
J0288-KR-L,J0288,2,Kurta,L,Grey,False,Low Stock,False,Valid SKU
J0288-KR-M,J0288,3,Kurta,M,Grey,False,Low Stock,False,Valid SKU
J0288-KR-S,J0288,2,Kurta,S,Grey,False,Low Stock,False,Valid SKU
J0288-KR-XL,J0288,1,Kurta,XL,Grey,False,Low Stock,False,Valid SKU
J0288-KR-XXL,J0288,2,Kurta,XXL,Grey,False,Low Stock,False,Valid SKU
J0289-KR-L,J0289,1,Kurta,L,Black,False,Low Stock,False,Valid SKU
J0289-KR-M,J0289,2,Kurta,M,Black,False,Low Stock,False,Valid SKU
J0289-KR-S,J0289,5,Kurta,S,Black,False,Low Stock,False,Valid SKU
J0289-KR-XL,J0289,2,Kurta,XL,Black,False,Low Stock,False,Valid SKU
J0289-KR-XXL,J0289,1,Kurta,XXL,Black,False,Low Stock,False,Valid SKU
J0290-CD-L,J0290,4,Cardigan,L,Mustard,False,Low Stock,False,Valid SKU
J0290-CD-M,J0290,4,Cardigan,M,Mustard,False,Low Stock,False,Valid SKU
J0290-CD-S,J0290,6,Cardigan,S,Mustard,False,In Stock,False,Valid SKU
J0290-CD-XL,J0290,11,Cardigan,XL,Mustard,False,In Stock,False,Valid SKU
J0290-CD-XXL,J0290,3,Cardigan,XXL,Mustard,False,Low Stock,False,Valid SKU
,J0290,0,Cardigan,XXXL,Mustard,True,Out of Stock,False,Missing / Invalid SKU
J0291-JS-L,J0291,6,Jumpsuit,L,White,False,In Stock,False,Valid SKU
J0291-JS-M,J0291,2,Jumpsuit,M,White,False,Low Stock,False,Valid SKU
J0291-JS-S,J0291,4,Jumpsuit,S,White,False,Low Stock,False,Valid SKU
J0291-JS-XL,J0291,3,Jumpsuit,XL,White,False,Low Stock,False,Valid SKU
J0291-JS-XS,J0291,3,Jumpsuit,XS,White,False,Low Stock,False,Valid SKU
J0291-JS-XXL,J0291,11,Jumpsuit,XXL,White,False,In Stock,False,Valid SKU
J0291-JS-XXXL,J0291,4,Jumpsuit,XXXL,White,False,Low Stock,False,Valid SKU
J0292-TP-L,J0292,2,Top,L,Off White,False,Low Stock,False,Valid SKU
J0292-TP-M,J0292,0,Top,M,Off White,False,Out of Stock,False,Valid SKU
J0292-TP-S,J0292,3,Top,S,Off White,False,Low Stock,False,Valid SKU
J0292-TP-XL,J0292,3,Top,XL,Off White,False,Low Stock,False,Valid SKU
J0292-TP-XS,J0292,5,Top,XS,Off White,False,Low Stock,False,Valid SKU
J0292-TP-XXL,J0292,3,Top,XXL,Off White,False,Low Stock,False,Valid SKU
J0292-TP-XXXL,J0292,2,Top,XXXL,Off White,False,Low Stock,False,Valid SKU
J0293-DR-L,J0293,3,Dress,L,White,False,Low Stock,False,Valid SKU
J0293-DR-M,J0293,1,Dress,M,White,False,Low Stock,False,Valid SKU
J0293-DR-S,J0293,4,Dress,S,White,False,Low Stock,False,Valid SKU
J0293-DR-XL,J0293,2,Dress,XL,White,False,Low Stock,False,Valid SKU
J0293-DR-XS,J0293,4,Dress,XS,White,False,Low Stock,False,Valid SKU
J0293-DR-XXL,J0293,1,Dress,XXL,White,False,Low Stock,False,Valid SKU
J0293-DR-XXXL,J0293,2,Dress,XXXL,White,False,Low Stock,False,Valid SKU
J0294-TP-L,J0294,2,Top,L,Off White,False,Low Stock,False,Valid SKU
J0294-TP-M,J0294,2,Top,M,Off White,False,Low Stock,False,Valid SKU
J0294-TP-S,J0294,2,Top,S,Off White,False,Low Stock,False,Valid SKU
J0294-TP-XL,J0294,4,Top,XL,Off White,False,Low Stock,False,Valid SKU
J0294-TP-XS,J0294,6,Top,XS,Off White,False,In Stock,False,Valid SKU
J0294-TP-XXL,J0294,2,Top,XXL,Off White,False,Low Stock,False,Valid SKU
J0294-TP-XXXL,J0294,5,Top,XXXL,Off White,False,Low Stock,False,Valid SKU
J0295-DR-L,J0295,2,Dress,L,Black,False,Low Stock,False,Valid SKU
J0295-DR-M,J0295,7,Dress,M,Black,False,In Stock,False,Valid SKU
J0295-DR-S,J0295,3,Dress,S,Black,False,Low Stock,False,Valid SKU
J0295-DR-XL,J0295,3,Dress,XL,Black,False,Low Stock,False,Valid SKU
J0295-DR-XS,J0295,5,Dress,XS,Black,False,Low Stock,False,Valid SKU
J0295-DR-XXL,J0295,4,Dress,XXL,Black,False,Low Stock,False,Valid SKU
J0295-DR-XXXL,J0295,4,Dress,XXXL,Black,False,Low Stock,False,Valid SKU
J0296-DR-L,J0296,2,Dress,L,Off White,False,Low Stock,False,Valid SKU
J0296-DR-M,J0296,2,Dress,M,Off White,False,Low Stock,False,Valid SKU
J0296-DR-S,J0296,1,Dress,S,Off White,False,Low Stock,False,Valid SKU
J0296-DR-XL,J0296,1,Dress,XL,Off White,False,Low Stock,False,Valid SKU
J0296-DR-XS,J0296,6,Dress,XS,Off White,False,In Stock,False,Valid SKU
J0296-DR-XXL,J0296,2,Dress,XXL,Off White,False,Low Stock,False,Valid SKU
J0296-DR-XXXL,J0296,2,Dress,XXXL,Off White,False,Low Stock,False,Valid SKU
J0297-TP-L,J0297,1,Top,L,White,False,Low Stock,False,Valid SKU
J0297-TP-M,J0297,60,Top,M,White,False,In Stock,False,Valid SKU
J0297-TP-S,J0297,71,Top,S,White,False,In Stock,False,Valid SKU
J0297-TP-XL,J0297,45,Top,XL,White,False,In Stock,False,Valid SKU
J0297-TP-XS,J0297,50,Top,XS,White,False,In Stock,False,Valid SKU
J0297-TP-XXL,J0297,40,Top,XXL,White,False,In Stock,False,Valid SKU
J0297-TP-XXXL,J0297,36,Top,XXXL,White,False,In Stock,False,Valid SKU
J0298-DR-L,J0298,2,Kurta,L,Multicolor,False,Low Stock,False,Valid SKU
J0298-DR-M,J0298,2,Kurta,M,Multicolor,False,Low Stock,False,Valid SKU
J0298-DR-S,J0298,2,Kurta,S,Multicolor,False,Low Stock,False,Valid SKU
J0298-DR-XL,J0298,1,Kurta,XL,Multicolor,False,Low Stock,False,Valid SKU
J0298-DR-XS,J0298,1,Kurta,XS,Multicolor,False,Low Stock,False,Valid SKU
J0298-DR-XXL,J0298,2,Kurta,XXL,Multicolor,False,Low Stock,False,Valid SKU
J0298-DR-XXXL,J0298,2,Kurta,XXXL,Multicolor,False,Low Stock,False,Valid SKU
J0299-KR-L,J0299,3,Kurta,L,Cream,False,Low Stock,False,Valid SKU
J0299-KR-M,J0299,6,Kurta,M,Cream,False,In Stock,False,Valid SKU
J0299-KR-S,J0299,2,Kurta,S,Cream,False,Low Stock,False,Valid SKU
J0299-KR-XL,J0299,2,Kurta,XL,Cream,False,Low Stock,False,Valid SKU
J0299-KR-XS,J0299,3,Kurta,XS,Cream,False,Low Stock,False,Valid SKU
J0299-KR-XXL,J0299,4,Kurta,XXL,Cream,False,Low Stock,False,Valid SKU
J0299-KR-XXXL,J0299,3,Kurta,XXXL,Cream,False,Low Stock,False,Valid SKU
J0300-TP-L,J0300,4,Top,L,Cream,False,Low Stock,False,Valid SKU
J0300-TP-M,J0300,0,Top,M,Cream,False,Out of Stock,False,Valid SKU
J0300-TP-S,J0300,0,Top,S,Cream,False,Out of Stock,False,Valid SKU
J0300-TP-XL,J0300,3,Top,XL,Cream,False,Low Stock,False,Valid SKU
J0300-TP-XS,J0300,1,Top,XS,Cream,False,Low Stock,False,Valid SKU
J0300-TP-XXL,J0300,2,Top,XXL,Cream,False,Low Stock,False,Valid SKU
J0300-TP-XXXL,J0300,1,Top,XXXL,Cream,False,Low Stock,False,Valid SKU
J0301-TP-L,J0301,155,Top,L,Red,False,In Stock,False,Valid SKU
J0301-TP-M,J0301,240,Top,M,Red,False,In Stock,False,Valid SKU
J0301-TP-S,J0301,145,Top,S,Red,False,In Stock,False,Valid SKU
J0301-TP-XL,J0301,150,Top,XL,Red,False,In Stock,False,Valid SKU
J0301-TP-XS,J0301,95,Top,XS,Red,False,In Stock,False,Valid SKU
J0301-TP-XXL,J0301,148,Top,XXL,Red,False,In Stock,False,Valid SKU
J0301-TP-XXXL,J0301,180,Top,XXXL,Red,False,In Stock,False,Valid SKU
J0302-DR-L,J0302,2,Dress,L,Grey,False,Low Stock,False,Valid SKU
J0302-DR-M,J0302,2,Dress,M,Grey,False,Low Stock,False,Valid SKU
J0302-DR-S,J0302,2,Dress,S,Grey,False,Low Stock,False,Valid SKU
J0302-DR-XL,J0302,2,Dress,XL,Grey,False,Low Stock,False,Valid SKU
J0302-DR-XS,J0302,1,Dress,XS,Grey,False,Low Stock,False,Valid SKU
J0302-DR-XXL,J0302,3,Dress,XXL,Grey,False,Low Stock,False,Valid SKU
J0302-DR-XXXL,J0302,2,Dress,XXXL,Grey,False,Low Stock,False,Valid SKU
J0303-KR-L,J0303,0,Kurta,L,Grey,False,Out of Stock,False,Valid SKU
J0303-KR-M,J0303,2,Kurta,M,Grey,False,Low Stock,False,Valid SKU
J0303-KR-S,J0303,0,Kurta,S,Grey,False,Out of Stock,False,Valid SKU
J0303-KR-XL,J0303,0,Kurta,XL,Grey,False,Out of Stock,False,Valid SKU
J0303-KR-XS,J0303,2,Kurta,XS,Grey,False,Low Stock,False,Valid SKU
J0303-KR-XXL,J0303,0,Kurta,XXL,Grey,False,Out of Stock,False,Valid SKU
J0303-KR-XXXL,J0303,0,Kurta,XXXL,Grey,False,Out of Stock,False,Valid SKU
J0304-TP-L,J0304,1,Top,L,Yellow,False,Low Stock,False,Valid SKU
J0304-TP-M,J0304,0,Top,M,Yellow,False,Out of Stock,False,Valid SKU
J0304-TP-S,J0304,1,Top,S,Yellow,False,Low Stock,False,Valid SKU
J0304-TP-XL,J0304,2,Top,XL,Yellow,False,Low Stock,False,Valid SKU
J0304-TP-XS,J0304,1,Top,XS,Yellow,False,Low Stock,False,Valid SKU
J0304-TP-XXL,J0304,4,Top,XXL,Yellow,False,Low Stock,False,Valid SKU
J0304-TP-XXXL,J0304,2,Top,XXXL,Yellow,False,Low Stock,False,Valid SKU
J0305-DR-L,J0305,1,Dress,L,Yellow,False,Low Stock,False,Valid SKU
J0305-DR-M,J0305,2,Dress,M,Yellow,False,Low Stock,False,Valid SKU
J0305-DR-S,J0305,3,Dress,S,Yellow,False,Low Stock,False,Valid SKU
J0305-DR-XL,J0305,2,Dress,XL,Yellow,False,Low Stock,False,Valid SKU
J0305-DR-XS,J0305,2,Dress,XS,Yellow,False,Low Stock,False,Valid SKU
J0305-DR-XXL,J0305,3,Dress,XXL,Yellow,False,Low Stock,False,Valid SKU
J0305-DR-XXXL,J0305,0,Dress,XXXL,Yellow,False,Out of Stock,False,Valid SKU
J0306-DR-L,J0306,3,Dress,L,Red,False,Low Stock,False,Valid SKU
J0306-DR-M,J0306,5,Dress,M,Red,False,Low Stock,False,Valid SKU
J0306-DR-S,J0306,15,Dress,S,Red,False,In Stock,False,Valid SKU
J0306-DR-XL,J0306,5,Dress,XL,Red,False,Low Stock,False,Valid SKU
J0306-DR-XS,J0306,22,Dress,XS,Red,False,In Stock,False,Valid SKU
J0306-DR-XXL,J0306,4,Dress,XXL,Red,False,Low Stock,False,Valid SKU
J0306-DR-XXXL,J0306,7,Dress,XXXL,Red,False,In Stock,False,Valid SKU
J0307-TP-L,J0307,5,Top,L,Multicolor,False,Low Stock,False,Valid SKU
J0307-TP-M,J0307,1,Top,M,Multicolor,False,Low Stock,False,Valid SKU
J0307-TP-S,J0307,4,Top,S,Multicolor,False,Low Stock,False,Valid SKU
J0307-TP-XL,J0307,3,Top,XL,Multicolor,False,Low Stock,False,Valid SKU
J0307-TP-XS,J0307,2,Top,XS,Multicolor,False,Low Stock,False,Valid SKU
J0307-TP-XXL,J0307,2,Top,XXL,Multicolor,False,Low Stock,False,Valid SKU
J0307-TP-XXXL,J0307,8,Top,XXXL,Multicolor,False,In Stock,False,Valid SKU
J0308-DR-L,J0308,2,Dress,L,Multicolor,False,Low Stock,False,Valid SKU
J0308-DR-M,J0308,4,Dress,M,Multicolor,False,Low Stock,False,Valid SKU
J0308-DR-S,J0308,3,Dress,S,Multicolor,False,Low Stock,False,Valid SKU
J0308-DR-XL,J0308,2,Dress,XL,Multicolor,False,Low Stock,False,Valid SKU
J0308-DR-XS,J0308,35,Dress,XS,Multicolor,False,In Stock,False,Valid SKU
J0308-DR-XXL,J0308,2,Dress,XXL,Multicolor,False,Low Stock,False,Valid SKU
J0308-DR-XXXL,J0308,2,Dress,XXXL,Multicolor,False,Low Stock,False,Valid SKU
J0310-TP-L,J0310,2,Top,L,Multicolor,False,Low Stock,False,Valid SKU
J0310-TP-M,J0310,4,Top,M,Multicolor,False,Low Stock,False,Valid SKU
J0310-TP-S,J0310,14,Top,S,Multicolor,False,In Stock,False,Valid SKU
J0310-TP-XL,J0310,3,Top,XL,Multicolor,False,Low Stock,False,Valid SKU
J0310-TP-XS,J0310,21,Top,XS,Multicolor,False,In Stock,False,Valid SKU
J0310-TP-XXL,J0310,4,Top,XXL,Multicolor,False,Low Stock,False,Valid SKU
J0310-TP-XXXL,J0310,3,Top,XXXL,Multicolor,False,Low Stock,False,Valid SKU
J0312-KR-L,J0312,4,Kurta,L,Multicolor,False,Low Stock,False,Valid SKU
J0312-KR-M,J0312,2,Kurta,M,Multicolor,False,Low Stock,False,Valid SKU
J0312-KR-S,J0312,3,Kurta,S,Multicolor,False,Low Stock,False,Valid SKU
J0312-KR-XL,J0312,2,Kurta,XL,Multicolor,False,Low Stock,False,Valid SKU
J0312-KR-XXL,J0312,2,Kurta,XXL,Multicolor,False,Low Stock,False,Valid SKU
J0312-KR-XXXL,J0312,2,Kurta,XXXL,Multicolor,False,Low Stock,False,Valid SKU
J0314-KR-L,J0314,5,Kurta,L,Multicolor,False,Low Stock,False,Valid SKU
J0314-KR-M,J0314,3,Kurta,M,Multicolor,False,Low Stock,False,Valid SKU
J0314-KR-S,J0314,3,Kurta,S,Multicolor,False,Low Stock,False,Valid SKU
J0314-KR-XL,J0314,4,Kurta,XL,Multicolor,False,Low Stock,False,Valid SKU
J0314-KR-XXL,J0314,3,Kurta,XXL,Multicolor,False,Low Stock,False,Valid SKU
J0315-KR-L,J0315,2,Kurta,L,Grey,False,Low Stock,False,Valid SKU
J0315-KR-M,J0315,2,Kurta,M,Grey,False,Low Stock,False,Valid SKU
J0315-KR-S,J0315,1,Kurta,S,Grey,False,Low Stock,False,Valid SKU
J0315-KR-XL,J0315,3,Kurta,XL,Grey,False,Low Stock,False,Valid SKU
J0315-KR-XXL,J0315,6,Kurta,XXL,Grey,False,In Stock,False,Valid SKU
J0317-KR-L,J0317,2,Kurta,L,Red,False,Low Stock,False,Valid SKU
J0317-KR-M,J0317,2,Kurta,M,Red,False,Low Stock,False,Valid SKU
J0317-KR-S,J0317,3,Kurta,S,Red,False,Low Stock,False,Valid SKU
J0317-KR-XL,J0317,6,Kurta,XL,Red,False,In Stock,False,Valid SKU
J0317-KR-XXL,J0317,3,Kurta,XXL,Red,False,Low Stock,False,Valid SKU
J0317-KR-XXXL,J0317,1,Kurta,XXXL,Red,False,Low Stock,False,Valid SKU
J0318-KR-L,J0318,1,Kurta,L,Black,False,Low Stock,False,Valid SKU
J0318-KR-M,J0318,0,Kurta,M,Black,False,Out of Stock,False,Valid SKU
J0318-KR-S,J0318,1,Kurta,S,Black,False,Low Stock,False,Valid SKU
J0318-KR-XL,J0318,1,Kurta,XL,Black,False,Low Stock,False,Valid SKU
J0318-KR-XXL,J0318,2,Kurta,XXL,Black,False,Low Stock,False,Valid SKU
J0318-KR-XXXL,J0318,1,Kurta,XXXL,Black,False,Low Stock,False,Valid SKU
J0319-KR-L,J0319,3,Kurta,L,Yellow,False,Low Stock,False,Valid SKU
J0319-KR-M,J0319,2,Kurta,M,Yellow,False,Low Stock,False,Valid SKU
J0319-KR-S,J0319,2,Kurta,S,Yellow,False,Low Stock,False,Valid SKU
J0319-KR-XL,J0319,2,Kurta,XL,Yellow,False,Low Stock,False,Valid SKU
J0319-KR-XXL,J0319,3,Kurta,XXL,Yellow,False,Low Stock,False,Valid SKU
J0320-KR-L,J0320,4,Kurta,L,Black,False,Low Stock,False,Valid SKU
J0320-KR-M,J0320,2,Kurta,M,Black,False,Low Stock,False,Valid SKU
J0320-KR-S,J0320,2,Kurta,S,Black,False,Low Stock,False,Valid SKU
J0320-KR-XL,J0320,1,Kurta,XL,Black,False,Low Stock,False,Valid SKU
J0320-KR-XXL,J0320,2,Kurta,XXL,Black,False,Low Stock,False,Valid SKU
J0321-KR-L,J0321,2,Kurta,L,Grey,False,Low Stock,False,Valid SKU
J0321-KR-M,J0321,2,Kurta,M,Grey,False,Low Stock,False,Valid SKU
J0321-KR-S,J0321,2,Kurta,S,Grey,False,Low Stock,False,Valid SKU
J0321-KR-XL,J0321,1,Kurta,XL,Grey,False,Low Stock,False,Valid SKU
J0321-KR-XXL,J0321,2,Kurta,XXL,Grey,False,Low Stock,False,Valid SKU
J0321-KR-XXXL,J0321,1,Kurta,XXXL,Grey,False,Low Stock,False,Valid SKU
J0322-KR-L,J0322,2,Kurta,L,Black,False,Low Stock,False,Valid SKU
J0322-KR-M,J0322,2,Kurta,M,Black,False,Low Stock,False,Valid SKU
J0322-KR-S,J0322,2,Kurta,S,Black,False,Low Stock,False,Valid SKU
J0322-KR-XL,J0322,0,Kurta,XL,Black,False,Out of Stock,False,Valid SKU
J0322-KR-XXL,J0322,4,Kurta,XXL,Black,False,Low Stock,False,Valid SKU
J0323-CD-L,J0323,2,Cardigan,L,Cream,False,Low Stock,False,Valid SKU
J0323-CD-M,J0323,5,Cardigan,M,Cream,False,Low Stock,False,Valid SKU
J0323-CD-S,J0323,4,Cardigan,S,Cream,False,Low Stock,False,Valid SKU
J0323-CD-XL,J0323,3,Cardigan,XL,Cream,False,Low Stock,False,Valid SKU
J0323-CD-XXL,J0323,2,Cardigan,XXL,Cream,False,Low Stock,False,Valid SKU
J0324-CD-L,J0324,4,Cardigan,L,Blue,False,Low Stock,False,Valid SKU
J0324-CD-M,J0324,2,Cardigan,M,Blue,False,Low Stock,False,Valid SKU
J0324-CD-S,J0324,3,Cardigan,S,Blue,False,Low Stock,False,Valid SKU
J0324-CD-XL,J0324,2,Cardigan,XL,Blue,False,Low Stock,False,Valid SKU
J0324-CD-XXL,J0324,2,Cardigan,XXL,Blue,False,Low Stock,False,Valid SKU
J0324-CD-XXXL,J0324,1,Cardigan,XXXL,Blue,False,Low Stock,False,Valid SKU
J0328-KR-L,J0328,0,Kurta,L,White,False,Out of Stock,False,Valid SKU
J0328-KR-M,J0328,0,Kurta,M,White,False,Out of Stock,False,Valid SKU
J0328-KR-S,J0328,0,Kurta,S,White,False,Out of Stock,False,Valid SKU
J0328-KR-XL,J0328,0,Kurta,XL,White,False,Out of Stock,False,Valid SKU
J0328-KR-XS,J0328,1,Kurta,XS,White,False,Low Stock,False,Valid SKU
J0328-KR-XXL,J0328,0,Kurta,XXL,White,False,Out of Stock,False,Valid SKU
J0328-KR-XXXL,J0328,0,Kurta,XXXL,White,False,Out of Stock,False,Valid SKU
J0329-KR-L,J0329,0,Kurta,L,Yellow,False,Out of Stock,False,Valid SKU
J0329-KR-M,J0329,0,Kurta,M,Yellow,False,Out of Stock,False,Valid SKU
J0329-KR-S,J0329,2,Kurta,S,Yellow,False,Low Stock,False,Valid SKU
J0329-KR-XL,J0329,26,Kurta,XL,Yellow,False,In Stock,False,Valid SKU
J0329-KR-XS,J0329,24,Kurta,XS,Yellow,False,In Stock,False,Valid SKU
J0329-KR-XXL,J0329,6,Kurta,XXL,Yellow,False,In Stock,False,Valid SKU
J0329-KR-XXXL,J0329,7,Kurta,XXXL,Yellow,False,In Stock,False,Valid SKU
J0330-KR-L,J0330,6,Kurta,L,Blue,False,In Stock,False,Valid SKU
J0330-KR-M,J0330,8,Kurta,M,Blue,False,In Stock,False,Valid SKU
J0330-KR-S,J0330,6,Kurta,S,Blue,False,In Stock,False,Valid SKU
J0330-KR-XL,J0330,3,Kurta,XL,Blue,False,Low Stock,False,Valid SKU
J0330-KR-XS,J0330,5,Kurta,XS,Blue,False,Low Stock,False,Valid SKU
J0330-KR-XXL,J0330,24,Kurta,XXL,Blue,False,In Stock,False,Valid SKU
J0330-KR-XXXL,J0330,23,Kurta,XXXL,Blue,False,In Stock,False,Valid SKU
J0331-KR-L,J0331,57,Kurta,L,Purple,False,In Stock,False,Valid SKU
J0331-KR-M,J0331,64,Kurta,M,Purple,False,In Stock,False,Valid SKU
J0331-KR-S,J0331,50,Kurta,S,Purple,False,In Stock,False,Valid SKU
J0331-KR-XL,J0331,51,Kurta,XL,Purple,False,In Stock,False,Valid SKU
J0331-KR-XS,J0331,52,Kurta,XS,Purple,False,In Stock,False,Valid SKU
J0331-KR-XXL,J0331,60,Kurta,XXL,Purple,False,In Stock,False,Valid SKU
J0331-KR-XXXL,J0331,27,Kurta,XXXL,Purple,False,In Stock,False,Valid SKU
J0332-DR-L,J0332,0,Dress,L,Pink,False,Out of Stock,False,Valid SKU
J0332-DR-M,J0332,3,Dress,M,Pink,False,Low Stock,False,Valid SKU
J0332-DR-S,J0332,2,Dress,S,Pink,False,Low Stock,False,Valid SKU
J0332-DR-XL,J0332,3,Dress,XL,Pink,False,Low Stock,False,Valid SKU
J0332-DR-XS,J0332,1,Dress,XS,Pink,False,Low Stock,False,Valid SKU
J0332-DR-XXL,J0332,4,Dress,XXL,Pink,False,Low Stock,False,Valid SKU
J0332-DR-XXXL,J0332,2,Dress,XXXL,Pink,False,Low Stock,False,Valid SKU
J0333-DR-L,J0333,28,Dress,L,Blue,False,In Stock,False,Valid SKU
J0333-DR-M,J0333,29,Dress,M,Blue,False,In Stock,False,Valid SKU
J0333-DR-S,J0333,5,Dress,S,Blue,False,Low Stock,False,Valid SKU
J0333-DR-XL,J0333,78,Dress,XL,Blue,False,In Stock,False,Valid SKU
J0333-DR-XS,J0333,42,Dress,XS,Blue,False,In Stock,False,Valid SKU
J0333-DR-XXL,J0333,65,Dress,XXL,Blue,False,In Stock,False,Valid SKU
J0333-DR-XXXL,J0333,36,Dress,XXXL,Blue,False,In Stock,False,Valid SKU
J0334-TP-L,J0334,22,Top,L,Orange,False,In Stock,False,Valid SKU
J0334-TP-M,J0334,22,Top,M,Orange,False,In Stock,False,Valid SKU
J0334-TP-S,J0334,5,Top,S,Orange,False,Low Stock,False,Valid SKU
J0334-TP-XL,J0334,2,Top,XL,Orange,False,Low Stock,False,Valid SKU
J0334-TP-XS,J0334,44,Top,XS,Orange,False,In Stock,False,Valid SKU
J0334-TP-XXL,J0334,15,Top,XXL,Orange,False,In Stock,False,Valid SKU
J0334-TP-XXXL,J0334,42,Top,XXXL,Orange,False,In Stock,False,Valid SKU
J0335-DR-L,J0335,11,Dress,L,Orange,False,In Stock,False,Valid SKU
J0335-DR-M,J0335,13,Dress,M,Orange,False,In Stock,False,Valid SKU
J0335-DR-S,J0335,28,Dress,S,Orange,False,In Stock,False,Valid SKU
J0335-DR-XL,J0335,13,Dress,XL,Orange,False,In Stock,False,Valid SKU
J0335-DR-XS,J0335,122,Dress,XS,Orange,False,In Stock,False,Valid SKU
J0335-DR-XXL,J0335,3,Dress,XXL,Orange,False,Low Stock,False,Valid SKU
J0335-DR-XXXL,J0335,6,Dress,XXXL,Orange,False,In Stock,False,Valid SKU
J0336-TP-L,J0336,26,Top,L,Blue,False,In Stock,False,Valid SKU
J0336-TP-M,J0336,41,Top,M,Blue,False,In Stock,False,Valid SKU
J0336-TP-S,J0336,54,Top,S,Blue,False,In Stock,False,Valid SKU
J0336-TP-XL,J0336,50,Top,XL,Blue,False,In Stock,False,Valid SKU
J0336-TP-XS,J0336,27,Top,XS,Blue,False,In Stock,False,Valid SKU
J0336-TP-XXL,J0336,63,Top,XXL,Blue,False,In Stock,False,Valid SKU
J0336-TP-XXXL,J0336,48,Top,XXXL,Blue,False,In Stock,False,Valid SKU
J0337-TP-L,J0337,60,Top,L,Mustard,False,In Stock,False,Valid SKU
J0337-TP-M,J0337,69,Top,M,Mustard,False,In Stock,False,Valid SKU
J0337-TP-S,J0337,58,Top,S,Mustard,False,In Stock,False,Valid SKU
J0337-TP-XL,J0337,75,Top,XL,Mustard,False,In Stock,False,Valid SKU
J0337-TP-XS,J0337,21,Top,XS,Mustard,False,In Stock,False,Valid SKU
J0337-TP-XXL,J0337,46,Top,XXL,Mustard,False,In Stock,False,Valid SKU
J0337-TP-XXXL,J0337,15,Top,XXXL,Mustard,False,In Stock,False,Valid SKU
J0338-DR-L,J0338,145,Dress,L,Mustard,False,In Stock,False,Valid SKU
J0338-DR-M,J0338,224,Dress,M,Mustard,False,In Stock,False,Valid SKU
J0338-DR-S,J0338,245,Dress,S,Mustard,False,In Stock,False,Valid SKU
J0338-DR-XL,J0338,116,Dress,XL,Mustard,False,In Stock,False,Valid SKU
J0338-DR-XS,J0338,146,Dress,XS,Mustard,False,In Stock,False,Valid SKU
J0338-DR-XXL,J0338,37,Dress,XXL,Mustard,False,In Stock,False,Valid SKU
J0338-DR-XXXL,J0338,52,Dress,XXXL,Mustard,False,In Stock,False,Valid SKU
J0339-DR-L,J0339,5,Dress,L,Green,False,Low Stock,False,Valid SKU
J0339-DR-M,J0339,12,Dress,M,Green,False,In Stock,False,Valid SKU
J0339-DR-S,J0339,100,Dress,S,Green,False,In Stock,False,Valid SKU
J0339-DR-XL,J0339,17,Dress,XL,Green,False,In Stock,False,Valid SKU
J0339-DR-XS,J0339,46,Dress,XS,Green,False,In Stock,False,Valid SKU
J0339-DR-XXL,J0339,20,Dress,XXL,Green,False,In Stock,False,Valid SKU
J0339-DR-XXXL,J0339,10,Dress,XXXL,Green,False,In Stock,False,Valid SKU
J0340-TP-L,J0340,86,Top,L,Green,False,In Stock,False,Valid SKU
J0340-TP-M,J0340,40,Top,M,Green,False,In Stock,False,Valid SKU
J0340-TP-S,J0340,12,Top,S,Green,False,In Stock,False,Valid SKU
J0340-TP-XL,J0340,21,Top,XL,Green,False,In Stock,False,Valid SKU
J0340-TP-XS,J0340,49,Top,XS,Green,False,In Stock,False,Valid SKU
J0340-TP-XXL,J0340,24,Top,XXL,Green,False,In Stock,False,Valid SKU
J0340-TP-XXXL,J0340,18,Top,XXXL,Green,False,In Stock,False,Valid SKU
J0341-DR-L,J0341,193,Dress,L,Blue,False,In Stock,False,Valid SKU
J0341-DR-M,J0341,198,Dress,M,Blue,False,In Stock,False,Valid SKU
J0341-DR-S,J0341,441,Dress,S,Blue,False,In Stock,False,Valid SKU
J0341-DR-XL,J0341,31,Dress,XL,Blue,False,In Stock,False,Valid SKU
J0341-DR-XS,J0341,77,Dress,XS,Blue,False,In Stock,False,Valid SKU
J0341-DR-XXL,J0341,166,Dress,XXL,Blue,False,In Stock,False,Valid SKU
J0341-DR-XXXL,J0341,329,Dress,XXXL,Blue,False,In Stock,False,Valid SKU
,J0342,0,Top,Free,Blue,True,Out of Stock,False,Missing / Invalid SKU
J0342-TP-L,J0342,70,Top,L,Blue,False,In Stock,False,Valid SKU
J0342-TP-M,J0342,182,Top,M,Blue,False,In Stock,False,Valid SKU
J0342-TP-S,J0342,151,Top,S,Blue,False,In Stock,False,Valid SKU
J0342-TP-XL,J0342,92,Top,XL,Blue,False,In Stock,False,Valid SKU
J0342-TP-XS,J0342,116,Top,XS,Blue,False,In Stock,False,Valid SKU
J0342-TP-XXL,J0342,61,Top,XXL,Blue,False,In Stock,False,Valid SKU
J0342-TP-XXXL,J0342,49,Top,XXXL,Blue,False,In Stock,False,Valid SKU
J0343-DR-L,J0343,83,Dress,L,Navy Blue,False,In Stock,False,Valid SKU
J0343-DR-M,J0343,153,Dress,M,Navy Blue,False,In Stock,False,Valid SKU
J0343-DR-S,J0343,108,Dress,S,Navy Blue,False,In Stock,False,Valid SKU
J0343-DR-XL,J0343,74,Dress,XL,Navy Blue,False,In Stock,False,Valid SKU
J0343-DR-XS,J0343,131,Dress,XS,Navy Blue,False,In Stock,False,Valid SKU
J0343-DR-XXL,J0343,49,Dress,XXL,Navy Blue,False,In Stock,False,Valid SKU
J0343-DR-XXXL,J0343,7,Dress,XXXL,Navy Blue,False,In Stock,False,Valid SKU
J0344-TP-L,J0344,234,Top,L,Navy Blue,False,In Stock,False,Valid SKU
J0344-TP-M,J0344,154,Top,M,Navy Blue,False,In Stock,False,Valid SKU
J0344-TP-S,J0344,139,Top,S,Navy Blue,False,In Stock,False,Valid SKU
J0344-TP-XL,J0344,145,Top,XL,Navy Blue,False,In Stock,False,Valid SKU
J0344-TP-XS,J0344,131,Top,XS,Navy Blue,False,In Stock,False,Valid SKU
J0344-TP-XXL,J0344,177,Top,XXL,Navy Blue,False,In Stock,False,Valid SKU
J0344-TP-XXXL,J0344,157,Top,XXXL,Navy Blue,False,In Stock,False,Valid SKU
J0345-SET-L,J0345,4,Set,L,Cream,False,Low Stock,False,Valid SKU
J0345-SET-M,J0345,1,Set,M,Cream,False,Low Stock,False,Valid SKU
J0345-SET-S,J0345,2,Set,S,Cream,False,Low Stock,False,Valid SKU
J0345-SET-XL,J0345,8,Set,XL,Cream,False,In Stock,False,Valid SKU
J0345-SET-XS,J0345,0,Set,XS,Cream,False,Out of Stock,False,Valid SKU
J0345-SET-XXL,J0345,25,Set,XXL,Cream,False,In Stock,False,Valid SKU
J0345-SET-XXXL,J0345,32,Set,XXXL,Cream,False,In Stock,False,Valid SKU
J0346-SET-L,J0346,6,Set,L,Cream,False,In Stock,False,Valid SKU
J0346-SET-M,J0346,2,Set,M,Cream,False,Low Stock,False,Valid SKU
J0346-SET-S,J0346,2,Set,S,Cream,False,Low Stock,False,Valid SKU
J0346-SET-XL,J0346,5,Set,XL,Cream,False,Low Stock,False,Valid SKU
J0346-SET-XS,J0346,3,Set,XS,Cream,False,Low Stock,False,Valid SKU
J0346-SET-XXL,J0346,28,Set,XXL,Cream,False,In Stock,False,Valid SKU
J0346-SET-XXXL,J0346,29,Set,XXXL,Cream,False,In Stock,False,Valid SKU
J0347-SET-L,J0347,1,Set,L,Black,False,Low Stock,False,Valid SKU
J0347-SET-M,J0347,1,Set,M,Black,False,Low Stock,False,Valid SKU
J0347-SET-S,J0347,2,Set,S,Black,False,Low Stock,False,Valid SKU
J0347-SET-XL,J0347,6,Set,XL,Black,False,In Stock,False,Valid SKU
J0347-SET-XS,J0347,3,Set,XS,Black,False,Low Stock,False,Valid SKU
J0347-SET-XXL,J0347,11,Set,XXL,Black,False,In Stock,False,Valid SKU
J0347-SET-XXXL,J0347,26,Set,XXXL,Black,False,In Stock,False,Valid SKU
J0348-SET-L,J0348,7,Set,L,Mustard,False,In Stock,False,Valid SKU
J0348-SET-M,J0348,4,Set,M,Mustard,False,Low Stock,False,Valid SKU
J0348-SET-S,J0348,4,Set,S,Mustard,False,Low Stock,False,Valid SKU
J0348-SET-XL,J0348,28,Set,XL,Mustard,False,In Stock,False,Valid SKU
J0348-SET-XS,J0348,4,Set,XS,Mustard,False,Low Stock,False,Valid SKU
J0348-SET-XXL,J0348,45,Set,XXL,Mustard,False,In Stock,False,Valid SKU
J0348-SET-XXXL,J0348,34,Set,XXXL,Mustard,False,In Stock,False,Valid SKU
J0349-SET-L,J0349,111,Crop Top With Palazzo,L,Cream,False,In Stock,False,Valid SKU
J0349-SET-M,J0349,232,Crop Top With Palazzo,M,Cream,False,In Stock,False,Valid SKU
J0349-SET-S,J0349,95,Crop Top With Palazzo,S,Cream,False,In Stock,False,Valid SKU
J0349-SET-XL,J0349,64,Crop Top With Palazzo,XL,Cream,False,In Stock,False,Valid SKU
J0349-SET-XS,J0349,77,Crop Top With Palazzo,XS,Cream,False,In Stock,False,Valid SKU
J0349-SET-XXL,J0349,11,Crop Top With Palazzo,XXL,Cream,False,In Stock,False,Valid SKU
J0349-SET-XXXL,J0349,27,Crop Top With Palazzo,XXXL,Cream,False,In Stock,False,Valid SKU
J0350-SET-L,J0350,2,Set,L,Cream,False,Low Stock,False,Valid SKU
J0350-SET-M,J0350,2,Set,M,Cream,False,Low Stock,False,Valid SKU
J0350-SET-S,J0350,2,Set,S,Cream,False,Low Stock,False,Valid SKU
J0350-SET-XL,J0350,3,Set,XL,Cream,False,Low Stock,False,Valid SKU
J0350-SET-XS,J0350,1,Set,XS,Cream,False,Low Stock,False,Valid SKU
J0350-SET-XXL,J0350,15,Set,XXL,Cream,False,In Stock,False,Valid SKU
J0350-SET-XXXL,J0350,10,Set,XXXL,Cream,False,In Stock,False,Valid SKU
J0351-SET-L,J0351,24,Set,L,Cream,False,In Stock,False,Valid SKU
J0351-SET-M,J0351,99,Set,M,Cream,False,In Stock,False,Valid SKU
J0351-SET-S,J0351,30,Set,S,Cream,False,In Stock,False,Valid SKU
J0351-SET-XL,J0351,13,Set,XL,Cream,False,In Stock,False,Valid SKU
J0351-SET-XS,J0351,20,Set,XS,Cream,False,In Stock,False,Valid SKU
J0351-SET-XXL,J0351,23,Set,XXL,Cream,False,In Stock,False,Valid SKU
J0351-SET-XXXL,J0351,18,Set,XXXL,Cream,False,In Stock,False,Valid SKU
J0352-KR-L,J0352,22,Kurta,L,Green,False,In Stock,False,Valid SKU
J0352-KR-M,J0352,54,Kurta,M,Green,False,In Stock,False,Valid SKU
J0352-KR-S,J0352,30,Kurta,S,Green,False,In Stock,False,Valid SKU
J0352-KR-XL,J0352,15,Kurta,XL,Green,False,In Stock,False,Valid SKU
J0352-KR-XXL,J0352,26,Kurta,XXL,Green,False,In Stock,False,Valid SKU
J0353-KR-L,J0353,85,Kurta,L,Peach,False,In Stock,False,Valid SKU
J0353-KR-M,J0353,91,Kurta,M,Peach,False,In Stock,False,Valid SKU
J0353-KR-S,J0353,129,Kurta,S,Peach,False,In Stock,False,Valid SKU
J0353-KR-XL,J0353,35,Kurta,XL,Peach,False,In Stock,False,Valid SKU
J0353-KR-XXL,J0353,9,Kurta,XXL,Peach,False,In Stock,False,Valid SKU
J0354-KR-L,J0354,66,Kurta,L,Pink,False,In Stock,False,Valid SKU
J0354-KR-M,J0354,77,Kurta,M,Pink,False,In Stock,False,Valid SKU
J0354-KR-S,J0354,37,Kurta,S,Pink,False,In Stock,False,Valid SKU
J0354-KR-XL,J0354,81,Kurta,XL,Pink,False,In Stock,False,Valid SKU
J0354-KR-XXL,J0354,26,Kurta,XXL,Pink,False,In Stock,False,Valid SKU
J0354-KR-XXXL,J0354,1,Kurta,XXXL,Pink,False,Low Stock,False,Valid SKU
J0355-KR-L,J0355,26,Kurta,L,Blue,False,In Stock,False,Valid SKU
J0355-KR-M,J0355,33,Kurta,M,Blue,False,In Stock,False,Valid SKU
J0355-KR-S,J0355,33,Kurta,S,Blue,False,In Stock,False,Valid SKU
J0355-KR-XL,J0355,30,Kurta,XL,Blue,False,In Stock,False,Valid SKU
J0355-KR-XXL,J0355,6,Kurta,XXL,Blue,False,In Stock,False,Valid SKU
J0369-SKD-L,J0369,3,Kurta Set,L,Grey,False,Low Stock,False,Valid SKU
J0369-SKD-M,J0369,5,Kurta Set,M,Grey,False,Low Stock,False,Valid SKU
J0369-SKD-S,J0369,7,Kurta Set,S,Grey,False,In Stock,False,Valid SKU
J0369-SKD-XL,J0369,2,Kurta Set,XL,Grey,False,Low Stock,False,Valid SKU
J0369-SKD-XS,J0369,37,Kurta Set,XS,Grey,False,In Stock,False,Valid SKU
J0369-SKD-XXL,J0369,33,Kurta Set,XXL,Grey,False,In Stock,False,Valid SKU
J0369-SKD-XXXL,J0369,23,Kurta Set,XXXL,Grey,False,In Stock,False,Valid SKU
J0370-SKD-L,J0370,32,Kurta Set,L,Maroon,False,In Stock,False,Valid SKU
J0370-SKD-M,J0370,45,Kurta Set,M,Maroon,False,In Stock,False,Valid SKU
J0370-SKD-S,J0370,37,Kurta Set,S,Maroon,False,In Stock,False,Valid SKU
J0370-SKD-XL,J0370,32,Kurta Set,XL,Maroon,False,In Stock,False,Valid SKU
J0370-SKD-XS,J0370,46,Kurta Set,XS,Maroon,False,In Stock,False,Valid SKU
J0370-SKD-XXL,J0370,55,Kurta Set,XXL,Maroon,False,In Stock,False,Valid SKU
J0370-SKD-XXXL,J0370,35,Kurta Set,XXXL,Maroon,False,In Stock,False,Valid SKU
J0371-SKD-L,J0371,3,Kurta Set,L,Teal,False,Low Stock,False,Valid SKU
J0371-SKD-M,J0371,2,Kurta Set,M,Teal,False,Low Stock,False,Valid SKU
J0371-SKD-S,J0371,2,Kurta Set,S,Teal,False,Low Stock,False,Valid SKU
J0371-SKD-XL,J0371,3,Kurta Set,XL,Teal,False,Low Stock,False,Valid SKU
J0371-SKD-XS,J0371,6,Kurta Set,XS,Teal,False,In Stock,False,Valid SKU
J0371-SKD-XXL,J0371,11,Kurta Set,XXL,Teal,False,In Stock,False,Valid SKU
J0371-SKD-XXXL,J0371,20,Kurta Set,XXXL,Teal,False,In Stock,False,Valid SKU
J0372-SKD-L,J0372,31,Kurta Set,L,Mustard,False,In Stock,False,Valid SKU
J0372-SKD-M,J0372,25,Kurta Set,M,Mustard,False,In Stock,False,Valid SKU
J0372-SKD-S,J0372,39,Kurta Set,S,Mustard,False,In Stock,False,Valid SKU
J0372-SKD-XL,J0372,32,Kurta Set,XL,Mustard,False,In Stock,False,Valid SKU
J0372-SKD-XS,J0372,26,Kurta Set,XS,Mustard,False,In Stock,False,Valid SKU
J0372-SKD-XXL,J0372,22,Kurta Set,XXL,Mustard,False,In Stock,False,Valid SKU
J0372-SKD-XXXL,J0372,26,Kurta Set,XXXL,Mustard,False,In Stock,False,Valid SKU
J0373-KR-L,J0373,5,Kurta,L,Orange,False,Low Stock,False,Valid SKU
J0373-KR-M,J0373,4,Kurta,M,Orange,False,Low Stock,False,Valid SKU
J0373-KR-S,J0373,24,Kurta,S,Orange,False,In Stock,False,Valid SKU
J0373-KR-XL,J0373,3,Kurta,XL,Orange,False,Low Stock,False,Valid SKU
J0373-KR-XS,J0373,41,Kurta,XS,Orange,False,In Stock,False,Valid SKU
J0373-KR-XXL,J0373,21,Kurta,XXL,Orange,False,In Stock,False,Valid SKU
J0373-KR-XXXL,J0373,8,Kurta,XXXL,Orange,False,In Stock,False,Valid SKU
J0374-KR-L,J0374,3,Kurta,L,Green,False,Low Stock,False,Valid SKU
J0374-KR-M,J0374,2,Kurta,M,Green,False,Low Stock,False,Valid SKU
J0374-KR-S,J0374,11,Kurta,S,Green,False,In Stock,False,Valid SKU
J0374-KR-XL,J0374,5,Kurta,XL,Green,False,Low Stock,False,Valid SKU
J0374-KR-XS,J0374,23,Kurta,XS,Green,False,In Stock,False,Valid SKU
J0374-KR-XXL,J0374,5,Kurta,XXL,Green,False,Low Stock,False,Valid SKU
J0374-KR-XXXL,J0374,7,Kurta,XXXL,Green,False,In Stock,False,Valid SKU
J0375-SKD-L,J0375,35,Set,L,Cream,False,In Stock,False,Valid SKU
J0375-SKD-M,J0375,47,Set,M,Cream,False,In Stock,False,Valid SKU
J0375-SKD-S,J0375,34,Set,S,Cream,False,In Stock,False,Valid SKU
J0375-SKD-XL,J0375,22,Set,XL,Cream,False,In Stock,False,Valid SKU
J0375-SKD-XS,J0375,37,Set,XS,Cream,False,In Stock,False,Valid SKU
J0375-SKD-XXL,J0375,37,Set,XXL,Cream,False,In Stock,False,Valid SKU
J0375-SKD-XXXL,J0375,19,Set,XXXL,Cream,False,In Stock,False,Valid SKU
J0376-SKD-L,J0376,1,Kurta,L,Pink,False,Low Stock,False,Valid SKU
J0376-SKD-M,J0376,0,Kurta,M,Pink,False,Out of Stock,False,Valid SKU
J0376-SKD-S,J0376,7,Kurta,S,Pink,False,In Stock,False,Valid SKU
J0376-SKD-XL,J0376,9,Kurta,XL,Pink,False,In Stock,False,Valid SKU
J0376-SKD-XS,J0376,5,Kurta,XS,Pink,False,Low Stock,False,Valid SKU
J0376-SKD-XXL,J0376,3,Kurta,XXL,Pink,False,Low Stock,False,Valid SKU
J0376-SKD-XXXL,J0376,2,Kurta,XXXL,Pink,False,Low Stock,False,Valid SKU
J0377-SKD-L,J0377,7,Set,L,Beige,False,In Stock,False,Valid SKU
J0377-SKD-M,J0377,3,Set,M,Beige,False,Low Stock,False,Valid SKU
J0377-SKD-S,J0377,23,Set,S,Beige,False,In Stock,False,Valid SKU
J0377-SKD-XL,J0377,0,Set,XL,Beige,False,Out of Stock,False,Valid SKU
J0377-SKD-XS,J0377,25,Set,XS,Beige,False,In Stock,False,Valid SKU
J0377-SKD-XXL,J0377,1,Set,XXL,Beige,False,Low Stock,False,Valid SKU
J0377-SKD-XXXL,J0377,2,Set,XXXL,Beige,False,Low Stock,False,Valid SKU
J0378-SKD-L,J0378,1,Set,L,Green,False,Low Stock,False,Valid SKU
J0378-SKD-M,J0378,1,Set,M,Green,False,Low Stock,False,Valid SKU
J0378-SKD-S,J0378,3,Set,S,Green,False,Low Stock,False,Valid SKU
J0378-SKD-XL,J0378,2,Set,XL,Green,False,Low Stock,False,Valid SKU
J0378-SKD-XS,J0378,3,Set,XS,Green,False,Low Stock,False,Valid SKU
J0378-SKD-XXL,J0378,0,Set,XXL,Green,False,Out of Stock,False,Valid SKU
J0378-SKD-XXXL,J0378,2,Set,XXXL,Green,False,Low Stock,False,Valid SKU
J0379-SKD-L,J0379,3,Set,L,Green,False,Low Stock,False,Valid SKU
J0379-SKD-M,J0379,7,Set,M,Green,False,In Stock,False,Valid SKU
J0379-SKD-S,J0379,14,Set,S,Green,False,In Stock,False,Valid SKU
J0379-SKD-XL,J0379,12,Set,XL,Green,False,In Stock,False,Valid SKU
J0379-SKD-XS,J0379,19,Set,XS,Green,False,In Stock,False,Valid SKU
J0379-SKD-XXL,J0379,2,Set,XXL,Green,False,Low Stock,False,Valid SKU
J0379-SKD-XXXL,J0379,24,Set,XXXL,Green,False,In Stock,False,Valid SKU
J0380-SKD-L,J0380,29,Set,L,Pink,False,In Stock,False,Valid SKU
J0380-SKD-M,J0380,16,Set,M,Pink,False,In Stock,False,Valid SKU
J0380-SKD-S,J0380,27,Set,S,Pink,False,In Stock,False,Valid SKU
J0380-SKD-XL,J0380,12,Set,XL,Pink,False,In Stock,False,Valid SKU
J0380-SKD-XS,J0380,33,Set,XS,Pink,False,In Stock,False,Valid SKU
J0380-SKD-XXL,J0380,14,Set,XXL,Pink,False,In Stock,False,Valid SKU
J0380-SKD-XXXL,J0380,19,Set,XXXL,Pink,False,In Stock,False,Valid SKU
J0381-SKD-L,J0381,47,Set,L,Gold,False,In Stock,False,Valid SKU
J0381-SKD-M,J0381,91,Set,M,Gold,False,In Stock,False,Valid SKU
J0381-SKD-S,J0381,32,Set,S,Gold,False,In Stock,False,Valid SKU
J0381-SKD-XL,J0381,31,Set,XL,Gold,False,In Stock,False,Valid SKU
J0381-SKD-XS,J0381,28,Set,XS,Gold,False,In Stock,False,Valid SKU
J0381-SKD-XXL,J0381,29,Set,XXL,Gold,False,In Stock,False,Valid SKU
J0381-SKD-XXXL,J0381,21,Set,XXXL,Gold,False,In Stock,False,Valid SKU
J0382-SKD-L,J0382,10,Set,L,Grey,False,In Stock,False,Valid SKU
J0382-SKD-M,J0382,4,Set,M,Grey,False,Low Stock,False,Valid SKU
J0382-SKD-S,J0382,18,Set,S,Grey,False,In Stock,False,Valid SKU
J0382-SKD-XL,J0382,13,Set,XL,Grey,False,In Stock,False,Valid SKU
J0382-SKD-XS,J0382,28,Set,XS,Grey,False,In Stock,False,Valid SKU
J0382-SKD-XXL,J0382,20,Set,XXL,Grey,False,In Stock,False,Valid SKU
J0382-SKD-XXXL,J0382,22,Set,XXXL,Grey,False,In Stock,False,Valid SKU
J0385-KR-L,J0385,10,Kurta,L,Red,False,In Stock,False,Valid SKU
J0385-KR-M,J0385,5,Kurta,M,Red,False,Low Stock,False,Valid SKU
J0385-KR-S,J0385,13,Kurta,S,Red,False,In Stock,False,Valid SKU
J0385-KR-XL,J0385,24,Kurta,XL,Red,False,In Stock,False,Valid SKU
J0385-KR-XS,J0385,30,Kurta,XS,Red,False,In Stock,False,Valid SKU
J0385-KR-XXL,J0385,39,Kurta,XXL,Red,False,In Stock,False,Valid SKU
J0385-KR-XXXL,J0385,20,Kurta,XXXL,Red,False,In Stock,False,Valid SKU
J0386-KR-L,J0386,0,Kurta,L,Rust,False,Out of Stock,False,Valid SKU
J0386-KR-M,J0386,0,Kurta,M,Rust,False,Out of Stock,False,Valid SKU
J0386-KR-S,J0386,3,Kurta,S,Rust,False,Low Stock,False,Valid SKU
J0386-KR-XL,J0386,0,Kurta,XL,Rust,False,Out of Stock,False,Valid SKU
J0386-KR-XS,J0386,6,Kurta,XS,Rust,False,In Stock,False,Valid SKU
J0386-KR-XXL,J0386,1,Kurta,XXL,Rust,False,Low Stock,False,Valid SKU
J0386-KR-XXXL,J0386,2,Kurta,XXXL,Rust,False,Low Stock,False,Valid SKU
J0388-TP-L,J0388,32,Top,L,Red,False,In Stock,False,Valid SKU
J0388-TP-M,J0388,28,Top,M,Red,False,In Stock,False,Valid SKU
J0388-TP-S,J0388,38,Top,S,Red,False,In Stock,False,Valid SKU
J0388-TP-XL,J0388,36,Top,XL,Red,False,In Stock,False,Valid SKU
J0388-TP-XS,J0388,29,Top,XS,Red,False,In Stock,False,Valid SKU
J0388-TP-XXL,J0388,39,Top,XXL,Red,False,In Stock,False,Valid SKU
J0388-TP-XXXL,J0388,31,Top,XXXL,Red,False,In Stock,False,Valid SKU
J0389-TP-L,J0389,27,Top,L,Teal,False,In Stock,False,Valid SKU
J0389-TP-M,J0389,24,Top,M,Teal,False,In Stock,False,Valid SKU
J0389-TP-S,J0389,23,Top,S,Teal,False,In Stock,False,Valid SKU
J0389-TP-XL,J0389,30,Top,XL,Teal,False,In Stock,False,Valid SKU
J0389-TP-XS,J0389,37,Top,XS,Teal,False,In Stock,False,Valid SKU
J0389-TP-XXL,J0389,34,Top,XXL,Teal,False,In Stock,False,Valid SKU
J0389-TP-XXXL,J0389,25,Top,XXXL,Teal,False,In Stock,False,Valid SKU
J0390-TP-L,J0390,3,Top,L,Mauve,False,Low Stock,False,Valid SKU
J0390-TP-M,J0390,3,Top,M,Mauve,False,Low Stock,False,Valid SKU
J0390-TP-S,J0390,15,Top,S,Mauve,False,In Stock,False,Valid SKU
J0390-TP-XL,J0390,1,Top,XL,Mauve,False,Low Stock,False,Valid SKU
J0390-TP-XS,J0390,30,Top,XS,Mauve,False,In Stock,False,Valid SKU
J0390-TP-XXL,J0390,4,Top,XXL,Mauve,False,Low Stock,False,Valid SKU
J0390-TP-XXXL,J0390,2,Top,XXXL,Mauve,False,Low Stock,False,Valid SKU
J0391-TP-L,J0391,1,Top,L,Green,False,Low Stock,False,Valid SKU
J0391-TP-M,J0391,2,Top,M,Green,False,Low Stock,False,Valid SKU
J0391-TP-S,J0391,11,Top,S,Green,False,In Stock,False,Valid SKU
J0391-TP-XL,J0391,1,Top,XL,Green,False,Low Stock,False,Valid SKU
J0391-TP-XS,J0391,20,Top,XS,Green,False,In Stock,False,Valid SKU
J0391-TP-XXL,J0391,10,Top,XXL,Green,False,In Stock,False,Valid SKU
J0391-TP-XXXL,J0391,0,Top,XXXL,Green,False,Out of Stock,False,Valid SKU
J0392-TP-L,J0392,20,Top,L,Rust,False,In Stock,False,Valid SKU
J0392-TP-M,J0392,25,Top,M,Rust,False,In Stock,False,Valid SKU
J0392-TP-S,J0392,31,Top,S,Rust,False,In Stock,False,Valid SKU
J0392-TP-XL,J0392,30,Top,XL,Rust,False,In Stock,False,Valid SKU
J0392-TP-XS,J0392,21,Top,XS,Rust,False,In Stock,False,Valid SKU
J0392-TP-XXL,J0392,34,Top,XXL,Rust,False,In Stock,False,Valid SKU
J0392-TP-XXXL,J0392,28,Top,XXXL,Rust,False,In Stock,False,Valid SKU
J0395-DR-L,J0395,2,Dress,L,Teal,False,Low Stock,False,Valid SKU
J0395-DR-M,J0395,0,Dress,M,Teal,False,Out of Stock,False,Valid SKU
J0395-DR-S,J0395,1,Dress,S,Teal,False,Low Stock,False,Valid SKU
J0395-DR-XL,J0395,2,Dress,XL,Teal,False,Low Stock,False,Valid SKU
J0395-DR-XS,J0395,1,Dress,XS,Teal,False,Low Stock,False,Valid SKU
J0395-DR-XXL,J0395,3,Dress,XXL,Teal,False,Low Stock,False,Valid SKU
J0395-DR-XXXL,J0395,2,Dress,XXXL,Teal,False,Low Stock,False,Valid SKU
J0396-DR-L,J0396,1,Dress,L,Yellow,False,Low Stock,False,Valid SKU
J0396-DR-M,J0396,4,Dress,M,Yellow,False,Low Stock,False,Valid SKU
J0396-DR-S,J0396,6,Dress,S,Yellow,False,In Stock,False,Valid SKU
J0396-DR-XL,J0396,1,Dress,XL,Yellow,False,Low Stock,False,Valid SKU
J0396-DR-XS,J0396,4,Dress,XS,Yellow,False,Low Stock,False,Valid SKU
J0396-DR-XXL,J0396,7,Dress,XXL,Yellow,False,In Stock,False,Valid SKU
J0396-DR-XXXL,J0396,2,Dress,XXXL,Yellow,False,Low Stock,False,Valid SKU
J0397-DR-L,J0397,2,Dress,L,Red,False,Low Stock,False,Valid SKU
J0397-DR-M,J0397,6,Dress,M,Red,False,In Stock,False,Valid SKU
J0397-DR-S,J0397,26,Dress,S,Red,False,In Stock,False,Valid SKU
J0397-DR-XL,J0397,7,Dress,XL,Red,False,In Stock,False,Valid SKU
J0397-DR-XS,J0397,21,Dress,XS,Red,False,In Stock,False,Valid SKU
J0397-DR-XXL,J0397,16,Dress,XXL,Red,False,In Stock,False,Valid SKU
J0397-DR-XXXL,J0397,3,Dress,XXXL,Red,False,Low Stock,False,Valid SKU
J0398-DR-L,J0398,13,Dress,L,Wine,False,In Stock,False,Valid SKU
J0398-DR-M,J0398,2,Dress,M,Wine,False,Low Stock,False,Valid SKU
J0398-DR-S,J0398,3,Dress,S,Wine,False,Low Stock,False,Valid SKU
J0398-DR-XL,J0398,21,Dress,XL,Wine,False,In Stock,False,Valid SKU
J0398-DR-XS,J0398,19,Dress,XS,Wine,False,In Stock,False,Valid SKU
J0398-DR-XXL,J0398,29,Dress,XXL,Wine,False,In Stock,False,Valid SKU
J0399-DR-L,J0399,1,Dress,L,Rust,False,Low Stock,False,Valid SKU
J0399-DR-M,J0399,2,Dress,M,Rust,False,Low Stock,False,Valid SKU
J0399-DR-S,J0399,3,Dress,S,Rust,False,Low Stock,False,Valid SKU
J0399-DR-XL,J0399,5,Dress,XL,Rust,False,Low Stock,False,Valid SKU
J0399-DR-XS,J0399,0,Dress,XS,Rust,False,Out of Stock,False,Valid SKU
J0399-DR-XXL,J0399,9,Dress,XXL,Rust,False,In Stock,False,Valid SKU
J0399-DR-XXXL,J0399,17,Dress,XXXL,Rust,False,In Stock,False,Valid SKU
J0400-DR-L,J0400,4,Dress,L,Sea Green,False,Low Stock,False,Valid SKU
J0400-DR-M,J0400,4,Dress,M,Sea Green,False,Low Stock,False,Valid SKU
J0400-DR-S,J0400,3,Dress,S,Sea Green,False,Low Stock,False,Valid SKU
J0400-DR-XL,J0400,12,Dress,XL,Sea Green,False,In Stock,False,Valid SKU
J0400-DR-XS,J0400,10,Dress,XS,Sea Green,False,In Stock,False,Valid SKU
J0400-DR-XXL,J0400,24,Dress,XXL,Sea Green,False,In Stock,False,Valid SKU
J0400-DR-XXXL,J0400,15,Dress,XXXL,Sea Green,False,In Stock,False,Valid SKU
J0401-DR-L,J0401,3,Dress,L,Yellow,False,Low Stock,False,Valid SKU
J0401-DR-M,J0401,3,Dress,M,Yellow,False,Low Stock,False,Valid SKU
J0401-DR-S,J0401,6,Dress,S,Yellow,False,In Stock,False,Valid SKU
J0401-DR-XL,J0401,2,Dress,XL,Yellow,False,Low Stock,False,Valid SKU
J0401-DR-XS,J0401,5,Dress,XS,Yellow,False,Low Stock,False,Valid SKU
J0401-DR-XXL,J0401,4,Dress,XXL,Yellow,False,Low Stock,False,Valid SKU
J0401-DR-XXXL,J0401,2,Dress,XXXL,Yellow,False,Low Stock,False,Valid SKU
J0402-DR-L,J0402,13,Dress,L,Teal,False,In Stock,False,Valid SKU
J0402-DR-M,J0402,21,Dress,M,Teal,False,In Stock,False,Valid SKU
J0402-DR-S,J0402,22,Dress,S,Teal,False,In Stock,False,Valid SKU
J0402-DR-XL,J0402,35,Dress,XL,Teal,False,In Stock,False,Valid SKU
J0402-DR-XS,J0402,16,Dress,XS,Teal,False,In Stock,False,Valid SKU
J0402-DR-XXL,J0402,23,Dress,XXL,Teal,False,In Stock,False,Valid SKU
J0413-DR-L,J0413,0,Dress,L,Mint Green,False,Out of Stock,False,Valid SKU
J0413-DR-M,J0413,1,Dress,M,Mint Green,False,Low Stock,False,Valid SKU
J0413-DR-S,J0413,5,Dress,S,Mint Green,False,Low Stock,False,Valid SKU
J0413-DR-XL,J0413,12,Dress,XL,Mint Green,False,In Stock,False,Valid SKU
J0413-DR-XS,J0413,4,Dress,XS,Mint Green,False,Low Stock,False,Valid SKU
J0413-DR-XXL,J0413,7,Dress,XXL,Mint Green,False,In Stock,False,Valid SKU
J0414-DR-L,J0414,1,Dress,L,Coral Orange,False,Low Stock,False,Valid SKU
J0414-DR-M,J0414,1,Dress,M,Coral Orange,False,Low Stock,False,Valid SKU
J0414-DR-S,J0414,0,Dress,S,Coral Orange,False,Out of Stock,False,Valid SKU
J0414-DR-XL,J0414,3,Dress,XL,Coral Orange,False,Low Stock,False,Valid SKU
J0414-DR-XS,J0414,1,Dress,XS,Coral Orange,False,Low Stock,False,Valid SKU
J0414-DR-XXL,J0414,0,Dress,XXL,Coral Orange,False,Out of Stock,False,Valid SKU
J0414-DR-XXXL,J0414,0,Dress,XXXL,Coral Orange,False,Out of Stock,False,Valid SKU
J0415-DR-L,J0415,4,Dress,L,Coral Pink,False,Low Stock,False,Valid SKU
J0415-DR-M,J0415,0,Dress,M,Coral Pink,False,Out of Stock,False,Valid SKU
J0415-DR-S,J0415,0,Dress,S,Coral Pink,False,Out of Stock,False,Valid SKU
J0415-DR-XL,J0415,3,Dress,XL,Coral Pink,False,Low Stock,False,Valid SKU
J0415-DR-XS,J0415,2,Dress,XS,Coral Pink,False,Low Stock,False,Valid SKU
J0415-DR-XXL,J0415,2,Dress,XXL,Coral Pink,False,Low Stock,False,Valid SKU
J0415-DR-XXXL,J0415,7,Dress,XXXL,Coral Pink,False,In Stock,False,Valid SKU
J0416-DR-L,J0416,2,Dress,L,Pink,False,Low Stock,False,Valid SKU
J0416-DR-M,J0416,1,Dress,M,Pink,False,Low Stock,False,Valid SKU
J0416-DR-S,J0416,0,Dress,S,Pink,False,Out of Stock,False,Valid SKU
J0416-DR-XL,J0416,13,Dress,XL,Pink,False,In Stock,False,Valid SKU
J0416-DR-XS,J0416,12,Dress,XS,Pink,False,In Stock,False,Valid SKU
J0416-DR-XXL,J0416,9,Dress,XXL,Pink,False,In Stock,False,Valid SKU
J0417-TP-L,J0417,23,Top,L,Sea Green,False,In Stock,False,Valid SKU
J0417-TP-M,J0417,8,Top,M,Sea Green,False,In Stock,False,Valid SKU
J0417-TP-S,J0417,18,Top,S,Sea Green,False,In Stock,False,Valid SKU
J0417-TP-XL,J0417,20,Top,XL,Sea Green,False,In Stock,False,Valid SKU
J0417-TP-XS,J0417,19,Top,XS,Sea Green,False,In Stock,False,Valid SKU
J0417-TP-XXL,J0417,12,Top,XXL,Sea Green,False,In Stock,False,Valid SKU
J0417-TP-XXXL,J0417,13,Top,XXXL,Sea Green,False,In Stock,False,Valid SKU
J0418-TP-L,J0418,12,Top,L,Yellow,False,In Stock,False,Valid SKU
J0418-TP-M,J0418,3,Top,M,Yellow,False,Low Stock,False,Valid SKU
J0418-TP-S,J0418,1,Top,S,Yellow,False,Low Stock,False,Valid SKU
J0418-TP-XL,J0418,42,Top,XL,Yellow,False,In Stock,False,Valid SKU
J0418-TP-XS,J0418,2,Top,XS,Yellow,False,Low Stock,False,Valid SKU
J0418-TP-XXL,J0418,29,Top,XXL,Yellow,False,In Stock,False,Valid SKU
J0419-TP-L,J0419,34,Top,L,Maroon,False,In Stock,False,Valid SKU
J0419-TP-M,J0419,22,Top,M,Maroon,False,In Stock,False,Valid SKU
J0419-TP-S,J0419,20,Top,S,Maroon,False,In Stock,False,Valid SKU
J0419-TP-XL,J0419,40,Top,XL,Maroon,False,In Stock,False,Valid SKU
J0419-TP-XS,J0419,21,Top,XS,Maroon,False,In Stock,False,Valid SKU
J0419-TP-XXL,J0419,41,Top,XXL,Maroon,False,In Stock,False,Valid SKU
J0419-TP-XXXL,J0419,23,Top,XXXL,Maroon,False,In Stock,False,Valid SKU
J0420-TP-L,J0420,21,Top,L,Pink,False,In Stock,False,Valid SKU
J0420-TP-M,J0420,12,Top,M,Pink,False,In Stock,False,Valid SKU
J0420-TP-S,J0420,23,Top,S,Pink,False,In Stock,False,Valid SKU
J0420-TP-XL,J0420,34,Top,XL,Pink,False,In Stock,False,Valid SKU
J0420-TP-XS,J0420,22,Top,XS,Pink,False,In Stock,False,Valid SKU
J0420-TP-XXL,J0420,32,Top,XXL,Pink,False,In Stock,False,Valid SKU
J0420-TP-XXXL,J0420,31,Top,XXXL,Pink,False,In Stock,False,Valid SKU
J0421-TP-L,J0421,50,Top,L,Teal,False,In Stock,False,Valid SKU
J0421-TP-M,J0421,46,Top,M,Teal,False,In Stock,False,Valid SKU
J0421-TP-S,J0421,46,Top,S,Teal,False,In Stock,False,Valid SKU
J0421-TP-XL,J0421,53,Top,XL,Teal,False,In Stock,False,Valid SKU
J0421-TP-XS,J0421,45,Top,XS,Teal,False,In Stock,False,Valid SKU
J0421-TP-XXL,J0421,42,Top,XXL,Teal,False,In Stock,False,Valid SKU
J0429-DR-L,J0429,49,Dress,L,Peach,False,In Stock,False,Valid SKU
J0429-DR-M,J0429,65,Dress,M,Peach,False,In Stock,False,Valid SKU
J0429-DR-S,J0429,66,Dress,S,Peach,False,In Stock,False,Valid SKU
J0429-DR-XL,J0429,48,Dress,XL,Peach,False,In Stock,False,Valid SKU
J0429-DR-XS,J0429,43,Dress,XS,Peach,False,In Stock,False,Valid SKU
J0429-DR-XXL,J0429,72,Dress,XXL,Peach,False,In Stock,False,Valid SKU
J0429-DR-XXXL,J0429,52,Dress,XXXL,Peach,False,In Stock,False,Valid SKU
J0430-DR-L,J0430,70,Dress,L,Sea Green,False,In Stock,False,Valid SKU
J0430-DR-M,J0430,69,Dress,M,Sea Green,False,In Stock,False,Valid SKU
J0430-DR-S,J0430,72,Dress,S,Sea Green,False,In Stock,False,Valid SKU
J0430-DR-XL,J0430,71,Dress,XL,Sea Green,False,In Stock,False,Valid SKU
J0430-DR-XS,J0430,58,Dress,XS,Sea Green,False,In Stock,False,Valid SKU
J0430-DR-XXL,J0430,73,Dress,XXL,Sea Green,False,In Stock,False,Valid SKU
J0430-DR-XXXL,J0430,57,Dress,XXXL,Sea Green,False,In Stock,False,Valid SKU
J0431-DR-L,J0431,49,Dress,L,Blue,False,In Stock,False,Valid SKU
J0431-DR-M,J0431,51,Dress,M,Blue,False,In Stock,False,Valid SKU
J0431-DR-S,J0431,61,Dress,S,Blue,False,In Stock,False,Valid SKU
J0431-DR-XL,J0431,58,Dress,XL,Blue,False,In Stock,False,Valid SKU
J0431-DR-XS,J0431,54,Dress,XS,Blue,False,In Stock,False,Valid SKU
J0431-DR-XXL,J0431,63,Dress,XXL,Blue,False,In Stock,False,Valid SKU
J0431-DR-XXXL,J0431,52,Dress,XXXL,Blue,False,In Stock,False,Valid SKU
J0432-DR-L,J0432,50,Dress,L,Peach,False,In Stock,False,Valid SKU
J0432-DR-M,J0432,24,Dress,M,Peach,False,In Stock,False,Valid SKU
J0432-DR-S,J0432,48,Dress,S,Peach,False,In Stock,False,Valid SKU
J0432-DR-XL,J0432,25,Dress,XL,Peach,False,In Stock,False,Valid SKU
J0432-DR-XS,J0432,50,Dress,XS,Peach,False,In Stock,False,Valid SKU
J0432-DR-XXL,J0432,25,Dress,XXL,Peach,False,In Stock,False,Valid SKU
J0432-DR-XXXL,J0432,50,Dress,XXXL,Peach,False,In Stock,False,Valid SKU
J0433-DR-L,J0433,20,Dress,L,Yellow,False,In Stock,False,Valid SKU
J0433-DR-M,J0433,20,Dress,M,Yellow,False,In Stock,False,Valid SKU
J0433-DR-S,J0433,20,Dress,S,Yellow,False,In Stock,False,Valid SKU
J0433-DR-XL,J0433,20,Dress,XL,Yellow,False,In Stock,False,Valid SKU
J0433-DR-XS,J0433,24,Dress,XS,Yellow,False,In Stock,False,Valid SKU
J0433-DR-XXL,J0433,20,Dress,XXL,Yellow,False,In Stock,False,Valid SKU
J0433-DR-XXXL,J0433,20,Dress,XXXL,Yellow,False,In Stock,False,Valid SKU
J0434-DR-L,J0434,45,Dress,L,White,False,In Stock,False,Valid SKU
J0434-DR-M,J0434,56,Dress,M,White,False,In Stock,False,Valid SKU
J0434-DR-S,J0434,60,Dress,S,White,False,In Stock,False,Valid SKU
J0434-DR-XL,J0434,61,Dress,XL,White,False,In Stock,False,Valid SKU
J0434-DR-XS,J0434,48,Dress,XS,White,False,In Stock,False,Valid SKU
J0434-DR-XXL,J0434,57,Dress,XXL,White,False,In Stock,False,Valid SKU
J0434-DR-XXXL,J0434,43,Dress,XXXL,White,False,In Stock,False,Valid SKU
J0435-DR-L,J0435,20,Dress,L,Pink,False,In Stock,False,Valid SKU
J0435-DR-M,J0435,19,Dress,M,Pink,False,In Stock,False,Valid SKU
J0435-DR-S,J0435,19,Dress,S,Pink,False,In Stock,False,Valid SKU
J0435-DR-XL,J0435,20,Dress,XL,Pink,False,In Stock,False,Valid SKU
J0435-DR-XS,J0435,20,Dress,XS,Pink,False,In Stock,False,Valid SKU
J0435-DR-XXL,J0435,19,Dress,XXL,Pink,False,In Stock,False,Valid SKU
J0435-DR-XXXL,J0435,20,Dress,XXXL,Pink,False,In Stock,False,Valid SKU
J0436-DR-M,J0436,20,Dress,M,Sky Blue,False,In Stock,False,Valid SKU
J0436-DR-S,J0436,29,Dress,S,Sky Blue,False,In Stock,False,Valid SKU
J0436-DR-XL,J0436,20,Dress,XL,Sky Blue,False,In Stock,False,Valid SKU
J0436-DR-XS,J0436,20,Dress,XS,Sky Blue,False,In Stock,False,Valid SKU
J0436-DR-XXL,J0436,11,Dress,XXL,Sky Blue,False,In Stock,False,Valid SKU
J0436-DR-XXXL,J0436,19,Dress,XXXL,Sky Blue,False,In Stock,False,Valid SKU
JAN8601-KR-L,JAN8601,1,Kurta,L,White,False,Low Stock,False,Valid SKU
JAN8601-KR-M,JAN8601,1,Kurta,M,White,False,Low Stock,False,Valid SKU
JAN8601-KR-S,JAN8601,1,Kurta,S,White,False,Low Stock,False,Valid SKU
JAN8601-KR-XL,JAN8601,2,Kurta,XL,White,False,Low Stock,False,Valid SKU
JAN8601-KR-XXL,JAN8601,0,Kurta,XXL,White,False,Out of Stock,False,Valid SKU
JAN8602-KR-L,JAN8602,4,Kurta,L,Navy Blue,False,Low Stock,False,Valid SKU
JAN8602-KR-M,JAN8602,4,Kurta,M,Navy Blue,False,Low Stock,False,Valid SKU
JAN8602-KR-S,JAN8602,2,Kurta,S,Navy Blue,False,Low Stock,False,Valid SKU
JAN8602-KR-XL,JAN8602,3,Kurta,XL,Navy Blue,False,Low Stock,False,Valid SKU
JAN8602-KR-XXL,JAN8602,1,Kurta,XXL,Navy Blue,False,Low Stock,False,Valid SKU
JAN8603-DR-L,JAN8603,1,Dress,L,Light Pink,False,Low Stock,False,Valid SKU
JAN8603-DR-M,JAN8603,1,Dress,M,Light Pink,False,Low Stock,False,Valid SKU
JAN8603-DR-S,JAN8603,1,Dress,S,Light Pink,False,Low Stock,False,Valid SKU
JAN8603-DR-XL,JAN8603,3,Dress,XL,Light Pink,False,Low Stock,False,Valid SKU
JAN8603-DR-XXL,JAN8603,0,Dress,XXL,Light Pink,False,Out of Stock,False,Valid SKU
JAN8604-KR-L,JAN8604,6,Dress,L,Sky Blue,False,In Stock,False,Valid SKU
JAN8604-KR-M,JAN8604,5,Dress,M,Sky Blue,False,Low Stock,False,Valid SKU
JAN8604-KR-S,JAN8604,2,Dress,S,Sky Blue,False,Low Stock,False,Valid SKU
JAN8604-KR-XL,JAN8604,8,Dress,XL,Sky Blue,False,In Stock,False,Valid SKU
JAN8604-KR-XXL,JAN8604,2,Dress,XXL,Sky Blue,False,Low Stock,False,Valid SKU
JAN8605-KR-NP-L,JAN8605,3,Set,L,Green,False,Low Stock,False,Valid SKU
JAN8605-KR-NP-M,JAN8605,4,Set,M,Green,False,Low Stock,False,Valid SKU
JAN8605-KR-NP-S,JAN8605,3,Set,S,Green,False,Low Stock,False,Valid SKU
JAN8605-KR-NP-XL,JAN8605,4,Set,XL,Green,False,Low Stock,False,Valid SKU
JAN8605-KR-NP-XXL,JAN8605,4,Set,XXL,Green,False,Low Stock,False,Valid SKU
JAN8606-TP-L,JAN8606,5,Top,L,Red,False,Low Stock,False,Valid SKU
JAN8606-TP-M,JAN8606,5,Top,M,Red,False,Low Stock,False,Valid SKU
JAN8606-TP-S,JAN8606,2,Top,S,Red,False,Low Stock,False,Valid SKU
JAN8606-TP-XL,JAN8606,6,Top,XL,Red,False,In Stock,False,Valid SKU
JAN8606-TP-XXL,JAN8606,5,Top,XXL,Red,False,Low Stock,False,Valid SKU
JAN8607-TP-L,JAN8607,0,Top,L,Sky Blue,False,Out of Stock,False,Valid SKU
JAN8607-TP-M,JAN8607,0,Top,M,Sky Blue,False,Out of Stock,False,Valid SKU
JAN8607-TP-S,JAN8607,0,Top,S,Sky Blue,False,Out of Stock,False,Valid SKU
JAN8607-TP-XL,JAN8607,2,Top,XL,Sky Blue,False,Low Stock,False,Valid SKU
JAN8607-TP-XXL,JAN8607,0,Top,XXL,Sky Blue,False,Out of Stock,False,Valid SKU
JAN8608-KR-L,JAN8608,9,Kurta,L,Beige,False,In Stock,False,Valid SKU
JAN8608-KR-M,JAN8608,9,Kurta,M,Beige,False,In Stock,False,Valid SKU
JAN8608-KR-S,JAN8608,5,Kurta,S,Beige,False,Low Stock,False,Valid SKU
JAN8608-KR-XL,JAN8608,10,Kurta,XL,Beige,False,In Stock,False,Valid SKU
JAN8608-KR-XXL,JAN8608,4,Kurta,XXL,Beige,False,Low Stock,False,Valid SKU
JAN8609-KR-NP-L,JAN8609,9,Set,L,Yellow,False,In Stock,False,Valid SKU
JAN8609-KR-NP-M,JAN8609,9,Set,M,Yellow,False,In Stock,False,Valid SKU
JAN8609-KR-NP-S,JAN8609,5,Set,S,Yellow,False,Low Stock,False,Valid SKU
JAN8609-KR-NP-XL,JAN8609,11,Set,XL,Yellow,False,In Stock,False,Valid SKU
JAN8609-KR-NP-XXL,JAN8609,4,Set,XXL,Yellow,False,Low Stock,False,Valid SKU
JAN8610-KR-NP-L,JAN8610,10,Set,L,Green,False,In Stock,False,Valid SKU
JAN8610-KR-NP-M,JAN8610,9,Set,M,Green,False,In Stock,False,Valid SKU
JAN8610-KR-NP-S,JAN8610,4,Set,S,Green,False,Low Stock,False,Valid SKU
JAN8610-KR-NP-XL,JAN8610,9,Set,XL,Green,False,In Stock,False,Valid SKU
JAN8610-KR-NP-XXL,JAN8610,8,Set,XXL,Green,False,In Stock,False,Valid SKU
JAN8611-KR-NP-L,JAN8611,12,Set,L,Turquoise Green,False,In Stock,False,Valid SKU
JAN8611-KR-NP-M,JAN8611,11,Set,M,Turquoise Green,False,In Stock,False,Valid SKU
JAN8611-KR-NP-S,JAN8611,6,Set,S,Turquoise Green,False,In Stock,False,Valid SKU
JAN8611-KR-NP-XL,JAN8611,16,Set,XL,Turquoise Green,False,In Stock,False,Valid SKU
JAN8611-KR-NP-XXL,JAN8611,2,Set,XXL,Turquoise Green,False,Low Stock,False,Valid SKU
JAN8612-KR-NP-L,JAN8612,9,Set,L,Yellow,False,In Stock,False,Valid SKU
JAN8612-KR-NP-M,JAN8612,2,Set,M,Yellow,False,Low Stock,False,Valid SKU
JAN8612-KR-NP-S,JAN8612,5,Set,S,Yellow,False,Low Stock,False,Valid SKU
JAN8612-KR-NP-XL,JAN8612,16,Set,XL,Yellow,False,In Stock,False,Valid SKU
JAN8612-KR-NP-XXL,JAN8612,3,Set,XXL,Yellow,False,Low Stock,False,Valid SKU
JAN8613-TP-L,JAN8613,10,Top,L,White,False,In Stock,False,Valid SKU
JAN8613-TP-M,JAN8613,9,Top,M,White,False,In Stock,False,Valid SKU
JAN8613-TP-S,JAN8613,5,Top,S,White,False,Low Stock,False,Valid SKU
JAN8613-TP-XL,JAN8613,10,Top,XL,White,False,In Stock,False,Valid SKU
JAN8613-TP-XXL,JAN8613,6,Top,XXL,White,False,In Stock,False,Valid SKU
JAN8614-TP-L,JAN8614,2,Top,L,Green,False,Low Stock,False,Valid SKU
JAN8614-TP-M,JAN8614,3,Top,M,Green,False,Low Stock,False,Valid SKU
JAN8614-TP-S,JAN8614,1,Top,S,Green,False,Low Stock,False,Valid SKU
JAN8614-TP-XL,JAN8614,5,Top,XL,Green,False,Low Stock,False,Valid SKU
JAN8614-TP-XXL,JAN8614,5,Top,XXL,Green,False,Low Stock,False,Valid SKU
JAN8615-TP-L,JAN8615,3,Top,L,Blue,False,Low Stock,False,Valid SKU
JAN8615-TP-M,JAN8615,0,Top,M,Blue,False,Out of Stock,False,Valid SKU
JAN8615-TP-S,JAN8615,9,Top,S,Blue,False,In Stock,False,Valid SKU
JAN8615-TP-XL,JAN8615,2,Top,XL,Blue,False,Low Stock,False,Valid SKU
JAN8615-TP-XXL,JAN8615,3,Top,XXL,Blue,False,Low Stock,False,Valid SKU
JAN8616-TP-L,JAN8616,11,Top,L,Yellow,False,In Stock,False,Valid SKU
JAN8616-TP-M,JAN8616,9,Top,M,Yellow,False,In Stock,False,Valid SKU
JAN8616-TP-S,JAN8616,4,Top,S,Yellow,False,Low Stock,False,Valid SKU
JAN8616-TP-XL,JAN8616,12,Top,XL,Yellow,False,In Stock,False,Valid SKU
JAN8616-TP-XXL,JAN8616,7,Top,XXL,Yellow,False,In Stock,False,Valid SKU
JAN8617-KR-L,JAN8617,8,Kurta,L,Peach,False,In Stock,False,Valid SKU
JAN8617-KR-M,JAN8617,7,Kurta,M,Peach,False,In Stock,False,Valid SKU
JAN8617-KR-S,JAN8617,3,Kurta,S,Peach,False,Low Stock,False,Valid SKU
JAN8617-KR-XL,JAN8617,5,Kurta,XL,Peach,False,Low Stock,False,Valid SKU
JAN8617-KR-XXL,JAN8617,5,Kurta,XXL,Peach,False,Low Stock,False,Valid SKU
JAN8618-DR-L,JAN8618,10,Dress,L,Blue,False,In Stock,False,Valid SKU
JAN8618-DR-M,JAN8618,8,Dress,M,Blue,False,In Stock,False,Valid SKU
JAN8618-DR-S,JAN8618,0,Dress,S,Blue,False,Out of Stock,False,Valid SKU
JAN8618-DR-XL,JAN8618,7,Dress,XL,Blue,False,In Stock,False,Valid SKU
JAN8618-DR-XXL,JAN8618,1,Dress,XXL,Blue,False,Low Stock,False,Valid SKU
JAN8619-KR-L,JAN8619,2,Kurta,L,Red,False,Low Stock,False,Valid SKU
JAN8619-KR-M,JAN8619,3,Kurta,M,Red,False,Low Stock,False,Valid SKU
JAN8619-KR-S,JAN8619,0,Kurta,S,Red,False,Out of Stock,False,Valid SKU
JAN8619-KR-XL,JAN8619,5,Kurta,XL,Red,False,Low Stock,False,Valid SKU
JAN8619-KR-XXL,JAN8619,0,Kurta,XXL,Red,False,Out of Stock,False,Valid SKU
JAN8620-KR-L,JAN8620,2,Kurta,L,Sky Blue,False,Low Stock,False,Valid SKU
JAN8620-KR-M,JAN8620,3,Kurta,M,Sky Blue,False,Low Stock,False,Valid SKU
JAN8620-KR-S,JAN8620,6,Kurta,S,Sky Blue,False,In Stock,False,Valid SKU
JAN8620-KR-XL,JAN8620,3,Kurta,XL,Sky Blue,False,Low Stock,False,Valid SKU
JAN8620-KR-XXL,JAN8620,2,Kurta,XXL,Sky Blue,False,Low Stock,False,Valid SKU
JAN8621-DR-L,JAN8621,10,Dress,L,Beige,False,In Stock,False,Valid SKU
JAN8621-DR-M,JAN8621,10,Dress,M,Beige,False,In Stock,False,Valid SKU
JAN8621-DR-S,JAN8621,4,Dress,S,Beige,False,Low Stock,False,Valid SKU
JAN8621-DR-XL,JAN8621,12,Dress,XL,Beige,False,In Stock,False,Valid SKU
JAN8621-DR-XXL,JAN8621,3,Dress,XXL,Beige,False,Low Stock,False,Valid SKU
JAN8622-KR-NP-L,JAN8622,1,Set,L,Turquoise Green,False,Low Stock,False,Valid SKU
JAN8622-KR-NP-M,JAN8622,2,Set,M,Turquoise Green,False,Low Stock,False,Valid SKU
JAN8622-KR-NP-S,JAN8622,1,Set,S,Turquoise Green,False,Low Stock,False,Valid SKU
JAN8622-KR-NP-XL,JAN8622,0,Set,XL,Turquoise Green,False,Out of Stock,False,Valid SKU
JAN8622-KR-NP-XXL,JAN8622,0,Set,XXL,Turquoise Green,False,Out of Stock,False,Valid SKU
JAN8623-DR-L,JAN8623,4,Dress,L,Teal,False,Low Stock,False,Valid SKU
JAN8623-DR-M,JAN8623,6,Dress,M,Teal,False,In Stock,False,Valid SKU
JAN8623-DR-S,JAN8623,1,Dress,S,Teal,False,Low Stock,False,Valid SKU
JAN8623-DR-XL,JAN8623,5,Dress,XL,Teal,False,Low Stock,False,Valid SKU
JAN8623-DR-XXL,JAN8623,1,Dress,XXL,Teal,False,Low Stock,False,Valid SKU
JAN8624-DR-L,JAN8624,10,Dress,L,White,False,In Stock,False,Valid SKU
JAN8624-DR-M,JAN8624,6,Dress,M,White,False,In Stock,False,Valid SKU
JAN8624-DR-S,JAN8624,3,Dress,S,White,False,Low Stock,False,Valid SKU
JAN8624-DR-XL,JAN8624,12,Dress,XL,White,False,In Stock,False,Valid SKU
JAN8624-DR-XXL,JAN8624,6,Dress,XXL,White,False,In Stock,False,Valid SKU
JAN8625-KR-L,JAN8625,4,Kurta,L,Black,False,Low Stock,False,Valid SKU
JAN8625-KR-M,JAN8625,2,Kurta,M,Black,False,Low Stock,False,Valid SKU
JAN8625-KR-S,JAN8625,4,Kurta,S,Black,False,Low Stock,False,Valid SKU
JAN8625-KR-XL,JAN8625,2,Kurta,XL,Black,False,Low Stock,False,Valid SKU
JAN8625-KR-XXL,JAN8625,0,Kurta,XXL,Black,False,Out of Stock,False,Valid SKU
JAN8631-KR-NP-L,JAN8631,17,Set,L,Rust,False,In Stock,False,Valid SKU
JAN8631-KR-NP-M,JAN8631,19,Set,M,Rust,False,In Stock,False,Valid SKU
JAN8631-KR-NP-S,JAN8631,16,Set,S,Rust,False,In Stock,False,Valid SKU
JAN8631-KR-NP-XL,JAN8631,22,Set,XL,Rust,False,In Stock,False,Valid SKU
JAN8631-KR-NP-XXL,JAN8631,19,Set,XXL,Rust,False,In Stock,False,Valid SKU
JAN8632-KR-NP-L,JAN8632,37,Set,L,Teal Blue,False,In Stock,False,Valid SKU
JAN8632-KR-NP-M,JAN8632,36,Set,M,Teal Blue,False,In Stock,False,Valid SKU
JAN8632-KR-NP-S,JAN8632,27,Set,S,Teal Blue,False,In Stock,False,Valid SKU
JAN8632-KR-NP-XL,JAN8632,37,Set,XL,Teal Blue,False,In Stock,False,Valid SKU
JAN8632-KR-NP-XXL,JAN8632,28,Set,XXL,Teal Blue,False,In Stock,False,Valid SKU
JAN8633-KR-NP-L,JAN8633,26,Set,L,Maroon,False,In Stock,False,Valid SKU
JAN8633-KR-NP-M,JAN8633,24,Set,M,Maroon,False,In Stock,False,Valid SKU
JAN8633-KR-NP-S,JAN8633,10,Set,S,Maroon,False,In Stock,False,Valid SKU
JAN8633-KR-NP-XL,JAN8633,26,Set,XL,Maroon,False,In Stock,False,Valid SKU
JAN8633-KR-NP-XXL,JAN8633,17,Set,XXL,Maroon,False,In Stock,False,Valid SKU
JAN8634-KR-NP-L,JAN8634,30,Kurta Set,L,Turquoise,False,In Stock,False,Valid SKU
JAN8634-KR-NP-M,JAN8634,30,Kurta Set,M,Turquoise,False,In Stock,False,Valid SKU
JAN8634-KR-NP-S,JAN8634,26,Kurta Set,S,Turquoise,False,In Stock,False,Valid SKU
JAN8634-KR-NP-XL,JAN8634,34,Kurta Set,XL,Turquoise,False,In Stock,False,Valid SKU
JAN8634-KR-NP-XXL,JAN8634,26,Kurta Set,XXL,Turquoise,False,In Stock,False,Valid SKU
JAN8635-KR-NP-L,JAN8635,26,Set,L,Pink,False,In Stock,False,Valid SKU
JAN8635-KR-NP-M,JAN8635,30,Set,M,Pink,False,In Stock,False,Valid SKU
JAN8635-KR-NP-S,JAN8635,19,Set,S,Pink,False,In Stock,False,Valid SKU
JAN8635-KR-NP-XL,JAN8635,31,Set,XL,Pink,False,In Stock,False,Valid SKU
JAN8635-KR-NP-XXL,JAN8635,20,Set,XXL,Pink,False,In Stock,False,Valid SKU
JAN8636-KR-NP-L,JAN8636,16,Set,L,Grey,False,In Stock,False,Valid SKU
JAN8636-KR-NP-M,JAN8636,15,Set,M,Grey,False,In Stock,False,Valid SKU
JAN8636-KR-NP-S,JAN8636,4,Set,S,Grey,False,Low Stock,False,Valid SKU
JAN8636-KR-NP-XL,JAN8636,15,Set,XL,Grey,False,In Stock,False,Valid SKU
JAN8636-KR-NP-XXL,JAN8636,6,Set,XXL,Grey,False,In Stock,False,Valid SKU
JAN8637-KR-NP-L,JAN8637,7,Set,L,Burgundy,False,In Stock,False,Valid SKU
JAN8637-KR-NP-M,JAN8637,9,Set,M,Burgundy,False,In Stock,False,Valid SKU
JAN8637-KR-NP-S,JAN8637,3,Set,S,Burgundy,False,Low Stock,False,Valid SKU
JAN8637-KR-NP-XL,JAN8637,11,Set,XL,Burgundy,False,In Stock,False,Valid SKU
JAN8637-KR-NP-XXL,JAN8637,3,Set,XXL,Burgundy,False,Low Stock,False,Valid SKU
JAN8638-KR-NP-L,JAN8638,8,Set,L,Green,False,In Stock,False,Valid SKU
JAN8638-KR-NP-M,JAN8638,6,Set,M,Green,False,In Stock,False,Valid SKU
JAN8638-KR-NP-S,JAN8638,0,Set,S,Green,False,Out of Stock,False,Valid SKU
JAN8638-KR-NP-XL,JAN8638,9,Set,XL,Green,False,In Stock,False,Valid SKU
JAN8638-KR-NP-XXL,JAN8638,0,Set,XXL,Green,False,Out of Stock,False,Valid SKU
JAN8639-KR-NP-L,JAN8639,9,Set,L,Teal,False,In Stock,False,Valid SKU
JAN8639-KR-NP-M,JAN8639,11,Set,M,Teal,False,In Stock,False,Valid SKU
JAN8639-KR-NP-S,JAN8639,5,Set,S,Teal,False,Low Stock,False,Valid SKU
JAN8639-KR-NP-XL,JAN8639,11,Set,XL,Teal,False,In Stock,False,Valid SKU
JAN8639-KR-NP-XXL,JAN8639,2,Set,XXL,Teal,False,Low Stock,False,Valid SKU
JAN8640-DR-L,JAN8640,0,Dress,L,Brown,False,Out of Stock,False,Valid SKU
JAN8640-DR-M,JAN8640,0,Dress,M,Brown,False,Out of Stock,False,Valid SKU
JAN8640-DR-S,JAN8640,0,Dress,S,Brown,False,Out of Stock,False,Valid SKU
JAN8640-DR-XL,JAN8640,3,Dress,XL,Brown,False,Low Stock,False,Valid SKU
JAN8640-DR-XXL,JAN8640,0,Dress,XXL,Brown,False,Out of Stock,False,Valid SKU
JAN8641-DR-L,JAN8641,0,Dress,L,Mint Green,False,Out of Stock,False,Valid SKU
JAN8641-DR-M,JAN8641,3,Dress,M,Mint Green,False,Low Stock,False,Valid SKU
JAN8641-DR-S,JAN8641,0,Dress,S,Mint Green,False,Out of Stock,False,Valid SKU
JAN8641-DR-XL,JAN8641,4,Dress,XL,Mint Green,False,Low Stock,False,Valid SKU
JAN8641-DR-XXL,JAN8641,3,Dress,XXL,Mint Green,False,Low Stock,False,Valid SKU
JAN8642-TP-L,JAN8642,2,Top,L,Yellow,False,Low Stock,False,Valid SKU
JAN8642-TP-M,JAN8642,3,Top,M,Yellow,False,Low Stock,False,Valid SKU
JAN8642-TP-S,JAN8642,2,Top,S,Yellow,False,Low Stock,False,Valid SKU
JAN8642-TP-XL,JAN8642,2,Top,XL,Yellow,False,Low Stock,False,Valid SKU
JAN8642-TP-XXL,JAN8642,2,Top,XXL,Yellow,False,Low Stock,False,Valid SKU
JAN8643-KR-L,JAN8643,12,Kurta,L,Teal,False,In Stock,False,Valid SKU
JAN8643-KR-M,JAN8643,12,Kurta,M,Teal,False,In Stock,False,Valid SKU
JAN8643-KR-S,JAN8643,6,Kurta,S,Teal,False,In Stock,False,Valid SKU
JAN8643-KR-XL,JAN8643,10,Kurta,XL,Teal,False,In Stock,False,Valid SKU
JAN8643-KR-XXL,JAN8643,5,Kurta,XXL,Teal,False,Low Stock,False,Valid SKU
JAN8644-TP-L,JAN8644,11,Top,L,Black,False,In Stock,False,Valid SKU
JAN8644-TP-M,JAN8644,12,Top,M,Black,False,In Stock,False,Valid SKU
JAN8644-TP-S,JAN8644,6,Top,S,Black,False,In Stock,False,Valid SKU
JAN8644-TP-XL,JAN8644,12,Top,XL,Black,False,In Stock,False,Valid SKU
JAN8644-TP-XXL,JAN8644,8,Top,XXL,Black,False,In Stock,False,Valid SKU
JAN8645-DR-L,JAN8645,5,Dress,L,White,False,Low Stock,False,Valid SKU
JAN8645-DR-M,JAN8645,4,Dress,M,White,False,Low Stock,False,Valid SKU
JAN8645-DR-S,JAN8645,1,Dress,S,White,False,Low Stock,False,Valid SKU
JAN8645-DR-XL,JAN8645,9,Dress,XL,White,False,In Stock,False,Valid SKU
JAN8645-DR-XXL,JAN8645,3,Dress,XXL,White,False,Low Stock,False,Valid SKU
JAN8646-KR-NP-L,JAN8646,2,Set,L,Off White,False,Low Stock,False,Valid SKU
JAN8646-KR-NP-M,JAN8646,2,Set,M,Off White,False,Low Stock,False,Valid SKU
JAN8646-KR-NP-S,JAN8646,0,Set,S,Off White,False,Out of Stock,False,Valid SKU
JAN8646-KR-NP-XL,JAN8646,1,Set,XL,Off White,False,Low Stock,False,Valid SKU
JAN8646-KR-NP-XXL,JAN8646,2,Set,XXL,Off White,False,Low Stock,False,Valid SKU
JAN8652-KR-NP-L,JAN8652,10,Set,L,Green,False,In Stock,False,Valid SKU
JAN8652-KR-NP-M,JAN8652,7,Set,M,Green,False,In Stock,False,Valid SKU
JAN8652-KR-NP-S,JAN8652,5,Set,S,Green,False,Low Stock,False,Valid SKU
JAN8652-KR-NP-XL,JAN8652,12,Set,XL,Green,False,In Stock,False,Valid SKU
JAN8652-KR-NP-XXL,JAN8652,10,Set,XXL,Green,False,In Stock,False,Valid SKU
JAN8653-TP-L,JAN8653,3,Top,L,White,False,Low Stock,False,Valid SKU
JAN8653-TP-M,JAN8653,3,Top,M,White,False,Low Stock,False,Valid SKU
JAN8653-TP-S,JAN8653,3,Top,S,White,False,Low Stock,False,Valid SKU
JAN8653-TP-XL,JAN8653,0,Top,XL,White,False,Out of Stock,False,Valid SKU
JAN8653-TP-XXL,JAN8653,5,Top,XXL,White,False,Low Stock,False,Valid SKU
JAN8654-KR-L,JAN8654,5,Kurta,L,Mustard,False,Low Stock,False,Valid SKU
JAN8654-KR-M,JAN8654,3,Kurta,M,Mustard,False,Low Stock,False,Valid SKU
JAN8654-KR-S,JAN8654,2,Kurta,S,Mustard,False,Low Stock,False,Valid SKU
JAN8654-KR-XL,JAN8654,8,Kurta,XL,Mustard,False,In Stock,False,Valid SKU
JAN8654-KR-XXL,JAN8654,3,Kurta,XXL,Mustard,False,Low Stock,False,Valid SKU
JAN8655-DR-L,JAN8655,8,Dress,L,Cream,False,In Stock,False,Valid SKU
JAN8655-DR-M,JAN8655,3,Dress,M,Cream,False,Low Stock,False,Valid SKU
JAN8655-DR-S,JAN8655,0,Dress,S,Cream,False,Out of Stock,False,Valid SKU
JAN8655-DR-XL,JAN8655,7,Dress,XL,Cream,False,In Stock,False,Valid SKU
JAN8655-DR-XXL,JAN8655,3,Dress,XXL,Cream,False,Low Stock,False,Valid SKU
JAN8656-KR-NP-L,JAN8656,6,Set,L,Green,False,In Stock,False,Valid SKU
JAN8656-KR-NP-M,JAN8656,3,Set,M,Green,False,Low Stock,False,Valid SKU
JAN8656-KR-NP-S,JAN8656,9,Set,S,Green,False,In Stock,False,Valid SKU
JAN8656-KR-NP-XL,JAN8656,6,Set,XL,Green,False,In Stock,False,Valid SKU
JAN8656-KR-NP-XXL,JAN8656,7,Set,XXL,Green,False,In Stock,False,Valid SKU
JAN8657-TP-L,JAN8657,6,Top,L,Brown,False,In Stock,False,Valid SKU
JAN8657-TP-M,JAN8657,4,Top,M,Brown,False,Low Stock,False,Valid SKU
JAN8657-TP-S,JAN8657,3,Top,S,Brown,False,Low Stock,False,Valid SKU
JAN8657-TP-XL,JAN8657,3,Top,XL,Brown,False,Low Stock,False,Valid SKU
JAN8657-TP-XXL,JAN8657,4,Top,XXL,Brown,False,Low Stock,False,Valid SKU
JAN8658-KR-L,JAN8658,13,Kurta,L,Red,False,In Stock,False,Valid SKU
JAN8658-KR-M,JAN8658,13,Kurta,M,Red,False,In Stock,False,Valid SKU
JAN8658-KR-S,JAN8658,13,Kurta,S,Red,False,In Stock,False,Valid SKU
JAN8658-KR-XL,JAN8658,15,Kurta,XL,Red,False,In Stock,False,Valid SKU
JAN8658-KR-XXL,JAN8658,15,Kurta,XXL,Red,False,In Stock,False,Valid SKU
JAN8659-KR-NP-L,JAN8659,10,Set,L,Green,False,In Stock,False,Valid SKU
JAN8659-KR-NP-M,JAN8659,8,Set,M,Green,False,In Stock,False,Valid SKU
JAN8659-KR-NP-S,JAN8659,6,Set,S,Green,False,In Stock,False,Valid SKU
JAN8659-KR-NP-XL,JAN8659,10,Set,XL,Green,False,In Stock,False,Valid SKU
JAN8659-KR-NP-XXL,JAN8659,6,Set,XXL,Green,False,In Stock,False,Valid SKU
JAN8660-KR-NP-L,JAN8660,3,Set,L,White,False,Low Stock,False,Valid SKU
JAN8660-KR-NP-M,JAN8660,5,Set,M,White,False,Low Stock,False,Valid SKU
JAN8660-KR-NP-S,JAN8660,1,Set,S,White,False,Low Stock,False,Valid SKU
JAN8660-KR-NP-XL,JAN8660,6,Set,XL,White,False,In Stock,False,Valid SKU
JAN8660-KR-NP-XXL,JAN8660,4,Set,XXL,White,False,Low Stock,False,Valid SKU
JAN8661-KR-NP-L,JAN8661,1,Set,L,Red,False,Low Stock,False,Valid SKU
JAN8661-KR-NP-M,JAN8661,5,Set,M,Red,False,Low Stock,False,Valid SKU
JAN8661-KR-NP-S,JAN8661,1,Set,S,Red,False,Low Stock,False,Valid SKU
JAN8661-KR-NP-XL,JAN8661,4,Set,XL,Red,False,Low Stock,False,Valid SKU
JAN8661-KR-NP-XXL,JAN8661,3,Set,XXL,Red,False,Low Stock,False,Valid SKU
JAN8662-KR-NP-L,JAN8662,0,Kurta Set,L,Aqua Green,False,Out of Stock,False,Valid SKU
JAN8662-KR-NP-M,JAN8662,1,Kurta Set,M,Aqua Green,False,Low Stock,False,Valid SKU
JAN8662-KR-NP-S,JAN8662,2,Kurta Set,S,Aqua Green,False,Low Stock,False,Valid SKU
JAN8662-KR-NP-XL,JAN8662,0,Kurta Set,XL,Aqua Green,False,Out of Stock,False,Valid SKU
JAN8662-KR-NP-XXL,JAN8662,2,Kurta Set,XXL,Aqua Green,False,Low Stock,False,Valid SKU
JAN8663-TP-L,JAN8663,9,Top,L,White,False,In Stock,False,Valid SKU
JAN8663-TP-M,JAN8663,7,Top,M,White,False,In Stock,False,Valid SKU
JAN8663-TP-S,JAN8663,8,Top,S,White,False,In Stock,False,Valid SKU
JAN8663-TP-XL,JAN8663,6,Top,XL,White,False,In Stock,False,Valid SKU
JAN8663-TP-XXL,JAN8663,13,Top,XXL,White,False,In Stock,False,Valid SKU
JAN8664-TP-L,JAN8664,3,Top,L,Sky Blue,False,Low Stock,False,Valid SKU
JAN8664-TP-M,JAN8664,4,Top,M,Sky Blue,False,Low Stock,False,Valid SKU
JAN8664-TP-S,JAN8664,4,Top,S,Sky Blue,False,Low Stock,False,Valid SKU
JAN8664-TP-XL,JAN8664,5,Top,XL,Sky Blue,False,Low Stock,False,Valid SKU
JAN8664-TP-XXL,JAN8664,5,Top,XXL,Sky Blue,False,Low Stock,False,Valid SKU
JAN8665-TP-L,JAN8665,1,Top,L,Light Yellow,False,Low Stock,False,Valid SKU
JAN8665-TP-M,JAN8665,1,Top,M,Light Yellow,False,Low Stock,False,Valid SKU
JAN8665-TP-S,JAN8665,0,Top,S,Light Yellow,False,Out of Stock,False,Valid SKU
JAN8665-TP-XL,JAN8665,2,Top,XL,Light Yellow,False,Low Stock,False,Valid SKU
JAN8665-TP-XXL,JAN8665,2,Top,XXL,Light Yellow,False,Low Stock,False,Valid SKU
JAN8666-TP-L,JAN8666,4,Top,L,Green,False,Low Stock,False,Valid SKU
JAN8666-TP-M,JAN8666,3,Top,M,Green,False,Low Stock,False,Valid SKU
JAN8666-TP-S,JAN8666,7,Top,S,Green,False,In Stock,False,Valid SKU
JAN8666-TP-XL,JAN8666,5,Top,XL,Green,False,Low Stock,False,Valid SKU
JAN8666-TP-XXL,JAN8666,8,Top,XXL,Green,False,In Stock,False,Valid SKU
JAN8667-DR-L,JAN8667,0,Dress,L,White,False,Out of Stock,False,Valid SKU
JAN8667-DR-M,JAN8667,0,Dress,M,White,False,Out of Stock,False,Valid SKU
JAN8667-DR-S,JAN8667,0,Dress,S,White,False,Out of Stock,False,Valid SKU
JAN8667-DR-XL,JAN8667,0,Dress,XL,White,False,Out of Stock,False,Valid SKU
JAN8667-DR-XXL,JAN8667,0,Dress,XXL,White,False,Out of Stock,False,Valid SKU
JAN8668-DR-L,JAN8668,0,Dress,L,Green,False,Out of Stock,False,Valid SKU
JAN8668-DR-M,JAN8668,0,Dress,M,Green,False,Out of Stock,False,Valid SKU
JAN8668-DR-S,JAN8668,0,Dress,S,Green,False,Out of Stock,False,Valid SKU
JAN8668-DR-XL,JAN8668,0,Dress,XL,Green,False,Out of Stock,False,Valid SKU
JAN8668-DR-XXL,JAN8668,0,Dress,XXL,Green,False,Out of Stock,False,Valid SKU
JAN8669-DR-L,JAN8669,2,Dress,L,Light Yellow,False,Low Stock,False,Valid SKU
JAN8669-DR-M,JAN8669,1,Dress,M,Light Yellow,False,Low Stock,False,Valid SKU
JAN8669-DR-S,JAN8669,1,Dress,S,Light Yellow,False,Low Stock,False,Valid SKU
JAN8669-DR-XL,JAN8669,2,Dress,XL,Light Yellow,False,Low Stock,False,Valid SKU
JAN8669-DR-XXL,JAN8669,1,Dress,XXL,Light Yellow,False,Low Stock,False,Valid SKU
JAN8670-DR-L,JAN8670,4,Dress,L,Blue,False,Low Stock,False,Valid SKU
JAN8670-DR-M,JAN8670,4,Dress,M,Blue,False,Low Stock,False,Valid SKU
JAN8670-DR-S,JAN8670,4,Dress,S,Blue,False,Low Stock,False,Valid SKU
JAN8670-DR-XL,JAN8670,6,Dress,XL,Blue,False,In Stock,False,Valid SKU
JAN8670-DR-XXL,JAN8670,3,Dress,XXL,Blue,False,Low Stock,False,Valid SKU
JAN8676-KR-L,JAN8676,3,Kurta,L,Mustard,False,Low Stock,False,Valid SKU
JAN8676-KR-M,JAN8676,1,Kurta,M,Mustard,False,Low Stock,False,Valid SKU
JAN8676-KR-S,JAN8676,5,Kurta,S,Mustard,False,Low Stock,False,Valid SKU
JAN8676-KR-XL,JAN8676,4,Kurta,XL,Mustard,False,Low Stock,False,Valid SKU
JAN8676-KR-XXL,JAN8676,3,Kurta,XXL,Mustard,False,Low Stock,False,Valid SKU
JAN8677-KR-L,JAN8677,17,Kurta,L,Sea Green,False,In Stock,False,Valid SKU
JAN8677-KR-M,JAN8677,17,Kurta,M,Sea Green,False,In Stock,False,Valid SKU
JAN8677-KR-S,JAN8677,21,Kurta,S,Sea Green,False,In Stock,False,Valid SKU
JAN8677-KR-XL,JAN8677,18,Kurta,XL,Sea Green,False,In Stock,False,Valid SKU
JAN8677-KR-XXL,JAN8677,16,Kurta,XXL,Sea Green,False,In Stock,False,Valid SKU
JAN8678-KR-L,JAN8678,4,Kurta,L,Pink,False,Low Stock,False,Valid SKU
JAN8678-KR-M,JAN8678,4,Kurta,M,Pink,False,Low Stock,False,Valid SKU
JAN8678-KR-S,JAN8678,5,Kurta,S,Pink,False,Low Stock,False,Valid SKU
JAN8678-KR-XL,JAN8678,4,Kurta,XL,Pink,False,Low Stock,False,Valid SKU
JAN8678-KR-XXL,JAN8678,4,Kurta,XXL,Pink,False,Low Stock,False,Valid SKU
JAN8679-KR-L,JAN8679,4,Kurta,L,Pink,False,Low Stock,False,Valid SKU
JAN8679-KR-M,JAN8679,4,Kurta,M,Pink,False,Low Stock,False,Valid SKU
JAN8679-KR-S,JAN8679,0,Kurta,S,Pink,False,Out of Stock,False,Valid SKU
JAN8679-KR-XL,JAN8679,7,Kurta,XL,Pink,False,In Stock,False,Valid SKU
JAN8679-KR-XXL,JAN8679,9,Kurta,XXL,Pink,False,In Stock,False,Valid SKU
JAN8680-KR-L,JAN8680,5,Kurta,L,Blue,False,Low Stock,False,Valid SKU
JAN8680-KR-M,JAN8680,0,Kurta,M,Blue,False,Out of Stock,False,Valid SKU
JAN8680-KR-S,JAN8680,0,Kurta,S,Blue,False,Out of Stock,False,Valid SKU
JAN8680-KR-XL,JAN8680,2,Kurta,XL,Blue,False,Low Stock,False,Valid SKU
JAN8680-KR-XXL,JAN8680,1,Kurta,XXL,Blue,False,Low Stock,False,Valid SKU
JNE0722,JNE0722,56,Saree,Free,Purple,False,In Stock,False,Valid SKU
JNE0850,JNE0850,30,Saree,Free,Red,False,In Stock,False,Valid SKU
JNE09186-BLUE-SR-JP7104RMV,JNE09186,65,Saree,Free,Teal,False,In Stock,False,Valid SKU
JNE09187-PINK-SR-JP7104RNV,JNE09187,30,Saree,Free,Pink,False,In Stock,False,Valid SKU
JNE09209-MULTI-SR-JP8101RMV,JNE09209,24,Saree,Free,Teal,False,In Stock,False,Valid SKU
JNE09210-PINK-SR-JP8101RNV,JNE09210,22,Saree,Free,Pink,False,In Stock,False,Valid SKU
JNE09233-MULTI-SR-JP8108PV,JNE09233,26,Saree,Free,Purple,False,In Stock,False,Valid SKU
JNE09300-PURPLE-SR-JB6102PV,JNE09300,59,Saree,Free,Purple,False,In Stock,False,Valid SKU
JNE1000-NAVY-SR-JB6102RMV,JNE1000,71,Saree,Free,Teal,False,In Stock,False,Valid SKU
JNE1233-BLUE-KR-031-L,JNE1233,46,Kurta,L,Blue,False,In Stock,False,Valid SKU
JNE1233-BLUE-KR-031-M,JNE1233,117,Kurta,M,Blue,False,In Stock,False,Valid SKU
JNE1233-BLUE-KR-031-S,JNE1233,61,Kurta,S,Blue,False,In Stock,False,Valid SKU
JNE1233-BLUE-KR-031-XL,JNE1233,139,Kurta,XL,Blue,False,In Stock,False,Valid SKU
JNE1233-BLUE-KR-031-XS,JNE1233,23,Kurta,XS,Blue,False,In Stock,False,Valid SKU
JNE1233-BLUE-KR-031-XXL,JNE1233,49,Kurta,XXL,Blue,False,In Stock,False,Valid SKU
JNE1233-BLUE-KR-031-XXXL,JNE1233,75,Kurta,XXXL,Blue,False,In Stock,False,Valid SKU
JNE1234-MULTI-KR-032-L,JNE1234,24,Kurta,L,Multicolor,False,In Stock,False,Valid SKU
JNE1234-MULTI-KR-032-M,JNE1234,21,Kurta,M,Multicolor,False,In Stock,False,Valid SKU
JNE1234-MULTI-KR-032-S,JNE1234,8,Kurta,S,Multicolor,False,In Stock,False,Valid SKU
JNE1234-MULTI-KR-032-XL,JNE1234,8,Kurta,XL,Multicolor,False,In Stock,False,Valid SKU
JNE1234-MULTI-KR-032-XS,JNE1234,18,Kurta,XS,Multicolor,False,In Stock,False,Valid SKU
JNE1234-MULTI-KR-032-XXL,JNE1234,32,Kurta,XXL,Multicolor,False,In Stock,False,Valid SKU
JNE1234-MULTI-KR-032-XXXL,JNE1234,4,Kurta,XXXL,Multicolor,False,Low Stock,False,Valid SKU
JNE1408-GREY-KR-UDF19-L,JNE1408,174,Kurta,L,Grey,False,In Stock,False,Valid SKU
JNE1408-GREY-KR-UDF19-M,JNE1408,32,Kurta,M,Grey,False,In Stock,False,Valid SKU
JNE1408-GREY-KR-UDF19-S,JNE1408,404,Kurta,S,Grey,False,In Stock,False,Valid SKU
JNE1408-GREY-KR-UDF19-XL,JNE1408,103,Kurta,XL,Grey,False,In Stock,False,Valid SKU
JNE1408-GREY-KR-UDF19-XS,JNE1408,262,Kurta,XS,Grey,False,In Stock,False,Valid SKU
JNE1408-GREY-KR-UDF19-XXL,JNE1408,55,Kurta,XXL,Grey,False,In Stock,False,Valid SKU
JNE1408-GREY-KR-UDF19-XXXL,JNE1408,119,Kurta,XXXL,Grey,False,In Stock,False,Valid SKU
JNE1525-KR-UDF19BLACK-L,JNE1525,874,Kurta,L,Black,False,In Stock,False,Valid SKU
JNE1525-KR-UDF19BLACK-M,JNE1525,1082,Kurta,M,Black,False,In Stock,False,Valid SKU
JNE1525-KR-UDF19BLACK-S,JNE1525,775,Kurta,S,Black,False,In Stock,False,Valid SKU
JNE1525-KR-UDF19BLACK-XL,JNE1525,844,Kurta,XL,Black,False,In Stock,False,Valid SKU
JNE1525-KR-UDF19BLACK-XS,JNE1525,563,Kurta,XS,Black,False,In Stock,False,Valid SKU
JNE1525-KR-UDF19BLACK-XXL,JNE1525,448,Kurta,XXL,Black,False,In Stock,False,Valid SKU
JNE1525-KR-UDF19BLACK-XXXL,JNE1525,222,Kurta,XXXL,Black,False,In Stock,False,Valid SKU
,JNE1906,1,Kurta,5XL,Black,True,Low Stock,False,Missing / Invalid SKU
JNE1906-KR-031-L,JNE1906,4,Kurta,L,Black,False,Low Stock,False,Valid SKU
JNE1906-KR-031-M,JNE1906,10,Kurta,M,Black,False,In Stock,False,Valid SKU
JNE1906-KR-031-S,JNE1906,21,Kurta,S,Black,False,In Stock,False,Valid SKU
JNE1906-KR-031-XL,JNE1906,10,Kurta,XL,Black,False,In Stock,False,Valid SKU
JNE1906-KR-031-XS,JNE1906,34,Kurta,XS,Black,False,In Stock,False,Valid SKU
JNE1906-KR-031-XXL,JNE1906,7,Kurta,XXL,Black,False,In Stock,False,Valid SKU
JNE1906-KR-031-XXXL,JNE1906,1,Kurta,XXXL,Black,False,Low Stock,False,Valid SKU
JNE1951-KR-155-L,JNE1951,5,Kurta,L,Green,False,Low Stock,False,Valid SKU
JNE1951-KR-155-M,JNE1951,8,Kurta,M,Green,False,In Stock,False,Valid SKU
JNE1951-KR-155-S,JNE1951,23,Kurta,S,Green,False,In Stock,False,Valid SKU
JNE1951-KR-155-XL,JNE1951,0,Kurta,XL,Green,False,Out of Stock,False,Valid SKU
JNE1951-KR-155-XS,JNE1951,15,Kurta,XS,Green,False,In Stock,False,Valid SKU
JNE1951-KR-155-XXL,JNE1951,4,Kurta,XXL,Green,False,Low Stock,False,Valid SKU
JNE1951-KR-155-XXXL,JNE1951,0,Kurta,XXXL,Green,False,Out of Stock,False,Valid SKU
JNE1975-KR-309-L,JNE1975,1,Kurta,L,Yellow,False,Low Stock,False,Valid SKU
JNE1975-KR-309-M,JNE1975,0,Kurta,M,Yellow,False,Out of Stock,False,Valid SKU
JNE1975-KR-309-S,JNE1975,2,Kurta,S,Yellow,False,Low Stock,False,Valid SKU
JNE1975-KR-309-XL,JNE1975,0,Kurta,XL,Yellow,False,Out of Stock,False,Valid SKU
JNE1975-KR-309-XS,JNE1975,2,Kurta,XS,Yellow,False,Low Stock,False,Valid SKU
JNE1975-KR-309-XXL,JNE1975,2,Kurta,XXL,Yellow,False,Low Stock,False,Valid SKU
JNE1975-KR-309-XXXL,JNE1975,0,Kurta,XXXL,Yellow,False,Out of Stock,False,Valid SKU
JNE1977-KR-237-L,JNE1977,8,Kurta,L,Peach,False,In Stock,False,Valid SKU
JNE1977-KR-237-M,JNE1977,3,Kurta,M,Peach,False,Low Stock,False,Valid SKU
JNE1977-KR-237-S,JNE1977,3,Kurta,S,Peach,False,Low Stock,False,Valid SKU
JNE1977-KR-237-XL,JNE1977,11,Kurta,XL,Peach,False,In Stock,False,Valid SKU
JNE1977-KR-237-XS,JNE1977,6,Kurta,XS,Peach,False,In Stock,False,Valid SKU
JNE1977-KR-237-XXL,JNE1977,3,Kurta,XXL,Peach,False,Low Stock,False,Valid SKU
JNE1977-KR-237-XXXL,JNE1977,2,Kurta,XXXL,Peach,False,Low Stock,False,Valid SKU
JNE1978-KR-238-L,JNE1978,2,Kurta,L,Teal,False,Low Stock,False,Valid SKU
JNE1978-KR-238-M,JNE1978,1,Kurta,M,Teal,False,Low Stock,False,Valid SKU
JNE1978-KR-238-S,JNE1978,1,Kurta,S,Teal,False,Low Stock,False,Valid SKU
JNE1978-KR-238-XL,JNE1978,0,Kurta,XL,Teal,False,Out of Stock,False,Valid SKU
JNE1978-KR-238-XS,JNE1978,2,Kurta,XS,Teal,False,Low Stock,False,Valid SKU
JNE1978-KR-238-XXL,JNE1978,2,Kurta,XXL,Teal,False,Low Stock,False,Valid SKU
JNE1978-KR-238-XXXL,JNE1978,1,Kurta,XXXL,Teal,False,Low Stock,False,Valid SKU
JNE1998-KR-311-L,JNE1998,2,Kurta,L,Multicolor,False,Low Stock,False,Valid SKU
JNE1998-KR-311-M,JNE1998,8,Kurta,M,Multicolor,False,In Stock,False,Valid SKU
JNE1998-KR-311-S,JNE1998,54,Kurta,S,Multicolor,False,In Stock,False,Valid SKU
JNE1998-KR-311-XL,JNE1998,17,Kurta,XL,Multicolor,False,In Stock,False,Valid SKU
JNE1998-KR-311-XS,JNE1998,3,Kurta,XS,Multicolor,False,Low Stock,False,Valid SKU
JNE1998-KR-311-XXL,JNE1998,5,Kurta,XXL,Multicolor,False,Low Stock,False,Valid SKU
JNE2009-KR-310-L,JNE2009,4,Kurta,L,Brown,False,Low Stock,False,Valid SKU
JNE2009-KR-310-M,JNE2009,10,Kurta,M,Brown,False,In Stock,False,Valid SKU
JNE2009-KR-310-S,JNE2009,10,Kurta,S,Brown,False,In Stock,False,Valid SKU
JNE2009-KR-310-XL,JNE2009,2,Kurta,XL,Brown,False,Low Stock,False,Valid SKU
JNE2009-KR-310-XS,JNE2009,12,Kurta,XS,Brown,False,In Stock,False,Valid SKU
JNE2009-KR-310-XXL,JNE2009,2,Kurta,XXL,Brown,False,Low Stock,False,Valid SKU
JNE2014-KR-178-L,JNE2014,12,Kurta,L,Multicolor,False,In Stock,False,Valid SKU
JNE2014-KR-178-M,JNE2014,27,Kurta,M,Multicolor,False,In Stock,False,Valid SKU
JNE2014-KR-178-S,JNE2014,16,Kurta,S,Multicolor,False,In Stock,False,Valid SKU
JNE2014-KR-178-XL,JNE2014,20,Kurta,XL,Multicolor,False,In Stock,False,Valid SKU
JNE2014-KR-178-XS,JNE2014,21,Kurta,XS,Multicolor,False,In Stock,False,Valid SKU
JNE2014-KR-178-XXL,JNE2014,28,Kurta,XXL,Multicolor,False,In Stock,False,Valid SKU
JNE2014-KR-178-XXXL,JNE2014,29,Kurta,XXXL,Multicolor,False,In Stock,False,Valid SKU
JNE2032-KR-205-L,JNE2032,0,Kurta,L,Teal,False,Out of Stock,False,Valid SKU
JNE2032-KR-205-M,JNE2032,0,Kurta,M,Teal,False,Out of Stock,False,Valid SKU
JNE2032-KR-205-S,JNE2032,46,Kurta,S,Teal,False,In Stock,False,Valid SKU
JNE2032-KR-205-XL,JNE2032,6,Kurta,XL,Teal,False,In Stock,False,Valid SKU
JNE2032-KR-205-XS,JNE2032,45,Kurta,XS,Teal,False,In Stock,False,Valid SKU
JNE2032-KR-205-XXL,JNE2032,11,Kurta,XXL,Teal,False,In Stock,False,Valid SKU
JNE2032-KR-205-XXXL,JNE2032,4,Kurta,XXXL,Teal,False,Low Stock,False,Valid SKU
JNE2041-KR-297-L,JNE2041,3,Kurta,L,Red,False,Low Stock,False,Valid SKU
JNE2041-KR-297-M,JNE2041,6,Kurta,M,Red,False,In Stock,False,Valid SKU
JNE2041-KR-297-S,JNE2041,6,Kurta,S,Red,False,In Stock,False,Valid SKU
JNE2041-KR-297-XL,JNE2041,2,Kurta,XL,Red,False,Low Stock,False,Valid SKU
JNE2041-KR-297-XS,JNE2041,5,Kurta,XS,Red,False,Low Stock,False,Valid SKU
JNE2041-KR-297-XXL,JNE2041,3,Kurta,XXL,Red,False,Low Stock,False,Valid SKU
JNE2041-KR-297-XXXL,JNE2041,12,Kurta,XXXL,Red,False,In Stock,False,Valid SKU
JNE2049-KR-351-L,JNE2049,4,Kurta,L,Black,False,Low Stock,False,Valid SKU
JNE2049-KR-351-M,JNE2049,62,Kurta,M,Black,False,In Stock,False,Valid SKU
JNE2049-KR-351-S,JNE2049,159,Kurta,S,Black,False,In Stock,False,Valid SKU
JNE2049-KR-351-XL,JNE2049,41,Kurta,XL,Black,False,In Stock,False,Valid SKU
JNE2049-KR-351-XS,JNE2049,20,Kurta,XS,Black,False,In Stock,False,Valid SKU
JNE2049-KR-351-XXL,JNE2049,43,Kurta,XXL,Black,False,In Stock,False,Valid SKU
JNE2049-KR-351-XXXL,JNE2049,33,Kurta,XXXL,Black,False,In Stock,False,Valid SKU
JNE2086-KR-389-L,JNE2086,155,Kurta,L,Multicolor,False,In Stock,False,Valid SKU
JNE2086-KR-389-M,JNE2086,35,Kurta,M,Multicolor,False,In Stock,False,Valid SKU
JNE2086-KR-389-S,JNE2086,38,Kurta,S,Multicolor,False,In Stock,False,Valid SKU
JNE2086-KR-389-XL,JNE2086,32,Kurta,XL,Multicolor,False,In Stock,False,Valid SKU
JNE2086-KR-389-XS,JNE2086,30,Kurta,XS,Multicolor,False,In Stock,False,Valid SKU
JNE2086-KR-389-XXL,JNE2086,27,Kurta,XXL,Multicolor,False,In Stock,False,Valid SKU
JNE2086-KR-389-XXXL,JNE2086,96,Kurta,XXXL,Multicolor,False,In Stock,False,Valid SKU
JNE2100-KR-144-L,JNE2100,8,Kurta,L,Teal,False,In Stock,False,Valid SKU
JNE2100-KR-144-M,JNE2100,8,Kurta,M,Teal,False,In Stock,False,Valid SKU
JNE2100-KR-144-S,JNE2100,76,Kurta,S,Teal,False,In Stock,False,Valid SKU
JNE2100-KR-144-XL,JNE2100,11,Kurta,XL,Teal,False,In Stock,False,Valid SKU
JNE2100-KR-144-XS,JNE2100,239,Kurta,XS,Teal,False,In Stock,False,Valid SKU
JNE2100-KR-144-XXL,JNE2100,8,Kurta,XXL,Teal,False,In Stock,False,Valid SKU
JNE2100-KR-144-XXXL,JNE2100,13,Kurta,XXXL,Teal,False,In Stock,False,Valid SKU
JNE2101-KR-210-L,JNE2101,0,Kurta,L,Red,False,Out of Stock,False,Valid SKU
JNE2101-KR-210-M,JNE2101,2,Kurta,M,Red,False,Low Stock,False,Valid SKU
JNE2101-KR-210-S,JNE2101,2,Kurta,S,Red,False,Low Stock,False,Valid SKU
JNE2101-KR-210-XL,JNE2101,0,Kurta,XL,Red,False,Out of Stock,False,Valid SKU
JNE2101-KR-210-XS,JNE2101,1,Kurta,XS,Red,False,Low Stock,False,Valid SKU
JNE2101-KR-210-XXL,JNE2101,0,Kurta,XXL,Red,False,Out of Stock,False,Valid SKU
JNE2101-KR-210-XXXL,JNE2101,2,Kurta,XXXL,Red,False,Low Stock,False,Valid SKU
JNE2113-KR-381-L,JNE2113,1,Kurta,L,Multicolor,False,Low Stock,False,Valid SKU
JNE2113-KR-381-M,JNE2113,3,Kurta,M,Multicolor,False,Low Stock,False,Valid SKU
JNE2113-KR-381-S,JNE2113,4,Kurta,S,Multicolor,False,Low Stock,False,Valid SKU
JNE2113-KR-381-XL,JNE2113,5,Kurta,XL,Multicolor,False,Low Stock,False,Valid SKU
JNE2113-KR-381-XXL,JNE2113,6,Kurta,XXL,Multicolor,False,In Stock,False,Valid SKU
JNE2114-KR-340-XL,JNE2114,9,Kurta,XL,Red,False,In Stock,False,Valid SKU
JNE2131-KR-A-L,JNE2131,6,Kurta,L,Multicolor,False,In Stock,False,Valid SKU
JNE2131-KR-A-M,JNE2131,6,Kurta,M,Multicolor,False,In Stock,False,Valid SKU
JNE2131-KR-A-S,JNE2131,10,Kurta,S,Multicolor,False,In Stock,False,Valid SKU
JNE2131-KR-A-XL,JNE2131,6,Kurta,XL,Multicolor,False,In Stock,False,Valid SKU
JNE2131-KR-A-XS,JNE2131,8,Kurta,XS,Multicolor,False,In Stock,False,Valid SKU
JNE2131-KR-A-XXL,JNE2131,7,Kurta,XXL,Multicolor,False,In Stock,False,Valid SKU
JNE2131-KR-A-XXXL,JNE2131,8,Kurta,XXXL,Multicolor,False,In Stock,False,Valid SKU
JNE2132-KR-398-L,JNE2132,4,Kurta,L,Pink,False,Low Stock,False,Valid SKU
JNE2132-KR-398-M,JNE2132,3,Kurta,M,Pink,False,Low Stock,False,Valid SKU
JNE2132-KR-398-S,JNE2132,4,Kurta,S,Pink,False,Low Stock,False,Valid SKU
JNE2132-KR-398-XL,JNE2132,2,Kurta,XL,Pink,False,Low Stock,False,Valid SKU
JNE2132-KR-398-XS,JNE2132,1,Kurta,XS,Pink,False,Low Stock,False,Valid SKU
JNE2132-KR-398-XXL,JNE2132,9,Kurta,XXL,Pink,False,In Stock,False,Valid SKU
JNE2132-KR-398-XXXL,JNE2132,5,Kurta,XXXL,Pink,False,Low Stock,False,Valid SKU
JNE2145-KR-406-L,JNE2145,0,Kurta,L,Blue,False,Out of Stock,False,Valid SKU
JNE2145-KR-406-M,JNE2145,3,Kurta,M,Blue,False,Low Stock,False,Valid SKU
JNE2145-KR-406-S,JNE2145,2,Kurta,S,Blue,False,Low Stock,False,Valid SKU
JNE2145-KR-406-XL,JNE2145,1,Kurta,XL,Blue,False,Low Stock,False,Valid SKU
JNE2145-KR-406-XS,JNE2145,1,Kurta,XS,Blue,False,Low Stock,False,Valid SKU
JNE2145-KR-406-XXL,JNE2145,2,Kurta,XXL,Blue,False,Low Stock,False,Valid SKU
JNE2145-KR-406-XXXL,JNE2145,3,Kurta,XXXL,Blue,False,Low Stock,False,Valid SKU
JNE2153-KR-278-L,JNE2153,1,Kurta,L,Sea Green,False,Low Stock,False,Valid SKU
JNE2153-KR-278-M,JNE2153,5,Kurta,M,Sea Green,False,Low Stock,False,Valid SKU
JNE2153-KR-278-S,JNE2153,37,Kurta,S,Sea Green,False,In Stock,False,Valid SKU
JNE2153-KR-278-XL,JNE2153,4,Kurta,XL,Sea Green,False,Low Stock,False,Valid SKU
JNE2153-KR-278-XS,JNE2153,150,Kurta,XS,Sea Green,False,In Stock,False,Valid SKU
JNE2153-KR-278-XXL,JNE2153,3,Kurta,XXL,Sea Green,False,Low Stock,False,Valid SKU
JNE2153-KR-278-XXXL,JNE2153,2,Kurta,XXXL,Sea Green,False,Low Stock,False,Valid SKU
JNE2170-KR-436-L,JNE2170,54,Kurta,L,Black,False,In Stock,False,Valid SKU
JNE2170-KR-436-M,JNE2170,83,Kurta,M,Black,False,In Stock,False,Valid SKU
JNE2170-KR-436-S,JNE2170,49,Kurta,S,Black,False,In Stock,False,Valid SKU
JNE2170-KR-436-XL,JNE2170,56,Kurta,XL,Black,False,In Stock,False,Valid SKU
JNE2170-KR-436-XS,JNE2170,13,Kurta,XS,Black,False,In Stock,False,Valid SKU
JNE2170-KR-436-XXL,JNE2170,29,Kurta,XXL,Black,False,In Stock,False,Valid SKU
JNE2170-KR-436-XXXL,JNE2170,3,Kurta,XXXL,Black,False,Low Stock,False,Valid SKU
JNE2171-KR-437-L,JNE2171,5,Kurta,L,White,False,Low Stock,False,Valid SKU
JNE2171-KR-437-M,JNE2171,5,Kurta,M,White,False,Low Stock,False,Valid SKU
JNE2171-KR-437-S,JNE2171,92,Kurta,S,White,False,In Stock,False,Valid SKU
JNE2171-KR-437-XL,JNE2171,4,Kurta,XL,White,False,Low Stock,False,Valid SKU
JNE2171-KR-437-XS,JNE2171,29,Kurta,XS,White,False,In Stock,False,Valid SKU
JNE2171-KR-437-XXL,JNE2171,1,Kurta,XXL,White,False,Low Stock,False,Valid SKU
JNE2171-KR-437-XXXL,JNE2171,1,Kurta,XXXL,White,False,Low Stock,False,Valid SKU
,JNE2199,1,Kurta,6XL,Pink,True,Low Stock,False,Missing / Invalid SKU
JNE2199-KR-411-L,JNE2199,21,Kurta,L,Pink,False,In Stock,False,Valid SKU
JNE2199-KR-411-M,JNE2199,59,Kurta,M,Pink,False,In Stock,False,Valid SKU
JNE2199-KR-411-S,JNE2199,35,Kurta,S,Pink,False,In Stock,False,Valid SKU
JNE2199-KR-411-XL,JNE2199,157,Kurta,XL,Pink,False,In Stock,False,Valid SKU
JNE2199-KR-411-XS,JNE2199,6,Kurta,XS,Pink,False,In Stock,False,Valid SKU
JNE2199-KR-411-XXL,JNE2199,55,Kurta,XXL,Pink,False,In Stock,False,Valid SKU
JNE2199-KR-411-XXXL,JNE2199,122,Kurta,XXXL,Pink,False,In Stock,False,Valid SKU
JNE2205-KR-467-L,JNE2205,1,Kurta,L,Light Green,False,Low Stock,False,Valid SKU
JNE2205-KR-467-M,JNE2205,0,Kurta,M,Light Green,False,Out of Stock,False,Valid SKU
JNE2205-KR-467-S,JNE2205,2,Kurta,S,Light Green,False,Low Stock,False,Valid SKU
JNE2205-KR-467-XL,JNE2205,3,Kurta,XL,Light Green,False,Low Stock,False,Valid SKU
JNE2205-KR-467-XS,JNE2205,8,Kurta,XS,Light Green,False,In Stock,False,Valid SKU
JNE2205-KR-467-XXL,JNE2205,7,Kurta,XXL,Light Green,False,In Stock,False,Valid SKU
JNE2205-KR-467-XXXL,JNE2205,2,Kurta,XXXL,Light Green,False,Low Stock,False,Valid SKU
JNE2251-KR-537-L,JNE2251,2,Kurta,L,Peach,False,Low Stock,False,Valid SKU
JNE2251-KR-537-M,JNE2251,3,Kurta,M,Peach,False,Low Stock,False,Valid SKU
JNE2251-KR-537-S,JNE2251,1,Kurta,S,Peach,False,Low Stock,False,Valid SKU
JNE2251-KR-537-XL,JNE2251,2,Kurta,XL,Peach,False,Low Stock,False,Valid SKU
JNE2251-KR-537-XS,JNE2251,2,Kurta,XS,Peach,False,Low Stock,False,Valid SKU
JNE2251-KR-537-XXL,JNE2251,2,Kurta,XXL,Peach,False,Low Stock,False,Valid SKU
JNE2251-KR-537-XXXL,JNE2251,3,Kurta,XXXL,Peach,False,Low Stock,False,Valid SKU
JNE2262-KR-569-M,JNE2262,1,Kurta,M,Black,False,Low Stock,False,Valid SKU
JNE2262-KR-569-S,JNE2262,4,Kurta,S,Black,False,Low Stock,False,Valid SKU
JNE2262-KR-569-XXL,JNE2262,0,Kurta,XXL,Black,False,Out of Stock,False,Valid SKU
JNE2265-KR-501-L,JNE2265,12,Kurta,L,Purple,False,In Stock,False,Valid SKU
JNE2265-KR-501-M,JNE2265,8,Kurta,M,Purple,False,In Stock,False,Valid SKU
JNE2265-KR-501-S,JNE2265,5,Kurta,S,Purple,False,Low Stock,False,Valid SKU
JNE2265-KR-501-XL,JNE2265,13,Kurta,XL,Purple,False,In Stock,False,Valid SKU
JNE2265-KR-501-XS,JNE2265,26,Kurta,XS,Purple,False,In Stock,False,Valid SKU
JNE2265-KR-501-XXL,JNE2265,16,Kurta,XXL,Purple,False,In Stock,False,Valid SKU
JNE2265-KR-501-XXXL,JNE2265,1,Kurta,XXXL,Purple,False,Low Stock,False,Valid SKU
JNE2266-KR-490-L,JNE2266,2,Kurta,L,Black,False,Low Stock,False,Valid SKU
JNE2266-KR-490-M,JNE2266,19,Kurta,M,Black,False,In Stock,False,Valid SKU
JNE2266-KR-490-S,JNE2266,5,Kurta,S,Black,False,Low Stock,False,Valid SKU
JNE2266-KR-490-XL,JNE2266,20,Kurta,XL,Black,False,In Stock,False,Valid SKU
JNE2266-KR-490-XS,JNE2266,60,Kurta,XS,Black,False,In Stock,False,Valid SKU
JNE2266-KR-490-XXL,JNE2266,6,Kurta,XXL,Black,False,In Stock,False,Valid SKU
,JNE2270,0,Kurta,6XL,Beige,True,Out of Stock,False,Missing / Invalid SKU
JNE2270-KR-487-L,JNE2270,414,Kurta,L,Beige,False,In Stock,False,Valid SKU
JNE2270-KR-487-M,JNE2270,478,Kurta,M,Beige,False,In Stock,False,Valid SKU
JNE2270-KR-487-S,JNE2270,193,Kurta,S,Beige,False,In Stock,False,Valid SKU
JNE2270-KR-487-XL,JNE2270,333,Kurta,XL,Beige,False,In Stock,False,Valid SKU
JNE2270-KR-487-XS,JNE2270,173,Kurta,XS,Beige,False,In Stock,False,Valid SKU
JNE2270-KR-487-XXL,JNE2270,949,Kurta,XXL,Beige,False,In Stock,False,Valid SKU
JNE2270-KR-487-XXXL,JNE2270,0,Kurta,XXXL,Beige,False,Out of Stock,False,Valid SKU
JNE2288-KR-L,JNE2288,35,Kurta,L,Yellow,False,In Stock,False,Valid SKU
JNE2288-KR-M,JNE2288,25,Kurta,M,Yellow,False,In Stock,False,Valid SKU
JNE2288-KR-S,JNE2288,28,Kurta,S,Yellow,False,In Stock,False,Valid SKU
JNE2288-KR-XL,JNE2288,22,Kurta,XL,Yellow,False,In Stock,False,Valid SKU
JNE2288-KR-XXL,JNE2288,25,Kurta,XXL,Yellow,False,In Stock,False,Valid SKU
JNE2291-KR-602-L,JNE2291,6,Kurta,L,Mustard,False,In Stock,False,Valid SKU
JNE2291-KR-602-M,JNE2291,44,Kurta,M,Mustard,False,In Stock,False,Valid SKU
JNE2291-KR-602-S,JNE2291,62,Kurta,S,Mustard,False,In Stock,False,Valid SKU
JNE2291-KR-602-XL,JNE2291,24,Kurta,XL,Mustard,False,In Stock,False,Valid SKU
JNE2291-KR-602-XS,JNE2291,60,Kurta,XS,Mustard,False,In Stock,False,Valid SKU
JNE2291-KR-602-XXL,JNE2291,19,Kurta,XXL,Mustard,False,In Stock,False,Valid SKU
JNE2291-KR-602-XXXL,JNE2291,10,Kurta,XXXL,Mustard,False,In Stock,False,Valid SKU
JNE2294-KR-A-L,JNE2294,3,Kurta,L,Yellow,False,Low Stock,False,Valid SKU
JNE2294-KR-A-M,JNE2294,8,Kurta,M,Yellow,False,In Stock,False,Valid SKU
JNE2294-KR-A-S,JNE2294,8,Kurta,S,Yellow,False,In Stock,False,Valid SKU
JNE2294-KR-A-XL,JNE2294,6,Kurta,XL,Yellow,False,In Stock,False,Valid SKU
JNE2294-KR-A-XS,JNE2294,9,Kurta,XS,Yellow,False,In Stock,False,Valid SKU
JNE2294-KR-A-XXL,JNE2294,3,Kurta,XXL,Yellow,False,Low Stock,False,Valid SKU
JNE2294-KR-A-XXXL,JNE2294,4,Kurta,XXXL,Yellow,False,Low Stock,False,Valid SKU
JNE2305-KR-533-L,JNE2305,284,Kurta,L,Light Brown,False,In Stock,False,Valid SKU
JNE2305-KR-533-M,JNE2305,186,Kurta,M,Light Brown,False,In Stock,False,Valid SKU
JNE2305-KR-533-S,JNE2305,12,Kurta,S,Light Brown,False,In Stock,False,Valid SKU
JNE2305-KR-533-XL,JNE2305,284,Kurta,XL,Light Brown,False,In Stock,False,Valid SKU
JNE2305-KR-533-XS,JNE2305,173,Kurta,XS,Light Brown,False,In Stock,False,Valid SKU
JNE2305-KR-533-XXL,JNE2305,126,Kurta,XXL,Light Brown,False,In Stock,False,Valid SKU
JNE2305-KR-XXXL,JNE2305,0,Kurta,XXXL,Light Brown,False,Out of Stock,False,Valid SKU
JNE2307-KR-572-L,JNE2307,3,Kurta,L,Grey,False,Low Stock,False,Valid SKU
JNE2307-KR-572-M,JNE2307,1,Kurta,M,Grey,False,Low Stock,False,Valid SKU
JNE2307-KR-572-S,JNE2307,2,Kurta,S,Grey,False,Low Stock,False,Valid SKU
JNE2307-KR-572-XL,JNE2307,2,Kurta,XL,Grey,False,Low Stock,False,Valid SKU
JNE2307-KR-572-XXL,JNE2307,3,Kurta,XXL,Grey,False,Low Stock,False,Valid SKU
JNE3030-KR-L,JNE3030,7,Kurta,L,Maroon,False,In Stock,False,Valid SKU
JNE3030-KR-M,JNE3030,48,Kurta,M,Maroon,False,In Stock,False,Valid SKU
JNE3030-KR-S,JNE3030,33,Kurta,S,Maroon,False,In Stock,False,Valid SKU
JNE3030-KR-XL,JNE3030,5,Kurta,XL,Maroon,False,Low Stock,False,Valid SKU
JNE3030-KR-XS,JNE3030,25,Kurta,XS,Maroon,False,In Stock,False,Valid SKU
JNE3030-KR-XXL,JNE3030,23,Kurta,XXL,Maroon,False,In Stock,False,Valid SKU
JNE3030-KR-XXXL,JNE3030,3,Kurta,XXXL,Maroon,False,Low Stock,False,Valid SKU
JNE3042-KR-L,JNE3042,3,Kurta,L,Grey,False,Low Stock,False,Valid SKU
JNE3042-KR-M,JNE3042,7,Kurta,M,Grey,False,In Stock,False,Valid SKU
JNE3042-KR-S,JNE3042,3,Kurta,S,Grey,False,Low Stock,False,Valid SKU
JNE3042-KR-XL,JNE3042,2,Kurta,XL,Grey,False,Low Stock,False,Valid SKU
JNE3042-KR-XS,JNE3042,6,Kurta,XS,Grey,False,In Stock,False,Valid SKU
JNE3042-KR-XXL,JNE3042,5,Kurta,XXL,Grey,False,Low Stock,False,Valid SKU
JNE3042-KR-XXXL,JNE3042,0,Kurta,XXXL,Grey,False,Out of Stock,False,Valid SKU
JNE3065-KR-L,JNE3065,8,Kurta,L,Turquoise Blue,False,In Stock,False,Valid SKU
JNE3065-KR-M,JNE3065,2,Kurta,M,Turquoise Blue,False,Low Stock,False,Valid SKU
JNE3065-KR-S,JNE3065,13,Kurta,S,Turquoise Blue,False,In Stock,False,Valid SKU
JNE3065-KR-XL,JNE3065,7,Kurta,XL,Turquoise Blue,False,In Stock,False,Valid SKU
,JNE3065,0,Kurta,XS,Turquoise Blue,True,Out of Stock,False,Missing / Invalid SKU
JNE3065-KR-XXL,JNE3065,3,Kurta,XXL,Turquoise Blue,False,Low Stock,False,Valid SKU
,JNE3068,0,Kurta,5XL,Black,True,Out of Stock,False,Missing / Invalid SKU
,JNE3068,0,Kurta,6XL,Black,True,Out of Stock,False,Missing / Invalid SKU
JNE3068-KR-L,JNE3068,45,Kurta,L,Black,False,In Stock,False,Valid SKU
JNE3068-KR-M,JNE3068,35,Kurta,M,Black,False,In Stock,False,Valid SKU
JNE3068-KR-S,JNE3068,39,Kurta,S,Black,False,In Stock,False,Valid SKU
JNE3068-KR-XL,JNE3068,9,Kurta,XL,Black,False,In Stock,False,Valid SKU
JNE3068-KR-XXL,JNE3068,4,Kurta,XXL,Black,False,Low Stock,False,Valid SKU
JNE3160-KR-L,JNE3160,20,Kurta,L,White,False,In Stock,False,Valid SKU
JNE3160-KR-M,JNE3160,12,Kurta,M,White,False,In Stock,False,Valid SKU
JNE3160-KR-S,JNE3160,53,Kurta,S,White,False,In Stock,False,Valid SKU
JNE3160-KR-XL,JNE3160,30,Kurta,XL,White,False,In Stock,False,Valid SKU
JNE3160-KR-XS,JNE3160,26,Kurta,XS,White,False,In Stock,False,Valid SKU
JNE3160-KR-XXL,JNE3160,37,Kurta,XXL,White,False,In Stock,False,Valid SKU
JNE3160-KR-XXXL,JNE3160,38,Kurta,XXXL,White,False,In Stock,False,Valid SKU
JNE3225-KR-L,JNE3225,0,Kurta,L,Light Blue,False,Out of Stock,False,Valid SKU
JNE3225-KR-M,JNE3225,1,Kurta,M,Light Blue,False,Low Stock,False,Valid SKU
JNE3225-KR-S,JNE3225,3,Kurta,S,Light Blue,False,Low Stock,False,Valid SKU
JNE3225-KR-XL,JNE3225,0,Kurta,XL,Light Blue,False,Out of Stock,False,Valid SKU
JNE3225-KR-XS,JNE3225,4,Kurta,XS,Light Blue,False,Low Stock,False,Valid SKU
JNE3225-KR-XXL,JNE3225,0,Kurta,XXL,Light Blue,False,Out of Stock,False,Valid SKU
JNE3225-KR-XXXL,JNE3225,4,Kurta,XXXL,Light Blue,False,Low Stock,False,Valid SKU
JNE3250-KR-L,JNE3250,1,Kurta,L,Pink,False,Low Stock,False,Valid SKU
JNE3250-KR-M,JNE3250,2,Kurta,M,Pink,False,Low Stock,False,Valid SKU
JNE3250-KR-S,JNE3250,2,Kurta,S,Pink,False,Low Stock,False,Valid SKU
JNE3250-KR-XL,JNE3250,3,Kurta,XL,Pink,False,Low Stock,False,Valid SKU
JNE3250-KR-XXL,JNE3250,1,Kurta,XXL,Pink,False,Low Stock,False,Valid SKU
JNE3251-KR-L,JNE3251,46,Kurta,L,Blue,False,In Stock,False,Valid SKU
JNE3251-KR-M,JNE3251,69,Kurta,M,Blue,False,In Stock,False,Valid SKU
JNE3251-KR-S,JNE3251,90,Kurta,S,Blue,False,In Stock,False,Valid SKU
JNE3251-KR-XL,JNE3251,70,Kurta,XL,Blue,False,In Stock,False,Valid SKU
JNE3251-KR-XXL,JNE3251,56,Kurta,XXL,Blue,False,In Stock,False,Valid SKU
JNE3252-KR-L,JNE3252,5,Kurta,L,Pink,False,Low Stock,False,Valid SKU
JNE3252-KR-M,JNE3252,11,Kurta,M,Pink,False,In Stock,False,Valid SKU
JNE3252-KR-S,JNE3252,8,Kurta,S,Pink,False,In Stock,False,Valid SKU
JNE3252-KR-XL,JNE3252,11,Kurta,XL,Pink,False,In Stock,False,Valid SKU
JNE3252-KR-XS,JNE3252,10,Kurta,XS,Pink,False,In Stock,False,Valid SKU
JNE3252-KR-XXL,JNE3252,5,Kurta,XXL,Pink,False,Low Stock,False,Valid SKU
JNE3252-KR-XXXL,JNE3252,10,Kurta,XXXL,Pink,False,In Stock,False,Valid SKU
JNE3253-KR-L,JNE3253,21,Kurta,L,Black,False,In Stock,False,Valid SKU
JNE3253-KR-M,JNE3253,23,Kurta,M,Black,False,In Stock,False,Valid SKU
JNE3253-KR-S,JNE3253,22,Kurta,S,Black,False,In Stock,False,Valid SKU
JNE3253-KR-XL,JNE3253,21,Kurta,XL,Black,False,In Stock,False,Valid SKU
JNE3253-KR-XXL,JNE3253,19,Kurta,XXL,Black,False,In Stock,False,Valid SKU
JNE3255-KR-L,JNE3255,21,Kurta,L,Maroon,False,In Stock,False,Valid SKU
JNE3255-KR-M,JNE3255,25,Kurta,M,Maroon,False,In Stock,False,Valid SKU
JNE3255-KR-S,JNE3255,16,Kurta,S,Maroon,False,In Stock,False,Valid SKU
JNE3255-KR-XL,JNE3255,11,Kurta,XL,Maroon,False,In Stock,False,Valid SKU
JNE3255-KR-XS,JNE3255,66,Kurta,XS,Maroon,False,In Stock,False,Valid SKU
JNE3255-KR-XXL,JNE3255,8,Kurta,XXL,Maroon,False,In Stock,False,Valid SKU
JNE3255-KR-XXXL,JNE3255,6,Kurta,XXXL,Maroon,False,In Stock,False,Valid SKU
JNE3256-KR-L,JNE3256,187,Kurta,L,Blue,False,In Stock,False,Valid SKU
JNE3256-KR-M,JNE3256,90,Kurta,M,Blue,False,In Stock,False,Valid SKU
JNE3256-KR-S,JNE3256,62,Kurta,S,Blue,False,In Stock,False,Valid SKU
JNE3256-KR-XL,JNE3256,87,Kurta,XL,Blue,False,In Stock,False,Valid SKU
JNE3256-KR-XS,JNE3256,63,Kurta,XS,Blue,False,In Stock,False,Valid SKU
JNE3256-KR-XXL,JNE3256,112,Kurta,XXL,Blue,False,In Stock,False,Valid SKU
JNE3256-KR-XXXL,JNE3256,103,Kurta,XXXL,Blue,False,In Stock,False,Valid SKU
JNE3257-KR-L,JNE3257,8,Kurta,L,Magenta,False,In Stock,False,Valid SKU
JNE3257-KR-M,JNE3257,9,Kurta,M,Magenta,False,In Stock,False,Valid SKU
JNE3257-KR-S,JNE3257,13,Kurta,S,Magenta,False,In Stock,False,Valid SKU
JNE3257-KR-XL,JNE3257,12,Kurta,XL,Magenta,False,In Stock,False,Valid SKU
JNE3257-KR-XXL,JNE3257,9,Kurta,XXL,Magenta,False,In Stock,False,Valid SKU
JNE3261-KR-L,JNE3261,26,Kurta,L,Peach,False,In Stock,False,Valid SKU
JNE3261-KR-M,JNE3261,41,Kurta,M,Peach,False,In Stock,False,Valid SKU
JNE3261-KR-S,JNE3261,15,Kurta,S,Peach,False,In Stock,False,Valid SKU
JNE3261-KR-XL,JNE3261,147,Kurta,XL,Peach,False,In Stock,False,Valid SKU
JNE3261-KR-XS,JNE3261,5,Kurta,XS,Peach,False,Low Stock,False,Valid SKU
JNE3261-KR-XXL,JNE3261,38,Kurta,XXL,Peach,False,In Stock,False,Valid SKU
JNE3261-KR-XXXL,JNE3261,50,Kurta,XXXL,Peach,False,In Stock,False,Valid SKU
JNE3262-KR-L,JNE3262,1,Kurta,L,Peach,False,Low Stock,False,Valid SKU
JNE3265-KR-L,JNE3265,8,Kurta,L,Light Green,False,In Stock,False,Valid SKU
JNE3265-KR-M,JNE3265,6,Kurta,M,Light Green,False,In Stock,False,Valid SKU
JNE3265-KR-S,JNE3265,24,Kurta,S,Light Green,False,In Stock,False,Valid SKU
JNE3265-KR-XL,JNE3265,4,Kurta,XL,Light Green,False,Low Stock,False,Valid SKU
JNE3265-KR-XXL,JNE3265,3,Kurta,XXL,Light Green,False,Low Stock,False,Valid SKU
JNE3270-KR-L,JNE3270,45,Kurta,L,Maroon,False,In Stock,False,Valid SKU
JNE3270-KR-M,JNE3270,31,Kurta,M,Maroon,False,In Stock,False,Valid SKU
JNE3270-KR-S,JNE3270,38,Kurta,S,Maroon,False,In Stock,False,Valid SKU
JNE3270-KR-XL,JNE3270,29,Kurta,XL,Maroon,False,In Stock,False,Valid SKU
JNE3270-KR-XS,JNE3270,44,Kurta,XS,Maroon,False,In Stock,False,Valid SKU
JNE3270-KR-XXL,JNE3270,4,Kurta,XXL,Maroon,False,Low Stock,False,Valid SKU
JNE3270-KR-XXXL,JNE3270,11,Kurta,XXXL,Maroon,False,In Stock,False,Valid SKU
JNE3273-KR-L,JNE3273,4,Kurta,L,Maroon,False,Low Stock,False,Valid SKU
JNE3273-KR-M,JNE3273,14,Kurta,M,Maroon,False,In Stock,False,Valid SKU
JNE3273-KR-S,JNE3273,6,Kurta,S,Maroon,False,In Stock,False,Valid SKU
JNE3273-KR-XL,JNE3273,15,Kurta,XL,Maroon,False,In Stock,False,Valid SKU
JNE3273-KR-XS,JNE3273,26,Kurta,XS,Maroon,False,In Stock,False,Valid SKU
JNE3273-KR-XXL,JNE3273,2,Kurta,XXL,Maroon,False,Low Stock,False,Valid SKU
JNE3273-KR-XXXL,JNE3273,3,Kurta,XXXL,Maroon,False,Low Stock,False,Valid SKU
JNE3279-KR-L,JNE3279,2,Kurta,L,Peach,False,Low Stock,False,Valid SKU
JNE3279-KR-M,JNE3279,2,Kurta,M,Peach,False,Low Stock,False,Valid SKU
JNE3279-KR-S,JNE3279,3,Kurta,S,Peach,False,Low Stock,False,Valid SKU
JNE3279-KR-XL,JNE3279,1,Kurta,XL,Peach,False,Low Stock,False,Valid SKU
JNE3279-KR-XS,JNE3279,3,Kurta,XS,Peach,False,Low Stock,False,Valid SKU
JNE3279-KR-XXL,JNE3279,3,Kurta,XXL,Peach,False,Low Stock,False,Valid SKU
JNE3279-KR-XXXL,JNE3279,4,Kurta,XXXL,Peach,False,Low Stock,False,Valid SKU
JNE3284-KR-L,JNE3284,4,Kurta,L,Peach,False,Low Stock,False,Valid SKU
JNE3284-KR-M,JNE3284,3,Kurta,M,Peach,False,Low Stock,False,Valid SKU
JNE3284-KR-S,JNE3284,7,Kurta,S,Peach,False,In Stock,False,Valid SKU
JNE3284-KR-XL,JNE3284,4,Kurta,XL,Peach,False,Low Stock,False,Valid SKU
JNE3284-KR-XXL,JNE3284,5,Kurta,XXL,Peach,False,Low Stock,False,Valid SKU
JNE3288-KR-L,JNE3288,13,Kurta,L,Pink,False,In Stock,False,Valid SKU
JNE3288-KR-M,JNE3288,16,Kurta,M,Pink,False,In Stock,False,Valid SKU
JNE3288-KR-S,JNE3288,30,Kurta,S,Pink,False,In Stock,False,Valid SKU
JNE3288-KR-XL,JNE3288,19,Kurta,XL,Pink,False,In Stock,False,Valid SKU
JNE3288-KR-XS,JNE3288,8,Kurta,XS,Pink,False,In Stock,False,Valid SKU
JNE3288-KR-XXL,JNE3288,16,Kurta,XXL,Pink,False,In Stock,False,Valid SKU
JNE3288-KR-XXXL,JNE3288,35,Kurta,XXXL,Pink,False,In Stock,False,Valid SKU
JNE3291-KR-L,JNE3291,151,Kurta,L,Light Green,False,In Stock,False,Valid SKU
JNE3291-KR-M,JNE3291,122,Kurta,M,Light Green,False,In Stock,False,Valid SKU
JNE3291-KR-S,JNE3291,19,Kurta,S,Light Green,False,In Stock,False,Valid SKU
JNE3291-KR-XL,JNE3291,81,Kurta,XL,Light Green,False,In Stock,False,Valid SKU
JNE3291-KR-XS,JNE3291,8,Kurta,XS,Light Green,False,In Stock,False,Valid SKU
JNE3291-KR-XXL,JNE3291,131,Kurta,XXL,Light Green,False,In Stock,False,Valid SKU
JNE3291-KR-XXXL,JNE3291,140,Kurta,XXXL,Light Green,False,In Stock,False,Valid SKU
JNE3294-KR-L,JNE3294,5,Kurta,L,Yellow,False,Low Stock,False,Valid SKU
JNE3294-KR-M,JNE3294,4,Kurta,M,Yellow,False,Low Stock,False,Valid SKU
JNE3294-KR-S,JNE3294,1,Kurta,S,Yellow,False,Low Stock,False,Valid SKU
JNE3294-KR-XL,JNE3294,7,Kurta,XL,Yellow,False,In Stock,False,Valid SKU
JNE3294-KR-XS,JNE3294,33,Kurta,XS,Yellow,False,In Stock,False,Valid SKU
JNE3294-KR-XXL,JNE3294,5,Kurta,XXL,Yellow,False,Low Stock,False,Valid SKU
JNE3294-KR-XXXL,JNE3294,5,Kurta,XXXL,Yellow,False,Low Stock,False,Valid SKU
JNE3311-KR-L,JNE3311,2,Kurta,L,Peach,False,Low Stock,False,Valid SKU
JNE3311-KR-M,JNE3311,2,Kurta,M,Peach,False,Low Stock,False,Valid SKU
JNE3311-KR-S,JNE3311,4,Kurta,S,Peach,False,Low Stock,False,Valid SKU
JNE3311-KR-XL,JNE3311,3,Kurta,XL,Peach,False,Low Stock,False,Valid SKU
JNE3311-KR-XS,JNE3311,3,Kurta,XS,Peach,False,Low Stock,False,Valid SKU
JNE3311-KR-XXL,JNE3311,0,Kurta,XXL,Peach,False,Out of Stock,False,Valid SKU
JNE3311-KR-XXXL,JNE3311,2,Kurta,XXXL,Peach,False,Low Stock,False,Valid SKU
JNE3313-KR-L,JNE3313,29,Kurta,L,Black,False,In Stock,False,Valid SKU
JNE3313-KR-M,JNE3313,51,Kurta,M,Black,False,In Stock,False,Valid SKU
JNE3313-KR-S,JNE3313,57,Kurta,S,Black,False,In Stock,False,Valid SKU
JNE3313-KR-XL,JNE3313,20,Kurta,XL,Black,False,In Stock,False,Valid SKU
JNE3313-KR-XS,JNE3313,16,Kurta,XS,Black,False,In Stock,False,Valid SKU
JNE3313-KR-XXL,JNE3313,66,Kurta,XXL,Black,False,In Stock,False,Valid SKU
JNE3313-KR-XXXL,JNE3313,9,Kurta,XXXL,Black,False,In Stock,False,Valid SKU
JNE3323-KR-L,JNE3323,3,Kurta,L,Teal,False,Low Stock,False,Valid SKU
JNE3323-KR-M,JNE3323,1,Kurta,M,Teal,False,Low Stock,False,Valid SKU
JNE3323-KR-S,JNE3323,3,Kurta,S,Teal,False,Low Stock,False,Valid SKU
JNE3323-KR-XL,JNE3323,2,Kurta,XL,Teal,False,Low Stock,False,Valid SKU
JNE3323-KR-XS,JNE3323,3,Kurta,XS,Teal,False,Low Stock,False,Valid SKU
JNE3323-KR-XXL,JNE3323,7,Kurta,XXL,Teal,False,In Stock,False,Valid SKU
JNE3323-KR-XXXL,JNE3323,2,Kurta,XXXL,Teal,False,Low Stock,False,Valid SKU
JNE3332-KR-S,JNE3332,1,Kurta,S,Peach,False,Low Stock,False,Valid SKU
JNE3334-KR-L,JNE3334,6,Kurta,L,Black,False,In Stock,False,Valid SKU
JNE3334-KR-M,JNE3334,12,Kurta,M,Black,False,In Stock,False,Valid SKU
JNE3334-KR-S,JNE3334,37,Kurta,S,Black,False,In Stock,False,Valid SKU
JNE3334-KR-XL,JNE3334,6,Kurta,XL,Black,False,In Stock,False,Valid SKU
JNE3334-KR-XXL,JNE3334,4,Kurta,XXL,Black,False,Low Stock,False,Valid SKU
JNE3336-KR-L,JNE3336,2,Kurta,L,Sky Blue,False,Low Stock,False,Valid SKU
JNE3336-KR-M,JNE3336,5,Kurta,M,Sky Blue,False,Low Stock,False,Valid SKU
JNE3336-KR-S,JNE3336,14,Kurta,S,Sky Blue,False,In Stock,False,Valid SKU
JNE3336-KR-XL,JNE3336,3,Kurta,XL,Sky Blue,False,Low Stock,False,Valid SKU
JNE3336-KR-XS,JNE3336,9,Kurta,XS,Sky Blue,False,In Stock,False,Valid SKU
JNE3336-KR-XXL,JNE3336,2,Kurta,XXL,Sky Blue,False,Low Stock,False,Valid SKU
JNE3336-KR-XXXL,JNE3336,2,Kurta,XXXL,Sky Blue,False,Low Stock,False,Valid SKU
JNE3337-KR-L,JNE3337,2,Kurta,L,Peach,False,Low Stock,False,Valid SKU
JNE3337-KR-M,JNE3337,3,Kurta,M,Peach,False,Low Stock,False,Valid SKU
JNE3337-KR-S,JNE3337,3,Kurta,S,Peach,False,Low Stock,False,Valid SKU
JNE3337-KR-XL,JNE3337,2,Kurta,XL,Peach,False,Low Stock,False,Valid SKU
JNE3337-KR-XXL,JNE3337,2,Kurta,XXL,Peach,False,Low Stock,False,Valid SKU
JNE3338-KR-L,JNE3338,2,Kurta,L,Grey,False,Low Stock,False,Valid SKU
JNE3338-KR-M,JNE3338,13,Kurta,M,Grey,False,In Stock,False,Valid SKU
JNE3338-KR-S,JNE3338,13,Kurta,S,Grey,False,In Stock,False,Valid SKU
JNE3338-KR-XL,JNE3338,5,Kurta,XL,Grey,False,Low Stock,False,Valid SKU
JNE3338-KR-XXL,JNE3338,9,Kurta,XXL,Grey,False,In Stock,False,Valid SKU
JNE3348-KR-L,JNE3348,10,Kurta,L,Pink,False,In Stock,False,Valid SKU
JNE3348-KR-M,JNE3348,63,Kurta,M,Pink,False,In Stock,False,Valid SKU
JNE3348-KR-S,JNE3348,13,Kurta,S,Pink,False,In Stock,False,Valid SKU
JNE3348-KR-XL,JNE3348,44,Kurta,XL,Pink,False,In Stock,False,Valid SKU
JNE3348-KR-XS,JNE3348,25,Kurta,XS,Pink,False,In Stock,False,Valid SKU
JNE3348-KR-XXL,JNE3348,43,Kurta,XXL,Pink,False,In Stock,False,Valid SKU
JNE3348-KR-XXXL,JNE3348,61,Kurta,XXXL,Pink,False,In Stock,False,Valid SKU
JNE3349-KR-L,JNE3349,18,Kurta,L,Navy Blue,False,In Stock,False,Valid SKU
JNE3349-KR-M,JNE3349,17,Kurta,M,Navy Blue,False,In Stock,False,Valid SKU
JNE3349-KR-S,JNE3349,19,Kurta,S,Navy Blue,False,In Stock,False,Valid SKU
JNE3349-KR-XS,JNE3349,0,Kurta,XS,Navy Blue,False,Out of Stock,False,Valid SKU
JNE3349-KR-XXL,JNE3349,0,Kurta,XXL,Navy Blue,False,Out of Stock,False,Valid SKU
JNE3354-KR-L,JNE3354,56,Kurta,L,Mustard,False,In Stock,False,Valid SKU
JNE3354-KR-M,JNE3354,60,Kurta,M,Mustard,False,In Stock,False,Valid SKU
JNE3354-KR-S,JNE3354,63,Kurta,S,Mustard,False,In Stock,False,Valid SKU
JNE3354-KR-XL,JNE3354,52,Kurta,XL,Mustard,False,In Stock,False,Valid SKU
JNE3354-KR-XXL,JNE3354,51,Kurta,XXL,Mustard,False,In Stock,False,Valid SKU
JNE3355-KR-L,JNE3355,44,Kurta,L,Cream,False,In Stock,False,Valid SKU
JNE3355-KR-M,JNE3355,54,Kurta,M,Cream,False,In Stock,False,Valid SKU
JNE3355-KR-S,JNE3355,56,Kurta,S,Cream,False,In Stock,False,Valid SKU
JNE3355-KR-XL,JNE3355,47,Kurta,XL,Cream,False,In Stock,False,Valid SKU
JNE3355-KR-XXL,JNE3355,48,Kurta,XXL,Cream,False,In Stock,False,Valid SKU
JNE3356-KR-L,JNE3356,49,Kurta,L,Yellow,False,In Stock,False,Valid SKU
JNE3356-KR-M,JNE3356,50,Kurta,M,Yellow,False,In Stock,False,Valid SKU
JNE3356-KR-S,JNE3356,82,Kurta,S,Yellow,False,In Stock,False,Valid SKU
JNE3356-KR-XL,JNE3356,49,Kurta,XL,Yellow,False,In Stock,False,Valid SKU
JNE3356-KR-XXL,JNE3356,48,Kurta,XXL,Yellow,False,In Stock,False,Valid SKU
JNE3357-KR-L,JNE3357,22,Kurta,L,Yellow,False,In Stock,False,Valid SKU
JNE3357-KR-M,JNE3357,26,Kurta,M,Yellow,False,In Stock,False,Valid SKU
JNE3357-KR-S,JNE3357,26,Kurta,S,Yellow,False,In Stock,False,Valid SKU
JNE3357-KR-XL,JNE3357,28,Kurta,XL,Yellow,False,In Stock,False,Valid SKU
JNE3357-KR-XXL,JNE3357,29,Kurta,XXL,Yellow,False,In Stock,False,Valid SKU
JNE3359-KR-L,JNE3359,7,Kurta,L,Grey,False,In Stock,False,Valid SKU
JNE3359-KR-M,JNE3359,7,Kurta,M,Grey,False,In Stock,False,Valid SKU
JNE3359-KR-S,JNE3359,4,Kurta,S,Grey,False,Low Stock,False,Valid SKU
JNE3359-KR-XL,JNE3359,4,Kurta,XL,Grey,False,Low Stock,False,Valid SKU
JNE3359-KR-XS,JNE3359,2,Kurta,XS,Grey,False,Low Stock,False,Valid SKU
JNE3359-KR-XXL,JNE3359,3,Kurta,XXL,Grey,False,Low Stock,False,Valid SKU
JNE3359-KR-XXXL,JNE3359,1,Kurta,XXXL,Grey,False,Low Stock,False,Valid SKU
JNE3360-KR-XL,JNE3360,1,Kurta,XL,Mustard,False,Low Stock,False,Valid SKU
JNE3363-KR-1032-L,JNE3363,158,Kurta,L,Dark Blue,False,In Stock,False,Valid SKU
JNE3363-KR-1032-M,JNE3363,130,Kurta,M,Dark Blue,False,In Stock,False,Valid SKU
JNE3363-KR-1032-S,JNE3363,23,Kurta,S,Dark Blue,False,In Stock,False,Valid SKU
JNE3363-KR-1032-XL,JNE3363,22,Kurta,XL,Dark Blue,False,In Stock,False,Valid SKU
JNE3363-KR-1032-XS,JNE3363,11,Kurta,XS,Dark Blue,False,In Stock,False,Valid SKU
JNE3363-KR-1032-XXL,JNE3363,158,Kurta,XXL,Dark Blue,False,In Stock,False,Valid SKU
JNE3363-KR-1032-XXXL,JNE3363,10,Kurta,XXXL,Dark Blue,False,In Stock,False,Valid SKU
JNE3364-KR-1051-L,JNE3364,158,Kurta,L,Light Green,False,In Stock,False,Valid SKU
JNE3364-KR-1051-M,JNE3364,306,Kurta,M,Light Green,False,In Stock,False,Valid SKU
JNE3364-KR-1051-S,JNE3364,150,Kurta,S,Light Green,False,In Stock,False,Valid SKU
JNE3364-KR-1051-XL,JNE3364,170,Kurta,XL,Light Green,False,In Stock,False,Valid SKU
JNE3364-KR-1051-XS,JNE3364,169,Kurta,XS,Light Green,False,In Stock,False,Valid SKU
JNE3364-KR-1051-XXL,JNE3364,135,Kurta,XXL,Light Green,False,In Stock,False,Valid SKU
JNE3364-KR-1051-XXXL,JNE3364,156,Kurta,XXXL,Light Green,False,In Stock,False,Valid SKU
JNE3365-KR-1052-L,JNE3365,15,Kurta,L,Mustard,False,In Stock,False,Valid SKU
JNE3365-KR-1052-M,JNE3365,6,Kurta,M,Mustard,False,In Stock,False,Valid SKU
JNE3365-KR-1052-S,JNE3365,10,Kurta,S,Mustard,False,In Stock,False,Valid SKU
JNE3365-KR-1052-XL,JNE3365,10,Kurta,XL,Mustard,False,In Stock,False,Valid SKU
JNE3365-KR-1052-XS,JNE3365,14,Kurta,XS,Mustard,False,In Stock,False,Valid SKU
JNE3365-KR-1052-XXL,JNE3365,4,Kurta,XXL,Mustard,False,Low Stock,False,Valid SKU
JNE3365-KR-1052-XXXL,JNE3365,12,Kurta,XXXL,Mustard,False,In Stock,False,Valid SKU
JNE3366-KR-1053-L,JNE3366,246,Kurta,L,Peach,False,In Stock,False,Valid SKU
JNE3366-KR-1053-M,JNE3366,168,Kurta,M,Peach,False,In Stock,False,Valid SKU
JNE3366-KR-1053-S,JNE3366,181,Kurta,S,Peach,False,In Stock,False,Valid SKU
JNE3366-KR-1053-XL,JNE3366,243,Kurta,XL,Peach,False,In Stock,False,Valid SKU
JNE3366-KR-1053-XS,JNE3366,128,Kurta,XS,Peach,False,In Stock,False,Valid SKU
JNE3366-KR-1053-XXL,JNE3366,73,Kurta,XXL,Peach,False,In Stock,False,Valid SKU
JNE3366-KR-1053-XXXL,JNE3366,100,Kurta,XXXL,Peach,False,In Stock,False,Valid SKU
,JNE3368,1,Kurta,6XL,Light Green,True,Low Stock,False,Missing / Invalid SKU
JNE3368-KR-L,JNE3368,429,Kurta,L,Light Green,False,In Stock,False,Valid SKU
JNE3368-KR-M,JNE3368,63,Kurta,M,Light Green,False,In Stock,False,Valid SKU
JNE3368-KR-S,JNE3368,296,Kurta,S,Light Green,False,In Stock,False,Valid SKU
JNE3368-KR-XL,JNE3368,481,Kurta,XL,Light Green,False,In Stock,False,Valid SKU
JNE3368-KR-XS,JNE3368,107,Kurta,XS,Light Green,False,In Stock,False,Valid SKU
JNE3368-KR-XXL,JNE3368,757,Kurta,XXL,Light Green,False,In Stock,False,Valid SKU
JNE3368-KR-XXXL,JNE3368,985,Kurta,XXXL,Light Green,False,In Stock,False,Valid SKU
JNE3369-KR-L,JNE3369,9,Kurta,L,Black,False,In Stock,False,Valid SKU
JNE3369-KR-M,JNE3369,2,Kurta,M,Black,False,Low Stock,False,Valid SKU
JNE3369-KR-S,JNE3369,3,Kurta,S,Black,False,Low Stock,False,Valid SKU
JNE3369-KR-XL,JNE3369,15,Kurta,XL,Black,False,In Stock,False,Valid SKU
JNE3369-KR-XS,JNE3369,41,Kurta,XS,Black,False,In Stock,False,Valid SKU
JNE3369-KR-XXL,JNE3369,4,Kurta,XXL,Black,False,Low Stock,False,Valid SKU
JNE3369-KR-XXXL,JNE3369,8,Kurta,XXXL,Black,False,In Stock,False,Valid SKU
JNE3370-KR-L,JNE3370,2,Kurta,L,Red,False,Low Stock,False,Valid SKU
JNE3370-KR-M,JNE3370,4,Kurta,M,Red,False,Low Stock,False,Valid SKU
JNE3370-KR-S,JNE3370,4,Kurta,S,Red,False,Low Stock,False,Valid SKU
JNE3370-KR-XL,JNE3370,4,Kurta,XL,Red,False,Low Stock,False,Valid SKU
JNE3370-KR-XXL,JNE3370,4,Kurta,XXL,Red,False,Low Stock,False,Valid SKU
JNE3371-KR-L,JNE3371,2,Kurta,L,Light Green,False,Low Stock,False,Valid SKU
JNE3371-KR-M,JNE3371,7,Kurta,M,Light Green,False,In Stock,False,Valid SKU
JNE3371-KR-S,JNE3371,3,Kurta,S,Light Green,False,Low Stock,False,Valid SKU
JNE3371-KR-XL,JNE3371,4,Kurta,XL,Light Green,False,Low Stock,False,Valid SKU
JNE3371-KR-XS,JNE3371,7,Kurta,XS,Light Green,False,In Stock,False,Valid SKU
JNE3371-KR-XXL,JNE3371,4,Kurta,XXL,Light Green,False,Low Stock,False,Valid SKU
JNE3371-KR-XXXL,JNE3371,2,Kurta,XXXL,Light Green,False,Low Stock,False,Valid SKU
JNE3373-KR-L,JNE3373,62,Kurta,L,Black,False,In Stock,False,Valid SKU
JNE3373-KR-M,JNE3373,47,Kurta,M,Black,False,In Stock,False,Valid SKU
JNE3373-KR-S,JNE3373,21,Kurta,S,Black,False,In Stock,False,Valid SKU
JNE3373-KR-XL,JNE3373,45,Kurta,XL,Black,False,In Stock,False,Valid SKU
JNE3373-KR-XS,JNE3373,32,Kurta,XS,Black,False,In Stock,False,Valid SKU
JNE3373-KR-XXL,JNE3373,59,Kurta,XXL,Black,False,In Stock,False,Valid SKU
JNE3373-KR-XXXL,JNE3373,36,Kurta,XXXL,Black,False,In Stock,False,Valid SKU
JNE3375-KR-L,JNE3375,0,Kurta,L,Black,False,Out of Stock,False,Valid SKU
JNE3375-KR-M,JNE3375,2,Kurta,M,Black,False,Low Stock,False,Valid SKU
JNE3375-KR-S,JNE3375,2,Kurta,S,Black,False,Low Stock,False,Valid SKU
JNE3375-KR-XL,JNE3375,0,Kurta,XL,Black,False,Out of Stock,False,Valid SKU
JNE3375-KR-XS,JNE3375,2,Kurta,XS,Black,False,Low Stock,False,Valid SKU
JNE3375-KR-XXL,JNE3375,0,Kurta,XXL,Black,False,Out of Stock,False,Valid SKU
JNE3375-KR-XXXL,JNE3375,0,Kurta,XXXL,Black,False,Out of Stock,False,Valid SKU
JNE3376-KR-L,JNE3376,7,Kurta,L,Mustard,False,In Stock,False,Valid SKU
JNE3376-KR-M,JNE3376,39,Kurta,M,Mustard,False,In Stock,False,Valid SKU
JNE3376-KR-S,JNE3376,11,Kurta,S,Mustard,False,In Stock,False,Valid SKU
JNE3376-KR-XL,JNE3376,33,Kurta,XL,Mustard,False,In Stock,False,Valid SKU
JNE3376-KR-XS,JNE3376,28,Kurta,XS,Mustard,False,In Stock,False,Valid SKU
JNE3376-KR-XXL,JNE3376,15,Kurta,XXL,Mustard,False,In Stock,False,Valid SKU
JNE3376-KR-XXXL,JNE3376,6,Kurta,XXXL,Mustard,False,In Stock,False,Valid SKU
JNE3383-KR-L,JNE3383,42,Kurta,L,Dark Green,False,In Stock,False,Valid SKU
JNE3383-KR-M,JNE3383,65,Kurta,M,Dark Green,False,In Stock,False,Valid SKU
JNE3383-KR-S,JNE3383,64,Kurta,S,Dark Green,False,In Stock,False,Valid SKU
JNE3383-KR-XL,JNE3383,70,Kurta,XL,Dark Green,False,In Stock,False,Valid SKU
JNE3383-KR-XS,JNE3383,11,Kurta,XS,Dark Green,False,In Stock,False,Valid SKU
JNE3383-KR-XXL,JNE3383,98,Kurta,XXL,Dark Green,False,In Stock,False,Valid SKU
JNE3383-KR-XXXL,JNE3383,46,Kurta,XXXL,Dark Green,False,In Stock,False,Valid SKU
JNE3384-KR-L,JNE3384,6,Kurta,L,Turquoise Blue,False,In Stock,False,Valid SKU
JNE3384-KR-M,JNE3384,7,Kurta,M,Turquoise Blue,False,In Stock,False,Valid SKU
JNE3384-KR-S,JNE3384,17,Kurta,S,Turquoise Blue,False,In Stock,False,Valid SKU
JNE3384-KR-XL,JNE3384,3,Kurta,XL,Turquoise Blue,False,Low Stock,False,Valid SKU
JNE3384-KR-XS,JNE3384,8,Kurta,XS,Turquoise Blue,False,In Stock,False,Valid SKU
JNE3384-KR-XXL,JNE3384,6,Kurta,XXL,Turquoise Blue,False,In Stock,False,Valid SKU
JNE3384-KR-XXXL,JNE3384,7,Kurta,XXXL,Turquoise Blue,False,In Stock,False,Valid SKU
JNE3385-KR-L,JNE3385,25,Kurta,L,Mustard,False,In Stock,False,Valid SKU
JNE3385-KR-M,JNE3385,15,Kurta,M,Mustard,False,In Stock,False,Valid SKU
JNE3385-KR-S,JNE3385,37,Kurta,S,Mustard,False,In Stock,False,Valid SKU
JNE3385-KR-XL,JNE3385,17,Kurta,XL,Mustard,False,In Stock,False,Valid SKU
JNE3385-KR-XXL,JNE3385,24,Kurta,XXL,Mustard,False,In Stock,False,Valid SKU
JNE3386-KR-S,JNE3386,2,Kurta,S,Dark Blue,False,Low Stock,False,Valid SKU
JNE3386-KR-XS,JNE3386,1,Kurta,XS,Dark Blue,False,Low Stock,False,Valid SKU
JNE3386-KR-XXXL,JNE3386,1,Kurta,XXXL,Dark Blue,False,Low Stock,False,Valid SKU
JNE3387-KR-L,JNE3387,39,Kurta,L,Dark Green,False,In Stock,False,Valid SKU
JNE3387-KR-M,JNE3387,46,Kurta,M,Dark Green,False,In Stock,False,Valid SKU
JNE3387-KR-S,JNE3387,45,Kurta,S,Dark Green,False,In Stock,False,Valid SKU
JNE3387-KR-XL,JNE3387,39,Kurta,XL,Dark Green,False,In Stock,False,Valid SKU
JNE3387-KR-XXL,JNE3387,29,Kurta,XXL,Dark Green,False,In Stock,False,Valid SKU
JNE3389-KR-L,JNE3389,2,Kurta,L,Blue,False,Low Stock,False,Valid SKU
JNE3389-KR-M,JNE3389,2,Kurta,M,Blue,False,Low Stock,False,Valid SKU
JNE3389-KR-S,JNE3389,4,Kurta,S,Blue,False,Low Stock,False,Valid SKU
JNE3389-KR-XL,JNE3389,4,Kurta,XL,Blue,False,Low Stock,False,Valid SKU
JNE3389-KR-XS,JNE3389,6,Kurta,XS,Blue,False,In Stock,False,Valid SKU
JNE3389-KR-XXL,JNE3389,4,Kurta,XXL,Blue,False,Low Stock,False,Valid SKU
JNE3389-KR-XXXL,JNE3389,2,Kurta,XXXL,Blue,False,Low Stock,False,Valid SKU
JNE3390-KR-L,JNE3390,1,Kurta,L,White,False,Low Stock,False,Valid SKU
JNE3390-KR-M,JNE3390,2,Kurta,M,White,False,Low Stock,False,Valid SKU
JNE3390-KR-S,JNE3390,2,Kurta,S,White,False,Low Stock,False,Valid SKU
JNE3390-KR-XL,JNE3390,0,Kurta,XL,White,False,Out of Stock,False,Valid SKU
JNE3390-KR-XS,JNE3390,2,Kurta,XS,White,False,Low Stock,False,Valid SKU
JNE3390-KR-XXL,JNE3390,2,Kurta,XXL,White,False,Low Stock,False,Valid SKU
JNE3391-KR-L,JNE3391,2,Kurta,L,Pink,False,Low Stock,False,Valid SKU
JNE3391-KR-M,JNE3391,3,Kurta,M,Pink,False,Low Stock,False,Valid SKU
JNE3391-KR-S,JNE3391,6,Kurta,S,Pink,False,In Stock,False,Valid SKU
JNE3391-KR-XL,JNE3391,2,Kurta,XL,Pink,False,Low Stock,False,Valid SKU
JNE3391-KR-XS,JNE3391,17,Kurta,XS,Pink,False,In Stock,False,Valid SKU
JNE3391-KR-XXL,JNE3391,3,Kurta,XXL,Pink,False,Low Stock,False,Valid SKU
JNE3391-KR-XXXL,JNE3391,3,Kurta,XXXL,Pink,False,Low Stock,False,Valid SKU
JNE3394-KR-L,JNE3394,3,Kurta,L,Cream,False,Low Stock,False,Valid SKU
JNE3394-KR-M,JNE3394,0,Kurta,M,Cream,False,Out of Stock,False,Valid SKU
JNE3394-KR-S,JNE3394,1,Kurta,S,Cream,False,Low Stock,False,Valid SKU
JNE3394-KR-XL,JNE3394,1,Kurta,XL,Cream,False,Low Stock,False,Valid SKU
JNE3394-KR-XS,JNE3394,1,Kurta,XS,Cream,False,Low Stock,False,Valid SKU
JNE3394-KR-XXL,JNE3394,1,Kurta,XXL,Cream,False,Low Stock,False,Valid SKU
JNE3394-KR-XXXL,JNE3394,2,Kurta,XXXL,Cream,False,Low Stock,False,Valid SKU
JNE3395-KR-L,JNE3395,60,Kurta,L,Light Green,False,In Stock,False,Valid SKU
JNE3395-KR-M,JNE3395,49,Kurta,M,Light Green,False,In Stock,False,Valid SKU
JNE3395-KR-S,JNE3395,54,Kurta,S,Light Green,False,In Stock,False,Valid SKU
JNE3395-KR-XL,JNE3395,60,Kurta,XL,Light Green,False,In Stock,False,Valid SKU
JNE3395-KR-XS,JNE3395,20,Kurta,XS,Light Green,False,In Stock,False,Valid SKU
JNE3395-KR-XXL,JNE3395,53,Kurta,XXL,Light Green,False,In Stock,False,Valid SKU
JNE3395-KR-XXXL,JNE3395,2,Kurta,XXXL,Light Green,False,Low Stock,False,Valid SKU
JNE3396-KR-L,JNE3396,60,Kurta,L,Brown,False,In Stock,False,Valid SKU
JNE3396-KR-M,JNE3396,32,Kurta,M,Brown,False,In Stock,False,Valid SKU
JNE3396-KR-S,JNE3396,45,Kurta,S,Brown,False,In Stock,False,Valid SKU
JNE3396-KR-XL,JNE3396,12,Kurta,XL,Brown,False,In Stock,False,Valid SKU
JNE3396-KR-XS,JNE3396,44,Kurta,XS,Brown,False,In Stock,False,Valid SKU
JNE3396-KR-XXL,JNE3396,7,Kurta,XXL,Brown,False,In Stock,False,Valid SKU
JNE3396-KR-XXXL,JNE3396,43,Kurta,XXXL,Brown,False,In Stock,False,Valid SKU
JNE3398-KR-L,JNE3398,2,Kurta,L,Yellow,False,Low Stock,False,Valid SKU
JNE3398-KR-M,JNE3398,0,Kurta,M,Yellow,False,Out of Stock,False,Valid SKU
JNE3398-KR-S,JNE3398,0,Kurta,S,Yellow,False,Out of Stock,False,Valid SKU
JNE3398-KR-XL,JNE3398,2,Kurta,XL,Yellow,False,Low Stock,False,Valid SKU
JNE3398-KR-XS,JNE3398,7,Kurta,XS,Yellow,False,In Stock,False,Valid SKU
JNE3398-KR-XXXL,JNE3398,3,Kurta,XXXL,Yellow,False,Low Stock,False,Valid SKU
JNE3399-KR-L,JNE3399,94,Kurta,L,Turquoise Blue,False,In Stock,False,Valid SKU
JNE3399-KR-M,JNE3399,230,Kurta,M,Turquoise Blue,False,In Stock,False,Valid SKU
JNE3399-KR-S,JNE3399,43,Kurta,S,Turquoise Blue,False,In Stock,False,Valid SKU
JNE3399-KR-XL,JNE3399,16,Kurta,XL,Turquoise Blue,False,In Stock,False,Valid SKU
JNE3399-KR-XS,JNE3399,198,Kurta,XS,Turquoise Blue,False,In Stock,False,Valid SKU
JNE3399-KR-XXL,JNE3399,131,Kurta,XXL,Turquoise Blue,False,In Stock,False,Valid SKU
JNE3399-KR-XXXL,JNE3399,19,Kurta,XXXL,Turquoise Blue,False,In Stock,False,Valid SKU
JNE3400-KR-L,JNE3400,3,Kurta,L,Brown,False,Low Stock,False,Valid SKU
JNE3400-KR-M,JNE3400,2,Kurta,M,Brown,False,Low Stock,False,Valid SKU
JNE3400-KR-S,JNE3400,5,Kurta,S,Brown,False,Low Stock,False,Valid SKU
JNE3400-KR-XL,JNE3400,2,Kurta,XL,Brown,False,Low Stock,False,Valid SKU
JNE3400-KR-XS,JNE3400,19,Kurta,XS,Brown,False,In Stock,False,Valid SKU
JNE3400-KR-XXL,JNE3400,2,Kurta,XXL,Brown,False,Low Stock,False,Valid SKU
JNE3400-KR-XXXL,JNE3400,11,Kurta,XXXL,Brown,False,In Stock,False,Valid SKU
JNE3401-KR-L,JNE3401,3,Kurta,L,Brown,False,Low Stock,False,Valid SKU
JNE3401-KR-M,JNE3401,3,Kurta,M,Brown,False,Low Stock,False,Valid SKU
JNE3401-KR-S,JNE3401,4,Kurta,S,Brown,False,Low Stock,False,Valid SKU
JNE3401-KR-XL,JNE3401,0,Kurta,XL,Brown,False,Out of Stock,False,Valid SKU
JNE3401-KR-XS,JNE3401,8,Kurta,XS,Brown,False,In Stock,False,Valid SKU
JNE3401-KR-XXL,JNE3401,0,Kurta,XXL,Brown,False,Out of Stock,False,Valid SKU
JNE3401-KR-XXXL,JNE3401,1,Kurta,XXXL,Brown,False,Low Stock,False,Valid SKU
JNE3403-KR-L,JNE3403,2,Kurta,L,Maroon,False,Low Stock,False,Valid SKU
JNE3403-KR-M,JNE3403,2,Kurta,M,Maroon,False,Low Stock,False,Valid SKU
JNE3403-KR-S,JNE3403,8,Kurta,S,Maroon,False,In Stock,False,Valid SKU
JNE3403-KR-XL,JNE3403,1,Kurta,XL,Maroon,False,Low Stock,False,Valid SKU
JNE3403-KR-XS,JNE3403,39,Kurta,XS,Maroon,False,In Stock,False,Valid SKU
JNE3403-KR-XXL,JNE3403,4,Kurta,XXL,Maroon,False,Low Stock,False,Valid SKU
JNE3403-KR-XXXL,JNE3403,2,Kurta,XXXL,Maroon,False,Low Stock,False,Valid SKU
PJNE3404-KR-4XL,JNE3404,0,Kurta,4XL,Wine,False,Out of Stock,True,Duplicate / Conflicting SKU
PJNE3404-KR-5XL,JNE3404,0,Kurta,5XL,Wine,False,Out of Stock,True,Duplicate / Conflicting SKU
JNE3404-KR-L,JNE3404,35,Kurta,L,Wine,False,In Stock,False,Valid SKU
JNE3404-KR-M,JNE3404,64,Kurta,M,Wine,False,In Stock,False,Valid SKU
JNE3404-KR-S,JNE3404,71,Kurta,S,Wine,False,In Stock,False,Valid SKU
JNE3404-KR-XL,JNE3404,44,Kurta,XL,Wine,False,In Stock,False,Valid SKU
JNE3404-KR-XS,JNE3404,70,Kurta,XS,Wine,False,In Stock,False,Valid SKU
JNE3404-KR-XXL,JNE3404,6,Kurta,XXL,Wine,False,In Stock,False,Valid SKU
JNE3404-KR-XXXL,JNE3404,31,Kurta,XXXL,Wine,False,In Stock,False,Valid SKU
PJNE3405-KR-5XL,JNE3405,0,Kurta,5XL,Pink,False,Out of Stock,True,Duplicate / Conflicting SKU
PJNE3405-KR-6XL,JNE3405,0,Kurta,6XL,Pink,False,Out of Stock,True,Duplicate / Conflicting SKU
JNE3405-KR-L,JNE3405,446,Kurta,L,Pink,False,In Stock,False,Valid SKU
JNE3405-KR-M,JNE3405,432,Kurta,M,Pink,False,In Stock,False,Valid SKU
JNE3405-KR-S,JNE3405,423,Kurta,S,Pink,False,In Stock,False,Valid SKU
JNE3405-KR-XL,JNE3405,515,Kurta,XL,Pink,False,In Stock,False,Valid SKU
JNE3405-KR-XS,JNE3405,1230,Kurta,XS,Pink,False,In Stock,False,Valid SKU
JNE3405-KR-XXL,JNE3405,1234,Kurta,XXL,Pink,False,In Stock,False,Valid SKU
JNE3405-KR-XXXL,JNE3405,677,Kurta,XXXL,Pink,False,In Stock,False,Valid SKU
JNE3407-KR-L,JNE3407,3,Kurta,L,Olive Green,False,Low Stock,False,Valid SKU
JNE3407-KR-M,JNE3407,1,Kurta,M,Olive Green,False,Low Stock,False,Valid SKU
JNE3407-KR-S,JNE3407,0,Kurta,S,Olive Green,False,Out of Stock,False,Valid SKU
JNE3407-KR-XL,JNE3407,2,Kurta,XL,Olive Green,False,Low Stock,False,Valid SKU
JNE3407-KR-XS,JNE3407,4,Kurta,XS,Olive Green,False,Low Stock,False,Valid SKU
JNE3407-KR-XXL,JNE3407,2,Kurta,XXL,Olive Green,False,Low Stock,False,Valid SKU
JNE3407-KR-XXXL,JNE3407,2,Kurta,XXXL,Olive Green,False,Low Stock,False,Valid SKU
JNE3408-KR-L,JNE3408,42,Kurta,L,Black,False,In Stock,False,Valid SKU
JNE3408-KR-M,JNE3408,31,Kurta,M,Black,False,In Stock,False,Valid SKU
JNE3408-KR-S,JNE3408,0,Kurta,S,Black,False,Out of Stock,False,Valid SKU
JNE3408-KR-XL,JNE3408,27,Kurta,XL,Black,False,In Stock,False,Valid SKU
JNE3408-KR-XS,JNE3408,13,Kurta,XS,Black,False,In Stock,False,Valid SKU
JNE3408-KR-XXL,JNE3408,24,Kurta,XXL,Black,False,In Stock,False,Valid SKU
JNE3408-KR-XXXL,JNE3408,66,Kurta,XXXL,Black,False,In Stock,False,Valid SKU
JNE3412-KR-L,JNE3412,42,Kurta,L,Olive,False,In Stock,False,Valid SKU
JNE3412-KR-M,JNE3412,23,Kurta,M,Olive,False,In Stock,False,Valid SKU
JNE3412-KR-S,JNE3412,54,Kurta,S,Olive,False,In Stock,False,Valid SKU
JNE3412-KR-XL,JNE3412,34,Kurta,XL,Olive,False,In Stock,False,Valid SKU
JNE3412-KR-XS,JNE3412,23,Kurta,XS,Olive,False,In Stock,False,Valid SKU
JNE3412-KR-XXL,JNE3412,17,Kurta,XXL,Olive,False,In Stock,False,Valid SKU
JNE3412-KR-XXXL,JNE3412,4,Kurta,XXXL,Olive,False,Low Stock,False,Valid SKU
JNE3413-KR-L,JNE3413,11,Kurta,L,Navy Blue,False,In Stock,False,Valid SKU
JNE3413-KR-M,JNE3413,4,Kurta,M,Navy Blue,False,Low Stock,False,Valid SKU
JNE3413-KR-S,JNE3413,22,Kurta,S,Navy Blue,False,In Stock,False,Valid SKU
JNE3413-KR-XL,JNE3413,31,Kurta,XL,Navy Blue,False,In Stock,False,Valid SKU
JNE3413-KR-XS,JNE3413,3,Kurta,XS,Navy Blue,False,Low Stock,False,Valid SKU
JNE3413-KR-XXL,JNE3413,41,Kurta,XXL,Navy Blue,False,In Stock,False,Valid SKU
JNE3413-KR-XXXL,JNE3413,3,Kurta,XXXL,Navy Blue,False,Low Stock,False,Valid SKU
JNE3415-KR-L,JNE3415,6,Kurta,L,Red,False,In Stock,False,Valid SKU
JNE3415-KR-M,JNE3415,2,Kurta,M,Red,False,Low Stock,False,Valid SKU
JNE3415-KR-S,JNE3415,4,Kurta,S,Red,False,Low Stock,False,Valid SKU
JNE3415-KR-XL,JNE3415,2,Kurta,XL,Red,False,Low Stock,False,Valid SKU
JNE3415-KR-XS,JNE3415,10,Kurta,XS,Red,False,In Stock,False,Valid SKU
JNE3415-KR-XXL,JNE3415,4,Kurta,XXL,Red,False,Low Stock,False,Valid SKU
JNE3415-KR-XXXL,JNE3415,3,Kurta,XXXL,Red,False,Low Stock,False,Valid SKU
JNE3416-KR-L,JNE3416,16,Kurta,L,Brown,False,In Stock,False,Valid SKU
JNE3416-KR-M,JNE3416,38,Kurta,M,Brown,False,In Stock,False,Valid SKU
JNE3416-KR-S,JNE3416,47,Kurta,S,Brown,False,In Stock,False,Valid SKU
JNE3416-KR-XL,JNE3416,26,Kurta,XL,Brown,False,In Stock,False,Valid SKU
JNE3416-KR-XS,JNE3416,6,Kurta,XS,Brown,False,In Stock,False,Valid SKU
JNE3416-KR-XXL,JNE3416,32,Kurta,XXL,Brown,False,In Stock,False,Valid SKU
JNE3417-KR-L,JNE3417,20,Kurta,L,Red,False,In Stock,False,Valid SKU
JNE3417-KR-M,JNE3417,27,Kurta,M,Red,False,In Stock,False,Valid SKU
JNE3417-KR-S,JNE3417,45,Kurta,S,Red,False,In Stock,False,Valid SKU
JNE3417-KR-XL,JNE3417,27,Kurta,XL,Red,False,In Stock,False,Valid SKU
JNE3417-KR-XXL,JNE3417,21,Kurta,XXL,Red,False,In Stock,False,Valid SKU
JNE3420-KR-L,JNE3420,5,Kurta,L,Pink,False,Low Stock,False,Valid SKU
JNE3420-KR-M,JNE3420,6,Kurta,M,Pink,False,In Stock,False,Valid SKU
JNE3420-KR-S,JNE3420,9,Kurta,S,Pink,False,In Stock,False,Valid SKU
JNE3420-KR-XL,JNE3420,4,Kurta,XL,Pink,False,Low Stock,False,Valid SKU
JNE3420-KR-XXL,JNE3420,2,Kurta,XXL,Pink,False,Low Stock,False,Valid SKU
,JNE3421,0,Kurta,4XL,Grey,True,Out of Stock,False,Missing / Invalid SKU
,JNE3421,0,Kurta,5XL,Grey,True,Out of Stock,False,Missing / Invalid SKU
,JNE3421,0,Kurta,6XL,Grey,True,Out of Stock,False,Missing / Invalid SKU
JNE3421-KR-L,JNE3421,20,Kurta,L,Grey,False,In Stock,False,Valid SKU
JNE3421-KR-M,JNE3421,10,Kurta,M,Grey,False,In Stock,False,Valid SKU
JNE3421-KR-S,JNE3421,17,Kurta,S,Grey,False,In Stock,False,Valid SKU
JNE3421-KR-XL,JNE3421,8,Kurta,XL,Grey,False,In Stock,False,Valid SKU
JNE3421-KR-XXL,JNE3421,3,Kurta,XXL,Grey,False,Low Stock,False,Valid SKU
JNE3421-KR-XXXL,JNE3421,122,Kurta,XXXL,Grey,False,In Stock,False,Valid SKU
JNE3422-KR-L,JNE3422,3,Kurta,L,Pink,False,Low Stock,False,Valid SKU
JNE3422-KR-M,JNE3422,6,Kurta,M,Pink,False,In Stock,False,Valid SKU
JNE3422-KR-S,JNE3422,7,Kurta,S,Pink,False,In Stock,False,Valid SKU
JNE3422-KR-XL,JNE3422,4,Kurta,XL,Pink,False,Low Stock,False,Valid SKU
JNE3422-KR-XS,JNE3422,3,Kurta,XS,Pink,False,Low Stock,False,Valid SKU
JNE3422-KR-XXL,JNE3422,5,Kurta,XXL,Pink,False,Low Stock,False,Valid SKU
JNE3422-KR-XXXL,JNE3422,2,Kurta,XXXL,Pink,False,Low Stock,False,Valid SKU
,JNE3423,0,Kurta,5XL,Black,True,Out of Stock,False,Missing / Invalid SKU
JNE3423-KR-L,JNE3423,26,Kurta,L,Black,False,In Stock,False,Valid SKU
JNE3423-KR-M,JNE3423,136,Kurta,M,Black,False,In Stock,False,Valid SKU
JNE3423-KR-S,JNE3423,5,Kurta,S,Black,False,Low Stock,False,Valid SKU
JNE3423-KR-XL,JNE3423,32,Kurta,XL,Black,False,In Stock,False,Valid SKU
JNE3423-KR-XS,JNE3423,10,Kurta,XS,Black,False,In Stock,False,Valid SKU
JNE3423-KR-XXL,JNE3423,1,Kurta,XXL,Black,False,Low Stock,False,Valid SKU
JNE3423-KR-XXXL,JNE3423,0,Kurta,XXXL,Black,False,Out of Stock,False,Valid SKU
JNE3424-KR-L,JNE3424,14,Kurta,L,Blue,False,In Stock,False,Valid SKU
JNE3424-KR-M,JNE3424,10,Kurta,M,Blue,False,In Stock,False,Valid SKU
JNE3424-KR-S,JNE3424,11,Kurta,S,Blue,False,In Stock,False,Valid SKU
JNE3424-KR-XL,JNE3424,15,Kurta,XL,Blue,False,In Stock,False,Valid SKU
JNE3424-KR-XS,JNE3424,4,Kurta,XS,Blue,False,Low Stock,False,Valid SKU
JNE3424-KR-XXL,JNE3424,11,Kurta,XXL,Blue,False,In Stock,False,Valid SKU
JNE3424-KR-XXXL,JNE3424,1,Kurta,XXXL,Blue,False,Low Stock,False,Valid SKU
JNE3425-KR-L,JNE3425,21,Kurta,L,Pink,False,In Stock,False,Valid SKU
JNE3425-KR-M,JNE3425,28,Kurta,M,Pink,False,In Stock,False,Valid SKU
JNE3425-KR-S,JNE3425,31,Kurta,S,Pink,False,In Stock,False,Valid SKU
JNE3425-KR-XL,JNE3425,12,Kurta,XL,Pink,False,In Stock,False,Valid SKU
JNE3425-KR-XS,JNE3425,16,Kurta,XS,Pink,False,In Stock,False,Valid SKU
JNE3425-KR-XXL,JNE3425,15,Kurta,XXL,Pink,False,In Stock,False,Valid SKU
JNE3425-KR-XXXL,JNE3425,5,Kurta,XXXL,Pink,False,Low Stock,False,Valid SKU
JNE3426-KR-M,JNE3426,2,Kurta,M,Turquoise,False,Low Stock,False,Valid SKU
JNE3426-KR-S,JNE3426,2,Kurta,S,Turquoise,False,Low Stock,False,Valid SKU
JNE3426-KR-XL,JNE3426,2,Kurta,XL,Turquoise,False,Low Stock,False,Valid SKU
JNE3426-KR-XS,JNE3426,4,Kurta,XS,Turquoise,False,Low Stock,False,Valid SKU
JNE3427-KR-L,JNE3427,3,Kurta,L,Grey,False,Low Stock,False,Valid SKU
JNE3427-KR-M,JNE3427,4,Kurta,M,Grey,False,Low Stock,False,Valid SKU
JNE3427-KR-S,JNE3427,5,Kurta,S,Grey,False,Low Stock,False,Valid SKU
JNE3427-KR-XL,JNE3427,5,Kurta,XL,Grey,False,Low Stock,False,Valid SKU
JNE3427-KR-XS,JNE3427,1,Kurta,XS,Grey,False,Low Stock,False,Valid SKU
JNE3427-KR-XXL,JNE3427,3,Kurta,XXL,Grey,False,Low Stock,False,Valid SKU
JNE3427-KR-XXXL,JNE3427,0,Kurta,XXXL,Grey,False,Out of Stock,False,Valid SKU
JNE3428-KR-L,JNE3428,1,Kurta,L,Dark Blue,False,Low Stock,False,Valid SKU
JNE3428-KR-M,JNE3428,3,Kurta,M,Dark Blue,False,Low Stock,False,Valid SKU
JNE3428-KR-S,JNE3428,9,Kurta,S,Dark Blue,False,In Stock,False,Valid SKU
JNE3428-KR-XL,JNE3428,3,Kurta,XL,Dark Blue,False,Low Stock,False,Valid SKU
JNE3428-KR-XS,JNE3428,2,Kurta,XS,Dark Blue,False,Low Stock,False,Valid SKU
JNE3428-KR-XXL,JNE3428,2,Kurta,XXL,Dark Blue,False,Low Stock,False,Valid SKU
JNE3428-KR-XXXL,JNE3428,0,Kurta,XXXL,Dark Blue,False,Out of Stock,False,Valid SKU
JNE3429-KR-L,JNE3429,10,Kurta,L,Light Green,False,In Stock,False,Valid SKU
JNE3429-KR-M,JNE3429,18,Kurta,M,Light Green,False,In Stock,False,Valid SKU
JNE3429-KR-S,JNE3429,29,Kurta,S,Light Green,False,In Stock,False,Valid SKU
JNE3429-KR-XL,JNE3429,15,Kurta,XL,Light Green,False,In Stock,False,Valid SKU
JNE3429-KR-XS,JNE3429,7,Kurta,XS,Light Green,False,In Stock,False,Valid SKU
JNE3429-KR-XXL,JNE3429,13,Kurta,XXL,Light Green,False,In Stock,False,Valid SKU
JNE3429-KR-XXXL,JNE3429,3,Kurta,XXXL,Light Green,False,Low Stock,False,Valid SKU
JNE3430-KR-L,JNE3430,13,Kurta,L,Yellow,False,In Stock,False,Valid SKU
JNE3430-KR-M,JNE3430,9,Kurta,M,Yellow,False,In Stock,False,Valid SKU
JNE3430-KR-S,JNE3430,15,Kurta,S,Yellow,False,In Stock,False,Valid SKU
JNE3430-KR-XL,JNE3430,8,Kurta,XL,Yellow,False,In Stock,False,Valid SKU
JNE3430-KR-XS,JNE3430,2,Kurta,XS,Yellow,False,Low Stock,False,Valid SKU
JNE3430-KR-XXL,JNE3430,11,Kurta,XXL,Yellow,False,In Stock,False,Valid SKU
JNE3431-KR-L,JNE3431,32,Kurta,L,Maroon,False,In Stock,False,Valid SKU
JNE3431-KR-M,JNE3431,40,Kurta,M,Maroon,False,In Stock,False,Valid SKU
JNE3431-KR-S,JNE3431,32,Kurta,S,Maroon,False,In Stock,False,Valid SKU
JNE3431-KR-XL,JNE3431,13,Kurta,XL,Maroon,False,In Stock,False,Valid SKU
JNE3431-KR-XS,JNE3431,8,Kurta,XS,Maroon,False,In Stock,False,Valid SKU
JNE3431-KR-XXL,JNE3431,5,Kurta,XXL,Maroon,False,Low Stock,False,Valid SKU
JNE3431-KR-XXXL,JNE3431,2,Kurta,XXXL,Maroon,False,Low Stock,False,Valid SKU
JNE3432-KR-L,JNE3432,12,Kurta,L,Red,False,In Stock,False,Valid SKU
JNE3432-KR-M,JNE3432,23,Kurta,M,Red,False,In Stock,False,Valid SKU
JNE3432-KR-S,JNE3432,5,Kurta,S,Red,False,Low Stock,False,Valid SKU
JNE3432-KR-XL,JNE3432,8,Kurta,XL,Red,False,In Stock,False,Valid SKU
JNE3432-KR-XS,JNE3432,12,Kurta,XS,Red,False,In Stock,False,Valid SKU
JNE3432-KR-XXL,JNE3432,4,Kurta,XXL,Red,False,Low Stock,False,Valid SKU
JNE3432-KR-XXXL,JNE3432,21,Kurta,XXXL,Red,False,In Stock,False,Valid SKU
JNE3434-KR-L,JNE3434,2,Kurta,L,Mustard,False,Low Stock,False,Valid SKU
JNE3434-KR-M,JNE3434,5,Kurta,M,Mustard,False,Low Stock,False,Valid SKU
JNE3434-KR-S,JNE3434,6,Kurta,S,Mustard,False,In Stock,False,Valid SKU
JNE3434-KR-XL,JNE3434,5,Kurta,XL,Mustard,False,Low Stock,False,Valid SKU
JNE3434-KR-XS,JNE3434,6,Kurta,XS,Mustard,False,In Stock,False,Valid SKU
JNE3434-KR-XXL,JNE3434,3,Kurta,XXL,Mustard,False,Low Stock,False,Valid SKU
JNE3434-KR-XXXL,JNE3434,2,Kurta,XXXL,Mustard,False,Low Stock,False,Valid SKU
JNE3435-KR-L,JNE3435,96,Kurta,L,Pink,False,In Stock,False,Valid SKU
JNE3435-KR-M,JNE3435,268,Kurta,M,Pink,False,In Stock,False,Valid SKU
JNE3435-KR-S,JNE3435,490,Kurta,S,Pink,False,In Stock,False,Valid SKU
JNE3435-KR-XL,JNE3435,107,Kurta,XL,Pink,False,In Stock,False,Valid SKU
JNE3435-KR-XS,JNE3435,135,Kurta,XS,Pink,False,In Stock,False,Valid SKU
JNE3435-KR-XXL,JNE3435,65,Kurta,XXL,Pink,False,In Stock,False,Valid SKU
JNE3435-KR-XXxL,JNE3435,16,Kurta,XXXL,Pink,False,In Stock,False,Valid SKU
JNE3436-KR-L,JNE3436,5,Kurta,L,White,False,Low Stock,False,Valid SKU
JNE3436-KR-M,JNE3436,1,Kurta,M,White,False,Low Stock,False,Valid SKU
JNE3436-KR-S,JNE3436,3,Kurta,S,White,False,Low Stock,False,Valid SKU
JNE3436-KR-XL,JNE3436,5,Kurta,XL,White,False,Low Stock,False,Valid SKU
JNE3436-KR-XS,JNE3436,3,Kurta,XS,White,False,Low Stock,False,Valid SKU
JNE3436-KR-XXL,JNE3436,1,Kurta,XXL,White,False,Low Stock,False,Valid SKU
JNE3436-KR-XXxL,JNE3436,5,Kurta,XXXL,White,False,Low Stock,False,Valid SKU
JNE3437-KR-L,JNE3437,11,Kurta,L,Mustard,False,In Stock,False,Valid SKU
JNE3437-KR-M,JNE3437,47,Kurta,M,Mustard,False,In Stock,False,Valid SKU
JNE3437-KR-S,JNE3437,88,Kurta,S,Mustard,False,In Stock,False,Valid SKU
JNE3437-KR-XL,JNE3437,31,Kurta,XL,Mustard,False,In Stock,False,Valid SKU
JNE3437-KR-XS,JNE3437,47,Kurta,XS,Mustard,False,In Stock,False,Valid SKU
JNE3437-KR-XXL,JNE3437,59,Kurta,XXL,Mustard,False,In Stock,False,Valid SKU
JNE3437-KR-XXXL,JNE3437,122,Kurta,XXXL,Mustard,False,In Stock,False,Valid SKU
JNE3438-KR-L,JNE3438,3,Kurta,L,Light Green,False,Low Stock,False,Valid SKU
JNE3438-KR-M,JNE3438,7,Kurta,M,Light Green,False,In Stock,False,Valid SKU
JNE3438-KR-S,JNE3438,28,Kurta,S,Light Green,False,In Stock,False,Valid SKU
JNE3438-KR-XL,JNE3438,4,Kurta,XL,Light Green,False,Low Stock,False,Valid SKU
JNE3438-KR-XS,JNE3438,7,Kurta,XS,Light Green,False,In Stock,False,Valid SKU
JNE3438-KR-XXL,JNE3438,6,Kurta,XXL,Light Green,False,In Stock,False,Valid SKU
JNE3438-KR-XXXL,JNE3438,1,Kurta,XXXL,Light Green,False,Low Stock,False,Valid SKU
JNE3439-KR-4XL,JNE3439,1,Kurta,4XL,Blue,False,Low Stock,False,Valid SKU
JNE3439-KR-5XL,JNE3439,0,Kurta,5XL,Blue,False,Out of Stock,False,Valid SKU
JNE3439-KR-L,JNE3439,55,Kurta,L,Blue,False,In Stock,False,Valid SKU
JNE3439-KR-M,JNE3439,99,Kurta,M,Blue,False,In Stock,False,Valid SKU
JNE3439-KR-S,JNE3439,104,Kurta,S,Blue,False,In Stock,False,Valid SKU
JNE3439-KR-XL,JNE3439,49,Kurta,XL,Blue,False,In Stock,False,Valid SKU
JNE3439-KR-XS,JNE3439,47,Kurta,XS,Blue,False,In Stock,False,Valid SKU
JNE3439-KR-XXL,JNE3439,94,Kurta,XXL,Blue,False,In Stock,False,Valid SKU
JNE3439-KR-XXXL,JNE3439,15,Kurta,XXXL,Blue,False,In Stock,False,Valid SKU
,JNE3440,0,Kurta,5XL,White,True,Out of Stock,False,Missing / Invalid SKU
,JNE3440,0,Kurta,6XL,White,True,Out of Stock,False,Missing / Invalid SKU
JNE3440-KR-L,JNE3440,156,Kurta,L,White,False,In Stock,False,Valid SKU
JNE3440-KR-M,JNE3440,170,Kurta,M,White,False,In Stock,False,Valid SKU
JNE3440-KR-S,JNE3440,345,Kurta,S,White,False,In Stock,False,Valid SKU
JNE3440-KR-XL,JNE3440,242,Kurta,XL,White,False,In Stock,False,Valid SKU
JNE3440-KR-XS,JNE3440,16,Kurta,XS,White,False,In Stock,False,Valid SKU
JNE3440-KR-XXL,JNE3440,123,Kurta,XXL,White,False,In Stock,False,Valid SKU
JNE3440-KR-XXXL,JNE3440,37,Kurta,XXXL,White,False,In Stock,False,Valid SKU
JNE3441-KR-L,JNE3441,92,Kurta,L,Pink,False,In Stock,False,Valid SKU
JNE3441-KR-M,JNE3441,77,Kurta,M,Pink,False,In Stock,False,Valid SKU
JNE3441-KR-S,JNE3441,53,Kurta,S,Pink,False,In Stock,False,Valid SKU
JNE3441-KR-XL,JNE3441,18,Kurta,XL,Pink,False,In Stock,False,Valid SKU
JNE3441-KR-XS,JNE3441,13,Kurta,XS,Pink,False,In Stock,False,Valid SKU
JNE3441-KR-XXL,JNE3441,17,Kurta,XXL,Pink,False,In Stock,False,Valid SKU
JNE3441-KR-XXxL,JNE3441,13,Kurta,XXXL,Pink,False,In Stock,False,Valid SKU
JNE3443-KR-L,JNE3443,99,Kurta,L,Beige,False,In Stock,False,Valid SKU
JNE3443-KR-M,JNE3443,103,Kurta,M,Beige,False,In Stock,False,Valid SKU
JNE3443-KR-S,JNE3443,176,Kurta,S,Beige,False,In Stock,False,Valid SKU
JNE3443-KR-XL,JNE3443,146,Kurta,XL,Beige,False,In Stock,False,Valid SKU
JNE3443-KR-XS,JNE3443,4,Kurta,XS,Beige,False,Low Stock,False,Valid SKU
JNE3443-KR-XXL,JNE3443,89,Kurta,XXL,Beige,False,In Stock,False,Valid SKU
JNE3443-KR-XXXL,JNE3443,32,Kurta,XXXL,Beige,False,In Stock,False,Valid SKU
,JNE3445,0,Kurta,5XL,White,True,Out of Stock,False,Missing / Invalid SKU
,JNE3445,0,Kurta,6XL,White,True,Out of Stock,False,Missing / Invalid SKU
JNE3445-KR-L,JNE3445,1,Kurta,L,White,False,Low Stock,False,Valid SKU
JNE3445-KR-M,JNE3445,1,Kurta,M,White,False,Low Stock,False,Valid SKU
JNE3445-KR-S,JNE3445,57,Kurta,S,White,False,In Stock,False,Valid SKU
JNE3445-KR-XL,JNE3445,4,Kurta,XL,White,False,Low Stock,False,Valid SKU
JNE3445-KR-XS,JNE3445,7,Kurta,XS,White,False,In Stock,False,Valid SKU
JNE3445-KR-XXL,JNE3445,7,Kurta,XXL,White,False,In Stock,False,Valid SKU
JNE3445-KR-XXXL,JNE3445,2,Kurta,XXXL,White,False,Low Stock,False,Valid SKU
JNE3446-KR-L,JNE3446,2,Kurta,L,Grey,False,Low Stock,False,Valid SKU
JNE3446-KR-M,JNE3446,1,Kurta,M,Grey,False,Low Stock,False,Valid SKU
JNE3446-KR-S,JNE3446,3,Kurta,S,Grey,False,Low Stock,False,Valid SKU
JNE3446-KR-XL,JNE3446,1,Kurta,XL,Grey,False,Low Stock,False,Valid SKU
JNE3446-KR-XS,JNE3446,1,Kurta,XS,Grey,False,Low Stock,False,Valid SKU
JNE3446-KR-XXL,JNE3446,1,Kurta,XXL,Grey,False,Low Stock,False,Valid SKU
JNE3446-KR-XXXL,JNE3446,0,Kurta,XXXL,Grey,False,Out of Stock,False,Valid SKU
JNE3447-KR-L,JNE3447,3,Kurta,L,Beige,False,Low Stock,False,Valid SKU
JNE3447-KR-M,JNE3447,4,Kurta,M,Beige,False,Low Stock,False,Valid SKU
JNE3447-KR-S,JNE3447,8,Kurta,S,Beige,False,In Stock,False,Valid SKU
JNE3447-KR-XL,JNE3447,0,Kurta,XL,Beige,False,Out of Stock,False,Valid SKU
JNE3447-KR-XS,JNE3447,4,Kurta,XS,Beige,False,Low Stock,False,Valid SKU
JNE3447-KR-XXL,JNE3447,2,Kurta,XXL,Beige,False,Low Stock,False,Valid SKU
JNE3447-KR-XXXL,JNE3447,2,Kurta,XXXL,Beige,False,Low Stock,False,Valid SKU
JNE3449-KR-L,JNE3449,3,Kurta,L,Black,False,Low Stock,False,Valid SKU
JNE3449-KR-M,JNE3449,4,Kurta,M,Black,False,Low Stock,False,Valid SKU
JNE3449-KR-S,JNE3449,7,Kurta,S,Black,False,In Stock,False,Valid SKU
JNE3449-KR-XL,JNE3449,5,Kurta,XL,Black,False,Low Stock,False,Valid SKU
JNE3449-KR-XS,JNE3449,7,Kurta,XS,Black,False,In Stock,False,Valid SKU
JNE3449-KR-XXL,JNE3449,3,Kurta,XXL,Black,False,Low Stock,False,Valid SKU
JNE3449-KR-XXXL,JNE3449,3,Kurta,XXXL,Black,False,Low Stock,False,Valid SKU
JNE3450-KR-L,JNE3450,6,Kurta,L,Pink,False,In Stock,False,Valid SKU
JNE3450-KR-M,JNE3450,7,Kurta,M,Pink,False,In Stock,False,Valid SKU
JNE3450-KR-S,JNE3450,42,Kurta,S,Pink,False,In Stock,False,Valid SKU
JNE3450-KR-XL,JNE3450,31,Kurta,XL,Pink,False,In Stock,False,Valid SKU
JNE3450-KR-XS,JNE3450,17,Kurta,XS,Pink,False,In Stock,False,Valid SKU
JNE3450-KR-XXL,JNE3450,42,Kurta,XXL,Pink,False,In Stock,False,Valid SKU
JNE3450-KR-XXXL,JNE3450,1,Kurta,XXXL,Pink,False,Low Stock,False,Valid SKU
JNE3451-KR-L,JNE3451,35,Kurta,L,Light Pink,False,In Stock,False,Valid SKU
JNE3451-KR-M,JNE3451,57,Kurta,M,Light Pink,False,In Stock,False,Valid SKU
JNE3451-KR-S,JNE3451,68,Kurta,S,Light Pink,False,In Stock,False,Valid SKU
JNE3451-KR-XL,JNE3451,58,Kurta,XL,Light Pink,False,In Stock,False,Valid SKU
JNE3451-KR-XS,JNE3451,20,Kurta,XS,Light Pink,False,In Stock,False,Valid SKU
JNE3451-KR-XXL,JNE3451,40,Kurta,XXL,Light Pink,False,In Stock,False,Valid SKU
JNE3451-KR-XXXL,JNE3451,6,Kurta,XXXL,Light Pink,False,In Stock,False,Valid SKU
JNE3452-KR-L,JNE3452,4,Kurta,L,Navy Blue,False,Low Stock,False,Valid SKU
JNE3452-KR-M,JNE3452,6,Kurta,M,Navy Blue,False,In Stock,False,Valid SKU
JNE3452-KR-S,JNE3452,12,Kurta,S,Navy Blue,False,In Stock,False,Valid SKU
JNE3452-KR-XL,JNE3452,2,Kurta,XL,Navy Blue,False,Low Stock,False,Valid SKU
JNE3452-KR-XS,JNE3452,7,Kurta,XS,Navy Blue,False,In Stock,False,Valid SKU
JNE3452-KR-XXL,JNE3452,7,Kurta,XXL,Navy Blue,False,In Stock,False,Valid SKU
JNE3452-KR-XXXL,JNE3452,1,Kurta,XXXL,Navy Blue,False,Low Stock,False,Valid SKU
JNE3453-KR-L,JNE3453,43,Kurta,L,Yellow,False,In Stock,False,Valid SKU
JNE3453-KR-M,JNE3453,42,Kurta,M,Yellow,False,In Stock,False,Valid SKU
JNE3453-KR-S,JNE3453,53,Kurta,S,Yellow,False,In Stock,False,Valid SKU
JNE3453-KR-XL,JNE3453,55,Kurta,XL,Yellow,False,In Stock,False,Valid SKU
JNE3453-KR-XS,JNE3453,3,Kurta,XS,Yellow,False,Low Stock,False,Valid SKU
JNE3453-KR-XXL,JNE3453,21,Kurta,XXL,Yellow,False,In Stock,False,Valid SKU
JNE3454-KR-L,JNE3454,28,Kurta,L,Peach,False,In Stock,False,Valid SKU
JNE3454-KR-M,JNE3454,52,Kurta,M,Peach,False,In Stock,False,Valid SKU
JNE3454-KR-S,JNE3454,83,Kurta,S,Peach,False,In Stock,False,Valid SKU
JNE3454-KR-XL,JNE3454,63,Kurta,XL,Peach,False,In Stock,False,Valid SKU
JNE3454-KR-XS,JNE3454,24,Kurta,XS,Peach,False,In Stock,False,Valid SKU
JNE3454-KR-XXL,JNE3454,33,Kurta,XXL,Peach,False,In Stock,False,Valid SKU
JNE3454-KR-XXXL,JNE3454,9,Kurta,XXXL,Peach,False,In Stock,False,Valid SKU
JNE3455-KR-L,JNE3455,7,Kurta,L,Black,False,In Stock,False,Valid SKU
JNE3455-KR-M,JNE3455,18,Kurta,M,Black,False,In Stock,False,Valid SKU
JNE3455-KR-S,JNE3455,16,Kurta,S,Black,False,In Stock,False,Valid SKU
JNE3455-KR-XL,JNE3455,15,Kurta,XL,Black,False,In Stock,False,Valid SKU
JNE3455-KR-XS,JNE3455,1,Kurta,XS,Black,False,Low Stock,False,Valid SKU
JNE3455-KR-XXL,JNE3455,13,Kurta,XXL,Black,False,In Stock,False,Valid SKU
JNE3455-KR-XXXL,JNE3455,1,Kurta,XXXL,Black,False,Low Stock,False,Valid SKU
JNE3456-KR-L,JNE3456,3,Kurta,L,Brown,False,Low Stock,False,Valid SKU
JNE3456-KR-M,JNE3456,3,Kurta,M,Brown,False,Low Stock,False,Valid SKU
JNE3456-KR-S,JNE3456,5,Kurta,S,Brown,False,Low Stock,False,Valid SKU
JNE3456-KR-XL,JNE3456,5,Kurta,XL,Brown,False,Low Stock,False,Valid SKU
JNE3456-KR-XS,JNE3456,1,Kurta,XS,Brown,False,Low Stock,False,Valid SKU
JNE3456-KR-XXL,JNE3456,3,Kurta,XXL,Brown,False,Low Stock,False,Valid SKU
JNE3456-KR-XXXL,JNE3456,1,Kurta,XXXL,Brown,False,Low Stock,False,Valid SKU
JNE3457-KR-L,JNE3457,37,Kurta,L,Turquoise Blue,False,In Stock,False,Valid SKU
JNE3457-KR-M,JNE3457,46,Kurta,M,Turquoise Blue,False,In Stock,False,Valid SKU
JNE3457-KR-S,JNE3457,28,Kurta,S,Turquoise Blue,False,In Stock,False,Valid SKU
JNE3457-KR-XL,JNE3457,27,Kurta,XL,Turquoise Blue,False,In Stock,False,Valid SKU
JNE3457-KR-XS,JNE3457,30,Kurta,XS,Turquoise Blue,False,In Stock,False,Valid SKU
JNE3457-KR-XXL,JNE3457,35,Kurta,XXL,Turquoise Blue,False,In Stock,False,Valid SKU
JNE3457-KR-XXXL,JNE3457,88,Kurta,XXXL,Turquoise Blue,False,In Stock,False,Valid SKU
JNE3458-KR-L,JNE3458,3,Kurta,L,Brown,False,Low Stock,False,Valid SKU
JNE3458-KR-M,JNE3458,24,Kurta,M,Brown,False,In Stock,False,Valid SKU
JNE3458-KR-S,JNE3458,35,Kurta,S,Brown,False,In Stock,False,Valid SKU
JNE3458-KR-XL,JNE3458,5,Kurta,XL,Brown,False,Low Stock,False,Valid SKU
JNE3458-KR-XS,JNE3458,53,Kurta,XS,Brown,False,In Stock,False,Valid SKU
JNE3458-KR-XXL,JNE3458,12,Kurta,XXL,Brown,False,In Stock,False,Valid SKU
JNE3458-KR-XXXL,JNE3458,9,Kurta,XXXL,Brown,False,In Stock,False,Valid SKU
JNE3459-KR-L,JNE3459,21,Kurta,L,Navy Blue,False,In Stock,False,Valid SKU
JNE3459-KR-M,JNE3459,33,Kurta,M,Navy Blue,False,In Stock,False,Valid SKU
JNE3459-KR-S,JNE3459,8,Kurta,S,Navy Blue,False,In Stock,False,Valid SKU
JNE3459-KR-XL,JNE3459,2,Kurta,XL,Navy Blue,False,Low Stock,False,Valid SKU
JNE3459-KR-XS,JNE3459,11,Kurta,XS,Navy Blue,False,In Stock,False,Valid SKU
JNE3459-KR-XXL,JNE3459,6,Kurta,XXL,Navy Blue,False,In Stock,False,Valid SKU
JNE3459-KR-XXXL,JNE3459,5,Kurta,XXXL,Navy Blue,False,Low Stock,False,Valid SKU
JNE3460-KR-L,JNE3460,24,Kurta,L,Maroon,False,In Stock,False,Valid SKU
JNE3460-KR-M,JNE3460,32,Kurta,M,Maroon,False,In Stock,False,Valid SKU
JNE3460-KR-S,JNE3460,60,Kurta,S,Maroon,False,In Stock,False,Valid SKU
JNE3460-KR-XL,JNE3460,32,Kurta,XL,Maroon,False,In Stock,False,Valid SKU
JNE3460-KR-XS,JNE3460,21,Kurta,XS,Maroon,False,In Stock,False,Valid SKU
JNE3460-KR-XXL,JNE3460,27,Kurta,XXL,Maroon,False,In Stock,False,Valid SKU
JNE3461-KR-L,JNE3461,4,Kurta,L,Teal,False,Low Stock,False,Valid SKU
JNE3461-KR-M,JNE3461,5,Kurta,M,Teal,False,Low Stock,False,Valid SKU
JNE3461-KR-S,JNE3461,53,Kurta,S,Teal,False,In Stock,False,Valid SKU
JNE3461-KR-XL,JNE3461,2,Kurta,XL,Teal,False,Low Stock,False,Valid SKU
JNE3461-KR-XS,JNE3461,80,Kurta,XS,Teal,False,In Stock,False,Valid SKU
JNE3461-KR-XXL,JNE3461,2,Kurta,XXL,Teal,False,Low Stock,False,Valid SKU
JNE3461-KR-XXXL,JNE3461,0,Kurta,XXXL,Teal,False,Out of Stock,False,Valid SKU
JNE3462-KR-L,JNE3462,16,Kurta,L,Mustard,False,In Stock,False,Valid SKU
JNE3462-KR-M,JNE3462,23,Kurta,M,Mustard,False,In Stock,False,Valid SKU
JNE3462-KR-S,JNE3462,32,Kurta,S,Mustard,False,In Stock,False,Valid SKU
JNE3462-KR-XL,JNE3462,25,Kurta,XL,Mustard,False,In Stock,False,Valid SKU
JNE3462-KR-XS,JNE3462,4,Kurta,XS,Mustard,False,Low Stock,False,Valid SKU
JNE3462-KR-XXL,JNE3462,19,Kurta,XXL,Mustard,False,In Stock,False,Valid SKU
JNE3462-KR-XXXL,JNE3462,1,Kurta,XXXL,Mustard,False,Low Stock,False,Valid SKU
JNE3463-KR-L,JNE3463,235,Kurta,L,Light Green,False,In Stock,False,Valid SKU
JNE3463-KR-M,JNE3463,153,Kurta,M,Light Green,False,In Stock,False,Valid SKU
JNE3463-KR-S,JNE3463,107,Kurta,S,Light Green,False,In Stock,False,Valid SKU
JNE3463-KR-XL,JNE3463,145,Kurta,XL,Light Green,False,In Stock,False,Valid SKU
JNE3463-KR-XS,JNE3463,90,Kurta,XS,Light Green,False,In Stock,False,Valid SKU
JNE3463-KR-XXL,JNE3463,98,Kurta,XXL,Light Green,False,In Stock,False,Valid SKU
JNE3463-KR-XXXL,JNE3463,154,Kurta,XXXL,Light Green,False,In Stock,False,Valid SKU
JNE3464-KR-M,JNE3464,2,Kurta,M,Teal,False,Low Stock,False,Valid SKU
JNE3464-KR-S,JNE3464,18,Kurta,S,Teal,False,In Stock,False,Valid SKU
JNE3464-KR-XL,JNE3464,6,Kurta,XL,Teal,False,In Stock,False,Valid SKU
JNE3464-KR-XS,JNE3464,21,Kurta,XS,Teal,False,In Stock,False,Valid SKU
JNE3465-KR-L,JNE3465,108,Kurta,L,Turquoise Blue,False,In Stock,False,Valid SKU
JNE3465-KR-M,JNE3465,131,Kurta,M,Turquoise Blue,False,In Stock,False,Valid SKU
JNE3465-KR-S,JNE3465,46,Kurta,S,Turquoise Blue,False,In Stock,False,Valid SKU
JNE3465-KR-XL,JNE3465,100,Kurta,XL,Turquoise Blue,False,In Stock,False,Valid SKU
JNE3465-KR-XS,JNE3465,46,Kurta,XS,Turquoise Blue,False,In Stock,False,Valid SKU
JNE3465-KR-XXL,JNE3465,98,Kurta,XXL,Turquoise Blue,False,In Stock,False,Valid SKU
JNE3465-KR-XXXL,JNE3465,121,Kurta,XXXL,Turquoise Blue,False,In Stock,False,Valid SKU
JNE3466-KR-L,JNE3466,4,Kurta,L,Grey,False,Low Stock,False,Valid SKU
JNE3466-KR-M,JNE3466,4,Kurta,M,Grey,False,Low Stock,False,Valid SKU
JNE3466-KR-S,JNE3466,12,Kurta,S,Grey,False,In Stock,False,Valid SKU
JNE3466-KR-XL,JNE3466,2,Kurta,XL,Grey,False,Low Stock,False,Valid SKU
JNE3466-KR-XS,JNE3466,11,Kurta,XS,Grey,False,In Stock,False,Valid SKU
JNE3466-KR-XXL,JNE3466,4,Kurta,XXL,Grey,False,Low Stock,False,Valid SKU
JNE3466-KR-XXXL,JNE3466,2,Kurta,XXXL,Grey,False,Low Stock,False,Valid SKU
JNE3467-KR-L,JNE3467,2,Kurta,L,Black,False,Low Stock,False,Valid SKU
JNE3467-KR-M,JNE3467,5,Kurta,M,Black,False,Low Stock,False,Valid SKU
JNE3467-KR-S,JNE3467,4,Kurta,S,Black,False,Low Stock,False,Valid SKU
JNE3467-KR-XL,JNE3467,4,Kurta,XL,Black,False,Low Stock,False,Valid SKU
JNE3467-KR-XS,JNE3467,9,Kurta,XS,Black,False,In Stock,False,Valid SKU
JNE3467-KR-XXL,JNE3467,2,Kurta,XXL,Black,False,Low Stock,False,Valid SKU
JNE3467-KR-XXXL,JNE3467,4,Kurta,XXXL,Black,False,Low Stock,False,Valid SKU
JNE3468-KR-L,JNE3468,200,Kurta,L,Teal,False,In Stock,False,Valid SKU
JNE3468-KR-M,JNE3468,192,Kurta,M,Teal,False,In Stock,False,Valid SKU
JNE3468-KR-S,JNE3468,100,Kurta,S,Teal,False,In Stock,False,Valid SKU
JNE3468-KR-XL,JNE3468,197,Kurta,XL,Teal,False,In Stock,False,Valid SKU
JNE3468-KR-XS,JNE3468,20,Kurta,XS,Teal,False,In Stock,False,Valid SKU
JNE3468-KR-XXL,JNE3468,139,Kurta,XXL,Teal,False,In Stock,False,Valid SKU
JNE3468-KR-XXXL,JNE3468,67,Kurta,XXXL,Teal,False,In Stock,False,Valid SKU
JNE3469-KR-M,JNE3469,1,Kurta,M,Grey,False,Low Stock,False,Valid SKU
JNE3469-KR-S,JNE3469,2,Kurta,S,Grey,False,Low Stock,False,Valid SKU
JNE3469-KR-XL,JNE3469,2,Kurta,XL,Grey,False,Low Stock,False,Valid SKU
JNE3469-KR-XS,JNE3469,0,Kurta,XS,Grey,False,Out of Stock,False,Valid SKU
JNE3469-KR-XXL,JNE3469,1,Kurta,XXL,Grey,False,Low Stock,False,Valid SKU
JNE3469-KR-XXXL,JNE3469,1,Kurta,XXXL,Grey,False,Low Stock,False,Valid SKU
JNE3470-KR-L,JNE3470,33,Kurta,L,Peach,False,In Stock,False,Valid SKU
JNE3470-KR-M,JNE3470,36,Kurta,M,Peach,False,In Stock,False,Valid SKU
JNE3470-KR-S,JNE3470,49,Kurta,S,Peach,False,In Stock,False,Valid SKU
JNE3470-KR-XL,JNE3470,30,Kurta,XL,Peach,False,In Stock,False,Valid SKU
JNE3470-KR-XS,JNE3470,23,Kurta,XS,Peach,False,In Stock,False,Valid SKU
JNE3470-KR-XXL,JNE3470,35,Kurta,XXL,Peach,False,In Stock,False,Valid SKU
JNE3470-KR-XXXL,JNE3470,2,Kurta,XXXL,Peach,False,Low Stock,False,Valid SKU
JNE3471-KR-L,JNE3471,2,Kurta,L,Maroon,False,Low Stock,False,Valid SKU
JNE3471-KR-M,JNE3471,3,Kurta,M,Maroon,False,Low Stock,False,Valid SKU
JNE3471-KR-S,JNE3471,11,Kurta,S,Maroon,False,In Stock,False,Valid SKU
JNE3471-KR-XL,JNE3471,1,Kurta,XL,Maroon,False,Low Stock,False,Valid SKU
JNE3471-KR-XS,JNE3471,41,Kurta,XS,Maroon,False,In Stock,False,Valid SKU
JNE3471-KR-XXL,JNE3471,0,Kurta,XXL,Maroon,False,Out of Stock,False,Valid SKU
JNE3471-KR-XXXL,JNE3471,0,Kurta,XXXL,Maroon,False,Out of Stock,False,Valid SKU
JNE3472-KR-M,JNE3472,2,Kurta,M,Maroon,False,Low Stock,False,Valid SKU
JNE3472-KR-S,JNE3472,7,Kurta,S,Maroon,False,In Stock,False,Valid SKU
JNE3472-KR-XL,JNE3472,1,Kurta,XL,Maroon,False,Low Stock,False,Valid SKU
JNE3472-KR-XS,JNE3472,6,Kurta,XS,Maroon,False,In Stock,False,Valid SKU
JNE3472-KR-XXXL,JNE3472,1,Kurta,XXXL,Maroon,False,Low Stock,False,Valid SKU
JNE3473-KR-L,JNE3473,46,Kurta,L,Light Green,False,In Stock,False,Valid SKU
JNE3473-KR-M,JNE3473,78,Kurta,M,Light Green,False,In Stock,False,Valid SKU
JNE3473-KR-S,JNE3473,75,Kurta,S,Light Green,False,In Stock,False,Valid SKU
JNE3473-KR-XL,JNE3473,64,Kurta,XL,Light Green,False,In Stock,False,Valid SKU
JNE3473-KR-XS,JNE3473,63,Kurta,XS,Light Green,False,In Stock,False,Valid SKU
JNE3473-KR-XXL,JNE3473,54,Kurta,XXL,Light Green,False,In Stock,False,Valid SKU
JNE3473-KR-XXXL,JNE3473,5,Kurta,XXXL,Light Green,False,Low Stock,False,Valid SKU
JNE3474-KR-L,JNE3474,23,Kurta,L,Turquoise Blue,False,In Stock,False,Valid SKU
JNE3474-KR-M,JNE3474,54,Kurta,M,Turquoise Blue,False,In Stock,False,Valid SKU
JNE3474-KR-S,JNE3474,26,Kurta,S,Turquoise Blue,False,In Stock,False,Valid SKU
JNE3474-KR-XL,JNE3474,44,Kurta,XL,Turquoise Blue,False,In Stock,False,Valid SKU
JNE3474-KR-XS,JNE3474,11,Kurta,XS,Turquoise Blue,False,In Stock,False,Valid SKU
JNE3474-KR-XXL,JNE3474,34,Kurta,XXL,Turquoise Blue,False,In Stock,False,Valid SKU
JNE3474-KR-XXXL,JNE3474,26,Kurta,XXXL,Turquoise Blue,False,In Stock,False,Valid SKU
JNE3475-KR-L,JNE3475,7,Kurta,L,Powder Blue,False,In Stock,False,Valid SKU
JNE3475-KR-M,JNE3475,8,Kurta,M,Powder Blue,False,In Stock,False,Valid SKU
JNE3475-KR-S,JNE3475,18,Kurta,S,Powder Blue,False,In Stock,False,Valid SKU
JNE3475-KR-XL,JNE3475,4,Kurta,XL,Powder Blue,False,Low Stock,False,Valid SKU
JNE3475-KR-XS,JNE3475,4,Kurta,XS,Powder Blue,False,Low Stock,False,Valid SKU
JNE3475-KR-XXL,JNE3475,8,Kurta,XXL,Powder Blue,False,In Stock,False,Valid SKU
JNE3475-KR-XXXL,JNE3475,2,Kurta,XXXL,Powder Blue,False,Low Stock,False,Valid SKU
JNE3476-KR-L,JNE3476,25,Kurta,L,Peach,False,In Stock,False,Valid SKU
JNE3476-KR-M,JNE3476,9,Kurta,M,Peach,False,In Stock,False,Valid SKU
JNE3476-KR-S,JNE3476,13,Kurta,S,Peach,False,In Stock,False,Valid SKU
JNE3476-KR-XL,JNE3476,1,Kurta,XL,Peach,False,Low Stock,False,Valid SKU
JNE3476-KR-XS,JNE3476,10,Kurta,XS,Peach,False,In Stock,False,Valid SKU
JNE3476-KR-XXL,JNE3476,6,Kurta,XXL,Peach,False,In Stock,False,Valid SKU
JNE3476-KR-XXXL,JNE3476,26,Kurta,XXXL,Peach,False,In Stock,False,Valid SKU
JNE3477-KR-L,JNE3477,8,Kurta,L,Peach,False,In Stock,False,Valid SKU
JNE3477-KR-M,JNE3477,8,Kurta,M,Peach,False,In Stock,False,Valid SKU
JNE3477-KR-S,JNE3477,4,Kurta,S,Peach,False,Low Stock,False,Valid SKU
JNE3477-KR-XL,JNE3477,4,Kurta,XL,Peach,False,Low Stock,False,Valid SKU
JNE3477-KR-XS,JNE3477,1,Kurta,XS,Peach,False,Low Stock,False,Valid SKU
JNE3477-KR-XXL,JNE3477,3,Kurta,XXL,Peach,False,Low Stock,False,Valid SKU
JNE3479-KR-L,JNE3479,7,Kurta,L,Black,False,In Stock,False,Valid SKU
JNE3479-KR-M,JNE3479,6,Kurta,M,Black,False,In Stock,False,Valid SKU
JNE3479-KR-S,JNE3479,82,Kurta,S,Black,False,In Stock,False,Valid SKU
JNE3479-KR-XL,JNE3479,3,Kurta,XL,Black,False,Low Stock,False,Valid SKU
JNE3479-KR-XS,JNE3479,4,Kurta,XS,Black,False,Low Stock,False,Valid SKU
JNE3479-KR-XXL,JNE3479,12,Kurta,XXL,Black,False,In Stock,False,Valid SKU
JNE3479-KR-XXXL,JNE3479,3,Kurta,XXXL,Black,False,Low Stock,False,Valid SKU
JNE3480-KR-L,JNE3480,6,Kurta,L,Pink,False,In Stock,False,Valid SKU
JNE3480-KR-M,JNE3480,6,Kurta,M,Pink,False,In Stock,False,Valid SKU
JNE3480-KR-S,JNE3480,7,Kurta,S,Pink,False,In Stock,False,Valid SKU
JNE3480-KR-XL,JNE3480,5,Kurta,XL,Pink,False,Low Stock,False,Valid SKU
JNE3480-KR-XS,JNE3480,8,Kurta,XS,Pink,False,In Stock,False,Valid SKU
JNE3480-KR-XXL,JNE3480,5,Kurta,XXL,Pink,False,Low Stock,False,Valid SKU
JNE3480-KR-XXXL,JNE3480,2,Kurta,XXXL,Pink,False,Low Stock,False,Valid SKU
JNE3481-KR-L,JNE3481,1,Kurta,L,White,False,Low Stock,False,Valid SKU
JNE3481-KR-M,JNE3481,1,Kurta,M,White,False,Low Stock,False,Valid SKU
JNE3481-KR-S,JNE3481,3,Kurta,S,White,False,Low Stock,False,Valid SKU
JNE3481-KR-XL,JNE3481,2,Kurta,XL,White,False,Low Stock,False,Valid SKU
JNE3481-KR-XS,JNE3481,7,Kurta,XS,White,False,In Stock,False,Valid SKU
JNE3481-KR-XXL,JNE3481,1,Kurta,XXL,White,False,Low Stock,False,Valid SKU
JNE3481-KR-XXXL,JNE3481,1,Kurta,XXXL,White,False,Low Stock,False,Valid SKU
JNE3482-KR-L,JNE3482,4,Kurta,L,Powder Blue,False,Low Stock,False,Valid SKU
JNE3482-KR-M,JNE3482,3,Kurta,M,Powder Blue,False,Low Stock,False,Valid SKU
JNE3482-KR-S,JNE3482,22,Kurta,S,Powder Blue,False,In Stock,False,Valid SKU
JNE3482-KR-XL,JNE3482,3,Kurta,XL,Powder Blue,False,Low Stock,False,Valid SKU
JNE3482-KR-XS,JNE3482,16,Kurta,XS,Powder Blue,False,In Stock,False,Valid SKU
JNE3482-KR-XXL,JNE3482,5,Kurta,XXL,Powder Blue,False,Low Stock,False,Valid SKU
JNE3482-KR-XXXL,JNE3482,1,Kurta,XXXL,Powder Blue,False,Low Stock,False,Valid SKU
JNE3483-KR-L,JNE3483,32,Kurta,L,Grey,False,In Stock,False,Valid SKU
JNE3483-KR-M,JNE3483,44,Kurta,M,Grey,False,In Stock,False,Valid SKU
JNE3483-KR-S,JNE3483,48,Kurta,S,Grey,False,In Stock,False,Valid SKU
JNE3483-KR-XL,JNE3483,36,Kurta,XL,Grey,False,In Stock,False,Valid SKU
JNE3483-KR-XS,JNE3483,33,Kurta,XS,Grey,False,In Stock,False,Valid SKU
JNE3483-KR-XXL,JNE3483,21,Kurta,XXL,Grey,False,In Stock,False,Valid SKU
JNE3483-KR-XXXL,JNE3483,4,Kurta,XXXL,Grey,False,Low Stock,False,Valid SKU
JNE3484-KR-L,JNE3484,6,Kurta,L,Olive,False,In Stock,False,Valid SKU
JNE3484-KR-M,JNE3484,32,Kurta,M,Olive,False,In Stock,False,Valid SKU
JNE3484-KR-S,JNE3484,47,Kurta,S,Olive,False,In Stock,False,Valid SKU
JNE3484-KR-XL,JNE3484,7,Kurta,XL,Olive,False,In Stock,False,Valid SKU
JNE3484-KR-XS,JNE3484,15,Kurta,XS,Olive,False,In Stock,False,Valid SKU
JNE3484-KR-XXL,JNE3484,11,Kurta,XXL,Olive,False,In Stock,False,Valid SKU
JNE3484-KR-XXXL,JNE3484,1,Kurta,XXXL,Olive,False,Low Stock,False,Valid SKU
JNE3485-KR-L,JNE3485,71,Kurta,L,Grey,False,In Stock,False,Valid SKU
JNE3485-KR-M,JNE3485,80,Kurta,M,Grey,False,In Stock,False,Valid SKU
JNE3485-KR-S,JNE3485,81,Kurta,S,Grey,False,In Stock,False,Valid SKU
JNE3485-KR-XL,JNE3485,69,Kurta,XL,Grey,False,In Stock,False,Valid SKU
JNE3485-KR-XS,JNE3485,71,Kurta,XS,Grey,False,In Stock,False,Valid SKU
JNE3485-KR-XXL,JNE3485,64,Kurta,XXL,Grey,False,In Stock,False,Valid SKU
JNE3485-KR-XXXL,JNE3485,21,Kurta,XXXL,Grey,False,In Stock,False,Valid SKU
JNE3486-KR-L,JNE3486,90,Kurta,L,Light Green,False,In Stock,False,Valid SKU
JNE3486-KR-M,JNE3486,83,Kurta,M,Light Green,False,In Stock,False,Valid SKU
JNE3486-KR-S,JNE3486,102,Kurta,S,Light Green,False,In Stock,False,Valid SKU
JNE3486-KR-XL,JNE3486,89,Kurta,XL,Light Green,False,In Stock,False,Valid SKU
JNE3486-KR-XS,JNE3486,32,Kurta,XS,Light Green,False,In Stock,False,Valid SKU
JNE3486-KR-XXL,JNE3486,97,Kurta,XXL,Light Green,False,In Stock,False,Valid SKU
JNE3486-KR-XXXL,JNE3486,6,Kurta,XXXL,Light Green,False,In Stock,False,Valid SKU
JNE3487-KR-L,JNE3487,6,Kurta,L,Peach,False,In Stock,False,Valid SKU
JNE3487-KR-M,JNE3487,23,Kurta,M,Peach,False,In Stock,False,Valid SKU
JNE3487-KR-S,JNE3487,77,Kurta,S,Peach,False,In Stock,False,Valid SKU
JNE3487-KR-XL,JNE3487,7,Kurta,XL,Peach,False,In Stock,False,Valid SKU
JNE3487-KR-XS,JNE3487,6,Kurta,XS,Peach,False,In Stock,False,Valid SKU
JNE3487-KR-XXL,JNE3487,13,Kurta,XXL,Peach,False,In Stock,False,Valid SKU
JNE3487-KR-XXXL,JNE3487,4,Kurta,XXXL,Peach,False,Low Stock,False,Valid SKU
JNE3488-KR-L,JNE3488,2,Kurta,L,White,False,Low Stock,False,Valid SKU
JNE3488-KR-M,JNE3488,2,Kurta,M,White,False,Low Stock,False,Valid SKU
JNE3488-KR-S,JNE3488,4,Kurta,S,White,False,Low Stock,False,Valid SKU
JNE3488-KR-XL,JNE3488,0,Kurta,XL,White,False,Out of Stock,False,Valid SKU
JNE3488-KR-XS,JNE3488,7,Kurta,XS,White,False,In Stock,False,Valid SKU
JNE3488-KR-XXL,JNE3488,0,Kurta,XXL,White,False,Out of Stock,False,Valid SKU
JNE3488-KR-XXXL,JNE3488,3,Kurta,XXXL,White,False,Low Stock,False,Valid SKU
JNE3489-KR-L,JNE3489,140,Kurta,L,Maroon,False,In Stock,False,Valid SKU
JNE3489-KR-M,JNE3489,87,Kurta,M,Maroon,False,In Stock,False,Valid SKU
JNE3489-KR-S,JNE3489,114,Kurta,S,Maroon,False,In Stock,False,Valid SKU
JNE3489-KR-XL,JNE3489,70,Kurta,XL,Maroon,False,In Stock,False,Valid SKU
JNE3489-KR-XS,JNE3489,38,Kurta,XS,Maroon,False,In Stock,False,Valid SKU
JNE3489-KR-XXL,JNE3489,166,Kurta,XXL,Maroon,False,In Stock,False,Valid SKU
JNE3489-KR-XXXL,JNE3489,10,Kurta,XXXL,Maroon,False,In Stock,False,Valid SKU
JNE3491-KR-L,JNE3491,2,Kurta,L,Blue,False,Low Stock,False,Valid SKU
JNE3491-KR-M,JNE3491,3,Kurta,M,Blue,False,Low Stock,False,Valid SKU
JNE3491-KR-S,JNE3491,5,Kurta,S,Blue,False,Low Stock,False,Valid SKU
JNE3491-KR-XL,JNE3491,4,Kurta,XL,Blue,False,Low Stock,False,Valid SKU
JNE3491-KR-XS,JNE3491,9,Kurta,XS,Blue,False,In Stock,False,Valid SKU
JNE3491-KR-XXL,JNE3491,4,Kurta,XXL,Blue,False,Low Stock,False,Valid SKU
JNE3491-KR-XXXL,JNE3491,2,Kurta,XXXL,Blue,False,Low Stock,False,Valid SKU
JNE3497-KR-L,JNE3497,1,Kurta,L,Grey,False,Low Stock,False,Valid SKU
JNE3497-KR-M,JNE3497,1,Kurta,M,Grey,False,Low Stock,False,Valid SKU
JNE3497-KR-S,JNE3497,2,Kurta,S,Grey,False,Low Stock,False,Valid SKU
JNE3497-KR-XL,JNE3497,1,Kurta,XL,Grey,False,Low Stock,False,Valid SKU
JNE3497-KR-XS,JNE3497,3,Kurta,XS,Grey,False,Low Stock,False,Valid SKU
JNE3497-KR-XXL,JNE3497,0,Kurta,XXL,Grey,False,Out of Stock,False,Valid SKU
JNE3497-KR-XXXL,JNE3497,1,Kurta,XXXL,Grey,False,Low Stock,False,Valid SKU
JNE3500-KR-L,JNE3500,3,Kurta,L,Grey,False,Low Stock,False,Valid SKU
JNE3500-KR-M,JNE3500,1,Kurta,M,Grey,False,Low Stock,False,Valid SKU
JNE3500-KR-S,JNE3500,6,Kurta,S,Grey,False,In Stock,False,Valid SKU
JNE3500-KR-XL,JNE3500,2,Kurta,XL,Grey,False,Low Stock,False,Valid SKU
JNE3500-KR-XS,JNE3500,16,Kurta,XS,Grey,False,In Stock,False,Valid SKU
JNE3500-KR-XXL,JNE3500,2,Kurta,XXL,Grey,False,Low Stock,False,Valid SKU
JNE3500-KR-XXXL,JNE3500,5,Kurta,XXXL,Grey,False,Low Stock,False,Valid SKU
JNE3501-KR-L,JNE3501,5,Kurta,L,Pink,False,Low Stock,False,Valid SKU
JNE3501-KR-M,JNE3501,7,Kurta,M,Pink,False,In Stock,False,Valid SKU
JNE3501-KR-S,JNE3501,29,Kurta,S,Pink,False,In Stock,False,Valid SKU
JNE3501-KR-XL,JNE3501,23,Kurta,XL,Pink,False,In Stock,False,Valid SKU
JNE3501-KR-XS,JNE3501,27,Kurta,XS,Pink,False,In Stock,False,Valid SKU
JNE3501-KR-XXL,JNE3501,20,Kurta,XXL,Pink,False,In Stock,False,Valid SKU
JNE3501-KR-XXXL,JNE3501,14,Kurta,XXXL,Pink,False,In Stock,False,Valid SKU
JNE3503-KR-L,JNE3503,1,Kurta,L,Light Green,False,Low Stock,False,Valid SKU
JNE3503-KR-M,JNE3503,1,Kurta,M,Light Green,False,Low Stock,False,Valid SKU
JNE3503-KR-S,JNE3503,1,Kurta,S,Light Green,False,Low Stock,False,Valid SKU
JNE3503-KR-XL,JNE3503,0,Kurta,XL,Light Green,False,Out of Stock,False,Valid SKU
JNE3503-KR-XS,JNE3503,2,Kurta,XS,Light Green,False,Low Stock,False,Valid SKU
JNE3503-KR-XXL,JNE3503,2,Kurta,XXL,Light Green,False,Low Stock,False,Valid SKU
JNE3503-KR-XXXL,JNE3503,3,Kurta,XXXL,Light Green,False,Low Stock,False,Valid SKU
JNE3504-KR-L,JNE3504,3,Kurta,L,Green,False,Low Stock,False,Valid SKU
JNE3504-KR-M,JNE3504,3,Kurta,M,Green,False,Low Stock,False,Valid SKU
JNE3504-KR-S,JNE3504,3,Kurta,S,Green,False,Low Stock,False,Valid SKU
JNE3504-KR-XL,JNE3504,11,Kurta,XL,Green,False,In Stock,False,Valid SKU
JNE3504-KR-XS,JNE3504,10,Kurta,XS,Green,False,In Stock,False,Valid SKU
JNE3504-KR-XXL,JNE3504,2,Kurta,XXL,Green,False,Low Stock,False,Valid SKU
JNE3504-KR-XXXL,JNE3504,3,Kurta,XXXL,Green,False,Low Stock,False,Valid SKU
JNE3506-KR-L,JNE3506,27,Kurta,L,Peach,False,In Stock,False,Valid SKU
JNE3506-KR-M,JNE3506,19,Kurta,M,Peach,False,In Stock,False,Valid SKU
JNE3506-KR-S,JNE3506,24,Kurta,S,Peach,False,In Stock,False,Valid SKU
JNE3506-KR-XL,JNE3506,18,Kurta,XL,Peach,False,In Stock,False,Valid SKU
JNE3506-KR-XS,JNE3506,13,Kurta,XS,Peach,False,In Stock,False,Valid SKU
JNE3506-KR-XXL,JNE3506,3,Kurta,XXL,Peach,False,Low Stock,False,Valid SKU
JNE3506-KR-XXXL,JNE3506,2,Kurta,XXXL,Peach,False,Low Stock,False,Valid SKU
JNE3507-KR-L,JNE3507,1,Kurta,L,Grey,False,Low Stock,False,Valid SKU
JNE3507-KR-M,JNE3507,1,Kurta,M,Grey,False,Low Stock,False,Valid SKU
JNE3507-KR-S,JNE3507,0,Kurta,S,Grey,False,Out of Stock,False,Valid SKU
JNE3507-KR-XL,JNE3507,0,Kurta,XL,Grey,False,Out of Stock,False,Valid SKU
JNE3507-KR-XS,JNE3507,1,Kurta,XS,Grey,False,Low Stock,False,Valid SKU
JNE3507-KR-XXL,JNE3507,3,Kurta,XXL,Grey,False,Low Stock,False,Valid SKU
JNE3507-KR-XXXL,JNE3507,0,Kurta,XXXL,Grey,False,Out of Stock,False,Valid SKU
JNE3510-KR-L,JNE3510,1,Kurta,L,Grey,False,Low Stock,False,Valid SKU
JNE3510-KR-M,JNE3510,0,Kurta,M,Grey,False,Out of Stock,False,Valid SKU
JNE3510-KR-S,JNE3510,2,Kurta,S,Grey,False,Low Stock,False,Valid SKU
JNE3510-KR-XL,JNE3510,4,Kurta,XL,Grey,False,Low Stock,False,Valid SKU
JNE3510-KR-XS,JNE3510,66,Kurta,XS,Grey,False,In Stock,False,Valid SKU
JNE3510-KR-XXL,JNE3510,6,Kurta,XXL,Grey,False,In Stock,False,Valid SKU
JNE3510-KR-XXXL,JNE3510,58,Kurta,XXXL,Grey,False,In Stock,False,Valid SKU
JNE3515-KR-L,JNE3515,62,Kurta,L,Coral,False,In Stock,False,Valid SKU
JNE3515-KR-M,JNE3515,25,Kurta,M,Coral,False,In Stock,False,Valid SKU
JNE3515-KR-S,JNE3515,5,Kurta,S,Coral,False,Low Stock,False,Valid SKU
JNE3515-KR-XL,JNE3515,63,Kurta,XL,Coral,False,In Stock,False,Valid SKU
JNE3515-KR-XS,JNE3515,25,Kurta,XS,Coral,False,In Stock,False,Valid SKU
JNE3515-KR-XXL,JNE3515,5,Kurta,XXL,Coral,False,Low Stock,False,Valid SKU
JNE3515-KR-XXXL,JNE3515,55,Kurta,XXXL,Coral,False,In Stock,False,Valid SKU
JNE3516-KR-L,JNE3516,6,Kurta,L,Mustard,False,In Stock,False,Valid SKU
JNE3516-KR-M,JNE3516,9,Kurta,M,Mustard,False,In Stock,False,Valid SKU
JNE3516-KR-S,JNE3516,25,Kurta,S,Mustard,False,In Stock,False,Valid SKU
JNE3516-KR-XL,JNE3516,13,Kurta,XL,Mustard,False,In Stock,False,Valid SKU
JNE3516-KR-XS,JNE3516,3,Kurta,XS,Mustard,False,Low Stock,False,Valid SKU
JNE3516-KR-XXL,JNE3516,10,Kurta,XXL,Mustard,False,In Stock,False,Valid SKU
JNE3516-KR-XXXL,JNE3516,1,Kurta,XXXL,Mustard,False,Low Stock,False,Valid SKU
JNE3517-KR-L,JNE3517,6,Kurta,L,Peach,False,In Stock,False,Valid SKU
JNE3517-KR-M,JNE3517,4,Kurta,M,Peach,False,Low Stock,False,Valid SKU
JNE3517-KR-S,JNE3517,3,Kurta,S,Peach,False,Low Stock,False,Valid SKU
JNE3517-KR-XL,JNE3517,4,Kurta,XL,Peach,False,Low Stock,False,Valid SKU
JNE3517-KR-XS,JNE3517,2,Kurta,XS,Peach,False,Low Stock,False,Valid SKU
JNE3517-KR-XXL,JNE3517,4,Kurta,XXL,Peach,False,Low Stock,False,Valid SKU
JNE3518-KR-L,JNE3518,3,Kurta,L,Turquoise,False,Low Stock,False,Valid SKU
JNE3518-KR-M,JNE3518,6,Kurta,M,Turquoise,False,In Stock,False,Valid SKU
JNE3518-KR-S,JNE3518,39,Kurta,S,Turquoise,False,In Stock,False,Valid SKU
JNE3518-KR-XL,JNE3518,6,Kurta,XL,Turquoise,False,In Stock,False,Valid SKU
JNE3518-KR-XS,JNE3518,22,Kurta,XS,Turquoise,False,In Stock,False,Valid SKU
JNE3518-KR-XXL,JNE3518,12,Kurta,XXL,Turquoise,False,In Stock,False,Valid SKU
JNE3518-KR-XXXL,JNE3518,4,Kurta,XXXL,Turquoise,False,Low Stock,False,Valid SKU
JNE3520-KR-L,JNE3520,64,Kurta,L,Mustard,False,In Stock,False,Valid SKU
JNE3520-KR-M,JNE3520,64,Kurta,M,Mustard,False,In Stock,False,Valid SKU
JNE3520-KR-S,JNE3520,61,Kurta,S,Mustard,False,In Stock,False,Valid SKU
JNE3520-KR-XL,JNE3520,56,Kurta,XL,Mustard,False,In Stock,False,Valid SKU
JNE3520-KR-XS,JNE3520,15,Kurta,XS,Mustard,False,In Stock,False,Valid SKU
JNE3520-KR-XXL,JNE3520,71,Kurta,XXL,Mustard,False,In Stock,False,Valid SKU
JNE3520-KR-XXXL,JNE3520,9,Kurta,XXXL,Mustard,False,In Stock,False,Valid SKU
JNE3521-KR-L,JNE3521,22,Kurta,L,Turquoise,False,In Stock,False,Valid SKU
JNE3521-KR-M,JNE3521,9,Kurta,M,Turquoise,False,In Stock,False,Valid SKU
JNE3521-KR-S,JNE3521,0,Kurta,S,Turquoise,False,Out of Stock,False,Valid SKU
JNE3521-KR-XL,JNE3521,3,Kurta,XL,Turquoise,False,Low Stock,False,Valid SKU
JNE3521-KR-XS,JNE3521,2,Kurta,XS,Turquoise,False,Low Stock,False,Valid SKU
JNE3521-KR-XXL,JNE3521,24,Kurta,XXL,Turquoise,False,In Stock,False,Valid SKU
JNE3522-KR-L,JNE3522,18,Kurta,L,Peach,False,In Stock,False,Valid SKU
JNE3522-KR-M,JNE3522,29,Kurta,M,Peach,False,In Stock,False,Valid SKU
JNE3522-KR-S,JNE3522,83,Kurta,S,Peach,False,In Stock,False,Valid SKU
JNE3522-KR-XL,JNE3522,11,Kurta,XL,Peach,False,In Stock,False,Valid SKU
JNE3522-KR-XS,JNE3522,17,Kurta,XS,Peach,False,In Stock,False,Valid SKU
JNE3522-KR-XXL,JNE3522,16,Kurta,XXL,Peach,False,In Stock,False,Valid SKU
JNE3522-KR-XXXL,JNE3522,1,Kurta,XXXL,Peach,False,Low Stock,False,Valid SKU
JNE3523-KR-L,JNE3523,0,Kurta,L,Navy Blue,False,Out of Stock,False,Valid SKU
JNE3523-KR-M,JNE3523,0,Kurta,M,Navy Blue,False,Out of Stock,False,Valid SKU
JNE3523-KR-S,JNE3523,0,Kurta,S,Navy Blue,False,Out of Stock,False,Valid SKU
JNE3523-KR-XL,JNE3523,0,Kurta,XL,Navy Blue,False,Out of Stock,False,Valid SKU
JNE3523-KR-XS,JNE3523,19,Kurta,XS,Navy Blue,False,In Stock,False,Valid SKU
JNE3523-KR-XXL,JNE3523,0,Kurta,XXL,Navy Blue,False,Out of Stock,False,Valid SKU
JNE3523-KR-XXXL,JNE3523,0,Kurta,XXXL,Navy Blue,False,Out of Stock,False,Valid SKU
JNE3524-KR-L,JNE3524,27,Kurta,L,Blue,False,In Stock,False,Valid SKU
JNE3524-KR-M,JNE3524,26,Kurta,M,Blue,False,In Stock,False,Valid SKU
JNE3524-KR-S,JNE3524,11,Kurta,S,Blue,False,In Stock,False,Valid SKU
JNE3524-KR-XL,JNE3524,33,Kurta,XL,Blue,False,In Stock,False,Valid SKU
JNE3524-KR-XS,JNE3524,5,Kurta,XS,Blue,False,Low Stock,False,Valid SKU
JNE3524-KR-XXL,JNE3524,22,Kurta,XXL,Blue,False,In Stock,False,Valid SKU
JNE3524-KR-XXXL,JNE3524,13,Kurta,XXXL,Blue,False,In Stock,False,Valid SKU
JNE3526-KR-L,JNE3526,2,Kurta,L,Grey,False,Low Stock,False,Valid SKU
JNE3526-KR-M,JNE3526,2,Kurta,M,Grey,False,Low Stock,False,Valid SKU
JNE3526-KR-S,JNE3526,5,Kurta,S,Grey,False,Low Stock,False,Valid SKU
JNE3526-KR-XL,JNE3526,2,Kurta,XL,Grey,False,Low Stock,False,Valid SKU
JNE3526-KR-XS,JNE3526,3,Kurta,XS,Grey,False,Low Stock,False,Valid SKU
JNE3526-KR-XXL,JNE3526,3,Kurta,XXL,Grey,False,Low Stock,False,Valid SKU
JNE3526-KR-XXXL,JNE3526,2,Kurta,XXXL,Grey,False,Low Stock,False,Valid SKU
JNE3528-KR-L,JNE3528,2,Kurta,L,Sea Green,False,Low Stock,False,Valid SKU
JNE3528-KR-M,JNE3528,0,Kurta,M,Sea Green,False,Out of Stock,False,Valid SKU
JNE3528-KR-S,JNE3528,2,Kurta,S,Sea Green,False,Low Stock,False,Valid SKU
JNE3528-KR-XL,JNE3528,0,Kurta,XL,Sea Green,False,Out of Stock,False,Valid SKU
JNE3528-KR-XS,JNE3528,1,Kurta,XS,Sea Green,False,Low Stock,False,Valid SKU
JNE3528-KR-XXL,JNE3528,3,Kurta,XXL,Sea Green,False,Low Stock,False,Valid SKU
JNE3528-KR-XXXL,JNE3528,3,Kurta,XXXL,Sea Green,False,Low Stock,False,Valid SKU
JNE3530-KR-L,JNE3530,2,Kurta,L,Grey,False,Low Stock,False,Valid SKU
JNE3530-KR-M,JNE3530,3,Kurta,M,Grey,False,Low Stock,False,Valid SKU
JNE3530-KR-S,JNE3530,4,Kurta,S,Grey,False,Low Stock,False,Valid SKU
JNE3530-KR-XL,JNE3530,1,Kurta,XL,Grey,False,Low Stock,False,Valid SKU
JNE3530-KR-XS,JNE3530,8,Kurta,XS,Grey,False,In Stock,False,Valid SKU
JNE3530-KR-XXL,JNE3530,0,Kurta,XXL,Grey,False,Out of Stock,False,Valid SKU
JNE3530-KR-XXXL,JNE3530,3,Kurta,XXXL,Grey,False,Low Stock,False,Valid SKU
JNE3531-KR-L,JNE3531,3,Kurta,L,Cream,False,Low Stock,False,Valid SKU
JNE3531-KR-M,JNE3531,4,Kurta,M,Cream,False,Low Stock,False,Valid SKU
JNE3531-KR-S,JNE3531,6,Kurta,S,Cream,False,In Stock,False,Valid SKU
JNE3531-KR-XL,JNE3531,2,Kurta,XL,Cream,False,Low Stock,False,Valid SKU
JNE3531-KR-XS,JNE3531,11,Kurta,XS,Cream,False,In Stock,False,Valid SKU
JNE3531-KR-XXL,JNE3531,6,Kurta,XXL,Cream,False,In Stock,False,Valid SKU
JNE3531-KR-XXXL,JNE3531,3,Kurta,XXXL,Cream,False,Low Stock,False,Valid SKU
JNE3532-KR-M,JNE3532,1,Kurta,M,Multicolor,False,Low Stock,False,Valid SKU
JNE3532-KR-S,JNE3532,0,Kurta,S,Multicolor,False,Out of Stock,False,Valid SKU
JNE3533-KR-S,JNE3533,1,Kurta,S,Teal,False,Low Stock,False,Valid SKU
JNE3533-KR-XL,JNE3533,1,Kurta,XL,Teal,False,Low Stock,False,Valid SKU
JNE3534-KR-L,JNE3534,2,Kurta,L,Turquoise,False,Low Stock,False,Valid SKU
JNE3534-KR-M,JNE3534,6,Kurta,M,Turquoise,False,In Stock,False,Valid SKU
JNE3534-KR-S,JNE3534,7,Kurta,S,Turquoise,False,In Stock,False,Valid SKU
JNE3534-KR-XL,JNE3534,5,Kurta,XL,Turquoise,False,Low Stock,False,Valid SKU
JNE3534-KR-XS,JNE3534,14,Kurta,XS,Turquoise,False,In Stock,False,Valid SKU
JNE3534-KR-XXL,JNE3534,3,Kurta,XXL,Turquoise,False,Low Stock,False,Valid SKU
JNE3534-KR-XXXL,JNE3534,3,Kurta,XXXL,Turquoise,False,Low Stock,False,Valid SKU
JNE3535-KR-L,JNE3535,2,Kurta,L,Turquoise,False,Low Stock,False,Valid SKU
JNE3535-KR-M,JNE3535,0,Kurta,M,Turquoise,False,Out of Stock,False,Valid SKU
JNE3535-KR-S,JNE3535,1,Kurta,S,Turquoise,False,Low Stock,False,Valid SKU
JNE3535-KR-XL,JNE3535,2,Kurta,XL,Turquoise,False,Low Stock,False,Valid SKU
JNE3535-KR-XS,JNE3535,10,Kurta,XS,Turquoise,False,In Stock,False,Valid SKU
JNE3535-KR-XXL,JNE3535,6,Kurta,XXL,Turquoise,False,In Stock,False,Valid SKU
JNE3535-KR-XXXL,JNE3535,1,Kurta,XXXL,Turquoise,False,Low Stock,False,Valid SKU
JNE3537-KR-L,JNE3537,0,Kurta,L,Multicolor,False,Out of Stock,False,Valid SKU
JNE3537-KR-M,JNE3537,3,Kurta,M,Multicolor,False,Low Stock,False,Valid SKU
JNE3537-KR-S,JNE3537,2,Kurta,S,Multicolor,False,Low Stock,False,Valid SKU
JNE3537-KR-XL,JNE3537,1,Kurta,XL,Multicolor,False,Low Stock,False,Valid SKU
JNE3537-KR-XS,JNE3537,6,Kurta,XS,Multicolor,False,In Stock,False,Valid SKU
JNE3537-KR-XXL,JNE3537,0,Kurta,XXL,Multicolor,False,Out of Stock,False,Valid SKU
JNE3537-KR-XXXL,JNE3537,0,Kurta,XXXL,Multicolor,False,Out of Stock,False,Valid SKU
JNE3538-KR-L,JNE3538,0,Kurta,L,Navy Blue,False,Out of Stock,False,Valid SKU
JNE3538-KR-M,JNE3538,1,Kurta,M,Navy Blue,False,Low Stock,False,Valid SKU
JNE3538-KR-S,JNE3538,2,Kurta,S,Navy Blue,False,Low Stock,False,Valid SKU
JNE3538-KR-XL,JNE3538,1,Kurta,XL,Navy Blue,False,Low Stock,False,Valid SKU
JNE3538-KR-XS,JNE3538,2,Kurta,XS,Navy Blue,False,Low Stock,False,Valid SKU
JNE3538-KR-XXL,JNE3538,1,Kurta,XXL,Navy Blue,False,Low Stock,False,Valid SKU
JNE3538-KR-XXXL,JNE3538,0,Kurta,XXXL,Navy Blue,False,Out of Stock,False,Valid SKU
JNE3539-KR-L,JNE3539,0,Kurta,L,Cream,False,Out of Stock,False,Valid SKU
JNE3539-KR-M,JNE3539,2,Kurta,M,Cream,False,Low Stock,False,Valid SKU
JNE3539-KR-S,JNE3539,7,Kurta,S,Cream,False,In Stock,False,Valid SKU
JNE3539-KR-XL,JNE3539,3,Kurta,XL,Cream,False,Low Stock,False,Valid SKU
JNE3539-KR-XS,JNE3539,7,Kurta,XS,Cream,False,In Stock,False,Valid SKU
JNE3539-KR-XXL,JNE3539,2,Kurta,XXL,Cream,False,Low Stock,False,Valid SKU
JNE3539-KR-XXXL,JNE3539,2,Kurta,XXXL,Cream,False,Low Stock,False,Valid SKU
JNE3541-KR-L,JNE3541,1,Kurta,L,Maroon,False,Low Stock,False,Valid SKU
JNE3541-KR-M,JNE3541,0,Kurta,M,Maroon,False,Out of Stock,False,Valid SKU
JNE3541-KR-S,JNE3541,1,Kurta,S,Maroon,False,Low Stock,False,Valid SKU
JNE3541-KR-XL,JNE3541,1,Kurta,XL,Maroon,False,Low Stock,False,Valid SKU
JNE3541-KR-XS,JNE3541,0,Kurta,XS,Maroon,False,Out of Stock,False,Valid SKU
JNE3541-KR-XXXL,JNE3541,0,Kurta,XXXL,Maroon,False,Out of Stock,False,Valid SKU
JNE3542-KR-L,JNE3542,3,Kurta,L,Cream,False,Low Stock,False,Valid SKU
JNE3542-KR-M,JNE3542,2,Kurta,M,Cream,False,Low Stock,False,Valid SKU
JNE3542-KR-S,JNE3542,6,Kurta,S,Cream,False,In Stock,False,Valid SKU
JNE3542-KR-XL,JNE3542,2,Kurta,XL,Cream,False,Low Stock,False,Valid SKU
JNE3542-KR-XS,JNE3542,6,Kurta,XS,Cream,False,In Stock,False,Valid SKU
JNE3542-KR-XXL,JNE3542,1,Kurta,XXL,Cream,False,Low Stock,False,Valid SKU
JNE3542-KR-XXXL,JNE3542,1,Kurta,XXXL,Cream,False,Low Stock,False,Valid SKU
JNE3543-KR-L,JNE3543,2,Kurta,L,Cream,False,Low Stock,False,Valid SKU
JNE3543-KR-M,JNE3543,4,Kurta,M,Cream,False,Low Stock,False,Valid SKU
JNE3543-KR-S,JNE3543,5,Kurta,S,Cream,False,Low Stock,False,Valid SKU
JNE3543-KR-XL,JNE3543,3,Kurta,XL,Cream,False,Low Stock,False,Valid SKU
JNE3543-KR-XS,JNE3543,7,Kurta,XS,Cream,False,In Stock,False,Valid SKU
JNE3543-KR-XXL,JNE3543,3,Kurta,XXL,Cream,False,Low Stock,False,Valid SKU
JNE3543-KR-XXXL,JNE3543,2,Kurta,XXXL,Cream,False,Low Stock,False,Valid SKU
JNE3544-KR-L,JNE3544,3,Kurta,L,Green,False,Low Stock,False,Valid SKU
JNE3544-KR-M,JNE3544,2,Kurta,M,Green,False,Low Stock,False,Valid SKU
JNE3544-KR-S,JNE3544,2,Kurta,S,Green,False,Low Stock,False,Valid SKU
JNE3544-KR-XL,JNE3544,2,Kurta,XL,Green,False,Low Stock,False,Valid SKU
JNE3544-KR-XS,JNE3544,3,Kurta,XS,Green,False,Low Stock,False,Valid SKU
JNE3544-KR-XXL,JNE3544,3,Kurta,XXL,Green,False,Low Stock,False,Valid SKU
JNE3544-KR-XXXL,JNE3544,1,Kurta,XXXL,Green,False,Low Stock,False,Valid SKU
JNE3545-KR-L,JNE3545,0,Kurta,L,Green,False,Out of Stock,False,Valid SKU
JNE3545-KR-M,JNE3545,1,Kurta,M,Green,False,Low Stock,False,Valid SKU
JNE3545-KR-S,JNE3545,0,Kurta,S,Green,False,Out of Stock,False,Valid SKU
JNE3545-KR-XL,JNE3545,0,Kurta,XL,Green,False,Out of Stock,False,Valid SKU
JNE3545-KR-XS,JNE3545,2,Kurta,XS,Green,False,Low Stock,False,Valid SKU
JNE3545-KR-XXL,JNE3545,1,Kurta,XXL,Green,False,Low Stock,False,Valid SKU
JNE3545-KR-XXXL,JNE3545,2,Kurta,XXXL,Green,False,Low Stock,False,Valid SKU
JNE3546-KR-L,JNE3546,10,Kurta,L,Blue,False,In Stock,False,Valid SKU
JNE3546-KR-M,JNE3546,29,Kurta,M,Blue,False,In Stock,False,Valid SKU
JNE3546-KR-S,JNE3546,7,Kurta,S,Blue,False,In Stock,False,Valid SKU
JNE3546-KR-XL,JNE3546,6,Kurta,XL,Blue,False,In Stock,False,Valid SKU
JNE3546-KR-XS,JNE3546,17,Kurta,XS,Blue,False,In Stock,False,Valid SKU
JNE3546-KR-XXL,JNE3546,4,Kurta,XXL,Blue,False,Low Stock,False,Valid SKU
JNE3546-KR-XXXL,JNE3546,2,Kurta,XXXL,Blue,False,Low Stock,False,Valid SKU
JNE3547-KR-L,JNE3547,26,Kurta,L,Turquoise Blue,False,In Stock,False,Valid SKU
JNE3547-KR-M,JNE3547,26,Kurta,M,Turquoise Blue,False,In Stock,False,Valid SKU
JNE3547-KR-S,JNE3547,5,Kurta,S,Turquoise Blue,False,Low Stock,False,Valid SKU
JNE3547-KR-XL,JNE3547,66,Kurta,XL,Turquoise Blue,False,In Stock,False,Valid SKU
JNE3547-KR-XS,JNE3547,5,Kurta,XS,Turquoise Blue,False,Low Stock,False,Valid SKU
JNE3547-KR-XXL,JNE3547,19,Kurta,XXL,Turquoise Blue,False,In Stock,False,Valid SKU
JNE3547-KR-XXXL,JNE3547,46,Kurta,XXXL,Turquoise Blue,False,In Stock,False,Valid SKU
JNE3548-KR-L,JNE3548,146,Kurta,L,Dark Blue,False,In Stock,False,Valid SKU
JNE3548-KR-M,JNE3548,112,Kurta,M,Dark Blue,False,In Stock,False,Valid SKU
JNE3548-KR-S,JNE3548,87,Kurta,S,Dark Blue,False,In Stock,False,Valid SKU
JNE3548-KR-XL,JNE3548,154,Kurta,XL,Dark Blue,False,In Stock,False,Valid SKU
JNE3548-KR-XS,JNE3548,38,Kurta,XS,Dark Blue,False,In Stock,False,Valid SKU
JNE3548-KR-XXL,JNE3548,112,Kurta,XXL,Dark Blue,False,In Stock,False,Valid SKU
JNE3548-KR-XXXL,JNE3548,84,Kurta,XXXL,Dark Blue,False,In Stock,False,Valid SKU
JNE3549-KR-L,JNE3549,25,Kurta,L,Maroon,False,In Stock,False,Valid SKU
JNE3549-KR-M,JNE3549,13,Kurta,M,Maroon,False,In Stock,False,Valid SKU
JNE3549-KR-S,JNE3549,54,Kurta,S,Maroon,False,In Stock,False,Valid SKU
JNE3549-KR-XL,JNE3549,7,Kurta,XL,Maroon,False,In Stock,False,Valid SKU
JNE3549-KR-XS,JNE3549,27,Kurta,XS,Maroon,False,In Stock,False,Valid SKU
JNE3549-KR-XXL,JNE3549,8,Kurta,XXL,Maroon,False,In Stock,False,Valid SKU
JNE3549-KR-XXXL,JNE3549,3,Kurta,XXXL,Maroon,False,Low Stock,False,Valid SKU
JNE3550-KR-L,JNE3550,0,Kurta,L,Dark Green,False,Out of Stock,False,Valid SKU
JNE3550-KR-M,JNE3550,1,Kurta,M,Dark Green,False,Low Stock,False,Valid SKU
JNE3550-KR-S,JNE3550,2,Kurta,S,Dark Green,False,Low Stock,False,Valid SKU
JNE3550-KR-XL,JNE3550,0,Kurta,XL,Dark Green,False,Out of Stock,False,Valid SKU
JNE3550-KR-XS,JNE3550,4,Kurta,XS,Dark Green,False,Low Stock,False,Valid SKU
JNE3550-KR-XXL,JNE3550,2,Kurta,XXL,Dark Green,False,Low Stock,False,Valid SKU
JNE3550-KR-XXXL,JNE3550,2,Kurta,XXXL,Dark Green,False,Low Stock,False,Valid SKU
JNE3553-KR-L,JNE3553,2,Kurta,L,Navy Blue,False,Low Stock,False,Valid SKU
JNE3553-KR-M,JNE3553,0,Kurta,M,Navy Blue,False,Out of Stock,False,Valid SKU
JNE3553-KR-S,JNE3553,51,Kurta,S,Navy Blue,False,In Stock,False,Valid SKU
JNE3553-KR-XL,JNE3553,0,Kurta,XL,Navy Blue,False,Out of Stock,False,Valid SKU
JNE3553-KR-XS,JNE3553,46,Kurta,XS,Navy Blue,False,In Stock,False,Valid SKU
JNE3553-KR-XXL,JNE3553,25,Kurta,XXL,Navy Blue,False,In Stock,False,Valid SKU
JNE3553-KR-XXXL,JNE3553,20,Kurta,XXXL,Navy Blue,False,In Stock,False,Valid SKU
JNE3554-KR-L,JNE3554,7,Kurta,L,Yellow,False,In Stock,False,Valid SKU
JNE3554-KR-M,JNE3554,1,Kurta,M,Yellow,False,Low Stock,False,Valid SKU
JNE3554-KR-S,JNE3554,33,Kurta,S,Yellow,False,In Stock,False,Valid SKU
JNE3554-KR-XL,JNE3554,3,Kurta,XL,Yellow,False,Low Stock,False,Valid SKU
JNE3554-KR-XXL,JNE3554,40,Kurta,XXL,Yellow,False,In Stock,False,Valid SKU
JNE3554-KR-XXXL,JNE3554,1,Kurta,XXXL,Yellow,False,Low Stock,False,Valid SKU
JNE3555-KR-L,JNE3555,20,Kurta,L,Maroon,False,In Stock,False,Valid SKU
JNE3555-KR-M,JNE3555,25,Kurta,M,Maroon,False,In Stock,False,Valid SKU
JNE3555-KR-S,JNE3555,28,Kurta,S,Maroon,False,In Stock,False,Valid SKU
JNE3555-KR-XL,JNE3555,19,Kurta,XL,Maroon,False,In Stock,False,Valid SKU
JNE3555-KR-XS,JNE3555,16,Kurta,XS,Maroon,False,In Stock,False,Valid SKU
JNE3555-KR-XXL,JNE3555,21,Kurta,XXL,Maroon,False,In Stock,False,Valid SKU
JNE3555-KR-XXXL,JNE3555,2,Kurta,XXXL,Maroon,False,Low Stock,False,Valid SKU
JNE3556-KR-L,JNE3556,20,Kurta,L,Grey,False,In Stock,False,Valid SKU
JNE3556-KR-M,JNE3556,13,Kurta,M,Grey,False,In Stock,False,Valid SKU
JNE3556-KR-S,JNE3556,14,Kurta,S,Grey,False,In Stock,False,Valid SKU
JNE3556-KR-XL,JNE3556,18,Kurta,XL,Grey,False,In Stock,False,Valid SKU
JNE3556-KR-XS,JNE3556,21,Kurta,XS,Grey,False,In Stock,False,Valid SKU
JNE3556-KR-XXL,JNE3556,23,Kurta,XXL,Grey,False,In Stock,False,Valid SKU
JNE3556-KR-XXXL,JNE3556,23,Kurta,XXXL,Grey,False,In Stock,False,Valid SKU
JNE3557-KR-L,JNE3557,44,Kurta,L,Black,False,In Stock,False,Valid SKU
JNE3557-KR-M,JNE3557,44,Kurta,M,Black,False,In Stock,False,Valid SKU
JNE3557-KR-S,JNE3557,20,Kurta,S,Black,False,In Stock,False,Valid SKU
JNE3557-KR-XL,JNE3557,36,Kurta,XL,Black,False,In Stock,False,Valid SKU
JNE3557-KR-XXL,JNE3557,14,Kurta,XXL,Black,False,In Stock,False,Valid SKU
JNE3558-KR-L,JNE3558,0,Kurta,L,Pink,False,Out of Stock,False,Valid SKU
JNE3558-KR-M,JNE3558,1,Kurta,M,Pink,False,Low Stock,False,Valid SKU
JNE3558-KR-S,JNE3558,2,Kurta,S,Pink,False,Low Stock,False,Valid SKU
JNE3558-KR-XL,JNE3558,2,Kurta,XL,Pink,False,Low Stock,False,Valid SKU
JNE3558-KR-XS,JNE3558,2,Kurta,XS,Pink,False,Low Stock,False,Valid SKU
JNE3558-KR-XXL,JNE3558,2,Kurta,XXL,Pink,False,Low Stock,False,Valid SKU
JNE3558-KR-XXXL,JNE3558,1,Kurta,XXXL,Pink,False,Low Stock,False,Valid SKU
JNE3559-KR-L,JNE3559,11,Kurta,L,Grey,False,In Stock,False,Valid SKU
JNE3559-KR-M,JNE3559,2,Kurta,M,Grey,False,Low Stock,False,Valid SKU
JNE3559-KR-S,JNE3559,13,Kurta,S,Grey,False,In Stock,False,Valid SKU
JNE3559-KR-XL,JNE3559,21,Kurta,XL,Grey,False,In Stock,False,Valid SKU
JNE3559-KR-XS,JNE3559,13,Kurta,XS,Grey,False,In Stock,False,Valid SKU
JNE3559-KR-XXL,JNE3559,5,Kurta,XXL,Grey,False,Low Stock,False,Valid SKU
JNE3559-KR-XXXL,JNE3559,3,Kurta,XXXL,Grey,False,Low Stock,False,Valid SKU
JNE3560-KR-L,JNE3560,138,Kurta,L,Blue,False,In Stock,False,Valid SKU
JNE3560-KR-M,JNE3560,106,Kurta,M,Blue,False,In Stock,False,Valid SKU
JNE3560-KR-S,JNE3560,199,Kurta,S,Blue,False,In Stock,False,Valid SKU
JNE3560-KR-XL,JNE3560,223,Kurta,XL,Blue,False,In Stock,False,Valid SKU
JNE3560-KR-XS,JNE3560,48,Kurta,XS,Blue,False,In Stock,False,Valid SKU
JNE3560-KR-XXL,JNE3560,168,Kurta,XXL,Blue,False,In Stock,False,Valid SKU
JNE3560-KR-XXXL,JNE3560,87,Kurta,XXXL,Blue,False,In Stock,False,Valid SKU
JNE3561-KR-L,JNE3561,1,Kurta,L,Beige,False,Low Stock,False,Valid SKU
JNE3561-KR-M,JNE3561,4,Kurta,M,Beige,False,Low Stock,False,Valid SKU
JNE3561-KR-S,JNE3561,8,Kurta,S,Beige,False,In Stock,False,Valid SKU
JNE3561-KR-XL,JNE3561,4,Kurta,XL,Beige,False,Low Stock,False,Valid SKU
JNE3561-KR-XS,JNE3561,53,Kurta,XS,Beige,False,In Stock,False,Valid SKU
JNE3561-KR-XXL,JNE3561,6,Kurta,XXL,Beige,False,In Stock,False,Valid SKU
JNE3561-KR-XXXL,JNE3561,3,Kurta,XXXL,Beige,False,Low Stock,False,Valid SKU
JNE3562-KR-L,JNE3562,2,Kurta,L,Peach,False,Low Stock,False,Valid SKU
JNE3562-KR-M,JNE3562,4,Kurta,M,Peach,False,Low Stock,False,Valid SKU
JNE3562-KR-S,JNE3562,17,Kurta,S,Peach,False,In Stock,False,Valid SKU
JNE3562-KR-XL,JNE3562,1,Kurta,XL,Peach,False,Low Stock,False,Valid SKU
JNE3562-KR-XXL,JNE3562,5,Kurta,XXL,Peach,False,Low Stock,False,Valid SKU
,JNE3562,1,Kurta,XXXL,Peach,True,Low Stock,False,Missing / Invalid SKU
JNE3563-KR-L,JNE3563,1,Kurta,L,Pink,False,Low Stock,False,Valid SKU
JNE3563-KR-M,JNE3563,2,Kurta,M,Pink,False,Low Stock,False,Valid SKU
JNE3563-KR-S,JNE3563,4,Kurta,S,Pink,False,Low Stock,False,Valid SKU
JNE3563-KR-XL,JNE3563,2,Kurta,XL,Pink,False,Low Stock,False,Valid SKU
JNE3563-KR-XS,JNE3563,4,Kurta,XS,Pink,False,Low Stock,False,Valid SKU
JNE3563-KR-XXL,JNE3563,1,Kurta,XXL,Pink,False,Low Stock,False,Valid SKU
JNE3563-KR-XXXL,JNE3563,1,Kurta,XXXL,Pink,False,Low Stock,False,Valid SKU
JNE3564-KR-L,JNE3564,90,Kurta,L,Black,False,In Stock,False,Valid SKU
JNE3564-KR-M,JNE3564,107,Kurta,M,Black,False,In Stock,False,Valid SKU
JNE3564-KR-S,JNE3564,105,Kurta,S,Black,False,In Stock,False,Valid SKU
JNE3564-KR-XL,JNE3564,105,Kurta,XL,Black,False,In Stock,False,Valid SKU
JNE3564-KR-XS,JNE3564,64,Kurta,XS,Black,False,In Stock,False,Valid SKU
JNE3564-KR-XXL,JNE3564,51,Kurta,XXL,Black,False,In Stock,False,Valid SKU
JNE3564-KR-XXXL,JNE3564,12,Kurta,XXXL,Black,False,In Stock,False,Valid SKU
JNE3565-KR-L,JNE3565,4,Kurta,L,Brown,False,Low Stock,False,Valid SKU
JNE3565-KR-M,JNE3565,5,Kurta,M,Brown,False,Low Stock,False,Valid SKU
JNE3565-KR-S,JNE3565,6,Kurta,S,Brown,False,In Stock,False,Valid SKU
JNE3565-KR-XL,JNE3565,2,Kurta,XL,Brown,False,Low Stock,False,Valid SKU
JNE3565-KR-XS,JNE3565,16,Kurta,XS,Brown,False,In Stock,False,Valid SKU
JNE3565-KR-XXL,JNE3565,3,Kurta,XXL,Brown,False,Low Stock,False,Valid SKU
JNE3565-KR-XXXL,JNE3565,2,Kurta,XXXL,Brown,False,Low Stock,False,Valid SKU
JNE3566-KR-L,JNE3566,11,Kurta,L,Dark Green,False,In Stock,False,Valid SKU
JNE3566-KR-M,JNE3566,20,Kurta,M,Dark Green,False,In Stock,False,Valid SKU
JNE3566-KR-S,JNE3566,44,Kurta,S,Dark Green,False,In Stock,False,Valid SKU
JNE3566-KR-XL,JNE3566,25,Kurta,XL,Dark Green,False,In Stock,False,Valid SKU
JNE3566-KR-XXL,JNE3566,11,Kurta,XXL,Dark Green,False,In Stock,False,Valid SKU
JNE3567-KR-L,JNE3567,377,Kurta,L,Blue,False,In Stock,False,Valid SKU
JNE3567-KR-M,JNE3567,186,Kurta,M,Blue,False,In Stock,False,Valid SKU
JNE3567-KR-S,JNE3567,210,Kurta,S,Blue,False,In Stock,False,Valid SKU
JNE3567-KR-XL,JNE3567,336,Kurta,XL,Blue,False,In Stock,False,Valid SKU
JNE3567-KR-XS,JNE3567,181,Kurta,XS,Blue,False,In Stock,False,Valid SKU
JNE3567-KR-XXL,JNE3567,295,Kurta,XXL,Blue,False,In Stock,False,Valid SKU
JNE3567-KR-XXXL,JNE3567,235,Kurta,XXXL,Blue,False,In Stock,False,Valid SKU
,JNE3568,0,Kurta,5XL,Yellow,True,Out of Stock,False,Missing / Invalid SKU
JNE3568-KR-L,JNE3568,147,Kurta,L,Yellow,False,In Stock,False,Valid SKU
JNE3568-KR-M,JNE3568,197,Kurta,M,Yellow,False,In Stock,False,Valid SKU
JNE3568-KR-S,JNE3568,155,Kurta,S,Yellow,False,In Stock,False,Valid SKU
JNE3568-KR-XL,JNE3568,94,Kurta,XL,Yellow,False,In Stock,False,Valid SKU
JNE3568-KR-XS,JNE3568,118,Kurta,XS,Yellow,False,In Stock,False,Valid SKU
JNE3568-KR-XXL,JNE3568,29,Kurta,XXL,Yellow,False,In Stock,False,Valid SKU
JNE3568-KR-XXXL,JNE3568,28,Kurta,XXXL,Yellow,False,In Stock,False,Valid SKU
JNE3570-KR-L,JNE3570,1,Kurta,L,Light Green,False,Low Stock,False,Valid SKU
JNE3570-KR-M,JNE3570,0,Kurta,M,Light Green,False,Out of Stock,False,Valid SKU
JNE3570-KR-S,JNE3570,3,Kurta,S,Light Green,False,Low Stock,False,Valid SKU
JNE3570-KR-XL,JNE3570,1,Kurta,XL,Light Green,False,Low Stock,False,Valid SKU
JNE3570-KR-XS,JNE3570,3,Kurta,XS,Light Green,False,Low Stock,False,Valid SKU
JNE3570-KR-XXL,JNE3570,2,Kurta,XXL,Light Green,False,Low Stock,False,Valid SKU
JNE3570-KR-XXXL,JNE3570,0,Kurta,XXXL,Light Green,False,Out of Stock,False,Valid SKU
JNE3571-KR-L,JNE3571,123,Kurta,L,Sea Green,False,In Stock,False,Valid SKU
JNE3571-KR-M,JNE3571,113,Kurta,M,Sea Green,False,In Stock,False,Valid SKU
JNE3571-KR-S,JNE3571,30,Kurta,S,Sea Green,False,In Stock,False,Valid SKU
JNE3571-KR-XL,JNE3571,63,Kurta,XL,Sea Green,False,In Stock,False,Valid SKU
JNE3571-KR-XS,JNE3571,13,Kurta,XS,Sea Green,False,In Stock,False,Valid SKU
JNE3571-KR-XXL,JNE3571,19,Kurta,XXL,Sea Green,False,In Stock,False,Valid SKU
JNE3571-KR-XXXL,JNE3571,6,Kurta,XXXL,Sea Green,False,In Stock,False,Valid SKU
JNE3572-KR-XL,JNE3572,0,Kurta,XL,Pink,False,Out of Stock,False,Valid SKU
JNE3573-KR-L,JNE3573,1,Kurta,L,Grey,False,Low Stock,False,Valid SKU
JNE3573-KR-M,JNE3573,0,Kurta,M,Grey,False,Out of Stock,False,Valid SKU
JNE3573-KR-S,JNE3573,5,Kurta,S,Grey,False,Low Stock,False,Valid SKU
JNE3573-KR-XL,JNE3573,2,Kurta,XL,Grey,False,Low Stock,False,Valid SKU
JNE3573-KR-XS,JNE3573,2,Kurta,XS,Grey,False,Low Stock,False,Valid SKU
JNE3573-KR-XXL,JNE3573,4,Kurta,XXL,Grey,False,Low Stock,False,Valid SKU
JNE3573-KR-XXXL,JNE3573,3,Kurta,XXXL,Grey,False,Low Stock,False,Valid SKU
JNE3574-KR-L,JNE3574,2,Kurta,L,Light Green,False,Low Stock,False,Valid SKU
JNE3574-KR-M,JNE3574,1,Kurta,M,Light Green,False,Low Stock,False,Valid SKU
JNE3574-KR-S,JNE3574,4,Kurta,S,Light Green,False,Low Stock,False,Valid SKU
JNE3574-KR-XL,JNE3574,1,Kurta,XL,Light Green,False,Low Stock,False,Valid SKU
JNE3574-KR-XS,JNE3574,1,Kurta,XS,Light Green,False,Low Stock,False,Valid SKU
JNE3574-KR-XXL,JNE3574,1,Kurta,XXL,Light Green,False,Low Stock,False,Valid SKU
JNE3574-KR-XXXL,JNE3574,2,Kurta,XXXL,Light Green,False,Low Stock,False,Valid SKU
JNE3575-KR-L,JNE3575,1,Kurta,L,Pink,False,Low Stock,False,Valid SKU
JNE3575-KR-M,JNE3575,4,Kurta,M,Pink,False,Low Stock,False,Valid SKU
JNE3575-KR-S,JNE3575,28,Kurta,S,Pink,False,In Stock,False,Valid SKU
JNE3575-KR-XL,JNE3575,3,Kurta,XL,Pink,False,Low Stock,False,Valid SKU
JNE3575-KR-XS,JNE3575,21,Kurta,XS,Pink,False,In Stock,False,Valid SKU
JNE3575-KR-XXL,JNE3575,13,Kurta,XXL,Pink,False,In Stock,False,Valid SKU
JNE3575-KR-XXXL,JNE3575,9,Kurta,XXXL,Pink,False,In Stock,False,Valid SKU
JNE3576-KR-L,JNE3576,56,Kurta,L,Black,False,In Stock,False,Valid SKU
JNE3576-KR-M,JNE3576,39,Kurta,M,Black,False,In Stock,False,Valid SKU
JNE3576-KR-S,JNE3576,21,Kurta,S,Black,False,In Stock,False,Valid SKU
JNE3576-KR-XL,JNE3576,5,Kurta,XL,Black,False,Low Stock,False,Valid SKU
JNE3576-KR-XS,JNE3576,8,Kurta,XS,Black,False,In Stock,False,Valid SKU
JNE3576-KR-XXL,JNE3576,6,Kurta,XXL,Black,False,In Stock,False,Valid SKU
JNE3576-KR-XXXL,JNE3576,3,Kurta,XXXL,Black,False,Low Stock,False,Valid SKU
JNE3577-KR-L,JNE3577,17,Kurta,L,Pink,False,In Stock,False,Valid SKU
JNE3577-KR-M,JNE3577,17,Kurta,M,Pink,False,In Stock,False,Valid SKU
JNE3577-KR-S,JNE3577,14,Kurta,S,Pink,False,In Stock,False,Valid SKU
JNE3577-KR-XL,JNE3577,17,Kurta,XL,Pink,False,In Stock,False,Valid SKU
JNE3577-KR-XS,JNE3577,26,Kurta,XS,Pink,False,In Stock,False,Valid SKU
JNE3577-KR-XXL,JNE3577,36,Kurta,XXL,Pink,False,In Stock,False,Valid SKU
JNE3577-KR-XXXL,JNE3577,26,Kurta,XXXL,Pink,False,In Stock,False,Valid SKU
JNE3578-KR-L,JNE3578,5,Kurta,L,Yellow,False,Low Stock,False,Valid SKU
JNE3578-KR-M,JNE3578,1,Kurta,M,Yellow,False,Low Stock,False,Valid SKU
JNE3578-KR-S,JNE3578,3,Kurta,S,Yellow,False,Low Stock,False,Valid SKU
JNE3578-KR-XL,JNE3578,8,Kurta,XL,Yellow,False,In Stock,False,Valid SKU
JNE3578-KR-XS,JNE3578,6,Kurta,XS,Yellow,False,In Stock,False,Valid SKU
JNE3578-KR-XXL,JNE3578,25,Kurta,XXL,Yellow,False,In Stock,False,Valid SKU
JNE3578-KR-XXXL,JNE3578,2,Kurta,XXXL,Yellow,False,Low Stock,False,Valid SKU
JNE3579-KR-L,JNE3579,2,Kurta,L,Grey,False,Low Stock,False,Valid SKU
JNE3579-KR-M,JNE3579,6,Kurta,M,Grey,False,In Stock,False,Valid SKU
JNE3579-KR-S,JNE3579,8,Kurta,S,Grey,False,In Stock,False,Valid SKU
JNE3579-KR-XL,JNE3579,3,Kurta,XL,Grey,False,Low Stock,False,Valid SKU
JNE3579-KR-XS,JNE3579,2,Kurta,XS,Grey,False,Low Stock,False,Valid SKU
JNE3579-KR-XXL,JNE3579,3,Kurta,XXL,Grey,False,Low Stock,False,Valid SKU
JNE3579-KR-XXXL,JNE3579,4,Kurta,XXXL,Grey,False,Low Stock,False,Valid SKU
JNE3580-DR-L,JNE3580,2,Dress,L,Pink,False,Low Stock,False,Valid SKU
JNE3580-DR-M,JNE3580,1,Dress,M,Pink,False,Low Stock,False,Valid SKU
JNE3580-DR-S,JNE3580,0,Dress,S,Pink,False,Out of Stock,False,Valid SKU
JNE3580-DR-XL,JNE3580,0,Dress,XL,Pink,False,Out of Stock,False,Valid SKU
JNE3580-DR-XS,JNE3580,3,Dress,XS,Pink,False,Low Stock,False,Valid SKU
JNE3580-DR-XXL,JNE3580,2,Dress,XXL,Pink,False,Low Stock,False,Valid SKU
JNE3580-DR-XXXL,JNE3580,2,Dress,XXXL,Pink,False,Low Stock,False,Valid SKU
JNE3581-KR-L,JNE3581,0,Kurta,L,Pink,False,Out of Stock,False,Valid SKU
JNE3581-KR-M,JNE3581,13,Kurta,M,Pink,False,In Stock,False,Valid SKU
JNE3581-KR-S,JNE3581,48,Kurta,S,Pink,False,In Stock,False,Valid SKU
JNE3581-KR-XL,JNE3581,23,Kurta,XL,Pink,False,In Stock,False,Valid SKU
JNE3581-KR-XXL,JNE3581,35,Kurta,XXL,Pink,False,In Stock,False,Valid SKU
JNE3601-KR-L,JNE3601,70,Kurta,L,Light Green,False,In Stock,False,Valid SKU
JNE3601-KR-M,JNE3601,83,Kurta,M,Light Green,False,In Stock,False,Valid SKU
JNE3601-KR-S,JNE3601,56,Kurta,S,Light Green,False,In Stock,False,Valid SKU
JNE3601-KR-XL,JNE3601,75,Kurta,XL,Light Green,False,In Stock,False,Valid SKU
JNE3601-KR-XS,JNE3601,1,Kurta,XS,Light Green,False,Low Stock,False,Valid SKU
JNE3601-KR-XXL,JNE3601,15,Kurta,XXL,Light Green,False,In Stock,False,Valid SKU
JNE3601-KR-XXXL,JNE3601,1,Kurta,XXXL,Light Green,False,Low Stock,False,Valid SKU
JNE3602-KR-L,JNE3602,128,Kurta,L,Pink,False,In Stock,False,Valid SKU
JNE3602-KR-M,JNE3602,93,Kurta,M,Pink,False,In Stock,False,Valid SKU
JNE3602-KR-S,JNE3602,42,Kurta,S,Pink,False,In Stock,False,Valid SKU
JNE3602-KR-XL,JNE3602,154,Kurta,XL,Pink,False,In Stock,False,Valid SKU
JNE3602-KR-XS,JNE3602,22,Kurta,XS,Pink,False,In Stock,False,Valid SKU
JNE3602-KR-XXL,JNE3602,76,Kurta,XXL,Pink,False,In Stock,False,Valid SKU
JNE3602-KR-XXXL,JNE3602,78,Kurta,XXXL,Pink,False,In Stock,False,Valid SKU
JNE3603-KR-L,JNE3603,8,Kurta,L,Wine,False,In Stock,False,Valid SKU
JNE3603-KR-M,JNE3603,9,Kurta,M,Wine,False,In Stock,False,Valid SKU
JNE3603-KR-S,JNE3603,20,Kurta,S,Wine,False,In Stock,False,Valid SKU
JNE3603-KR-XL,JNE3603,5,Kurta,XL,Wine,False,Low Stock,False,Valid SKU
JNE3603-KR-XS,JNE3603,56,Kurta,XS,Wine,False,In Stock,False,Valid SKU
JNE3603-KR-XXL,JNE3603,6,Kurta,XXL,Wine,False,In Stock,False,Valid SKU
JNE3603-KR-XXXL,JNE3603,1,Kurta,XXXL,Wine,False,Low Stock,False,Valid SKU
JNE3604-KR-L,JNE3604,75,Kurta,L,Magenta,False,In Stock,False,Valid SKU
JNE3604-KR-M,JNE3604,67,Kurta,M,Magenta,False,In Stock,False,Valid SKU
JNE3604-KR-S,JNE3604,90,Kurta,S,Magenta,False,In Stock,False,Valid SKU
JNE3604-KR-XL,JNE3604,62,Kurta,XL,Magenta,False,In Stock,False,Valid SKU
JNE3604-KR-XS,JNE3604,15,Kurta,XS,Magenta,False,In Stock,False,Valid SKU
JNE3604-KR-XXL,JNE3604,74,Kurta,XXL,Magenta,False,In Stock,False,Valid SKU
JNE3604-KR-XXXL,JNE3604,2,Kurta,XXXL,Magenta,False,Low Stock,False,Valid SKU
JNE3605-KR-L,JNE3605,3,Kurta,L,Pink,False,Low Stock,False,Valid SKU
JNE3605-KR-M,JNE3605,3,Kurta,M,Pink,False,Low Stock,False,Valid SKU
JNE3605-KR-S,JNE3605,12,Kurta,S,Pink,False,In Stock,False,Valid SKU
JNE3605-KR-XL,JNE3605,7,Kurta,XL,Pink,False,In Stock,False,Valid SKU
JNE3605-KR-XS,JNE3605,9,Kurta,XS,Pink,False,In Stock,False,Valid SKU
JNE3605-KR-XXL,JNE3605,2,Kurta,XXL,Pink,False,Low Stock,False,Valid SKU
JNE3605-KR-XXXL,JNE3605,15,Kurta,XXXL,Pink,False,In Stock,False,Valid SKU
JNE3606-KR-L,JNE3606,5,Kurta,L,Beige,False,Low Stock,False,Valid SKU
JNE3606-KR-M,JNE3606,2,Kurta,M,Beige,False,Low Stock,False,Valid SKU
JNE3606-KR-S,JNE3606,12,Kurta,S,Beige,False,In Stock,False,Valid SKU
JNE3606-KR-XL,JNE3606,4,Kurta,XL,Beige,False,Low Stock,False,Valid SKU
JNE3606-KR-XS,JNE3606,7,Kurta,XS,Beige,False,In Stock,False,Valid SKU
JNE3606-KR-XXL,JNE3606,15,Kurta,XXL,Beige,False,In Stock,False,Valid SKU
JNE3606-KR-XXXL,JNE3606,4,Kurta,XXXL,Beige,False,Low Stock,False,Valid SKU
JNE3607-KR-L,JNE3607,350,Kurta,L,Maroon,False,In Stock,False,Valid SKU
JNE3607-KR-M,JNE3607,257,Kurta,M,Maroon,False,In Stock,False,Valid SKU
JNE3607-KR-S,JNE3607,72,Kurta,S,Maroon,False,In Stock,False,Valid SKU
JNE3607-KR-XL,JNE3607,317,Kurta,XL,Maroon,False,In Stock,False,Valid SKU
JNE3607-KR-XS,JNE3607,244,Kurta,XS,Maroon,False,In Stock,False,Valid SKU
JNE3607-KR-XXL,JNE3607,281,Kurta,XXL,Maroon,False,In Stock,False,Valid SKU
JNE3607-KR-XXXL,JNE3607,181,Kurta,XXXL,Maroon,False,In Stock,False,Valid SKU
JNE3608-KR-L,JNE3608,9,Kurta,L,Maroon,False,In Stock,False,Valid SKU
JNE3608-KR-M,JNE3608,30,Kurta,M,Maroon,False,In Stock,False,Valid SKU
JNE3608-KR-S,JNE3608,30,Kurta,S,Maroon,False,In Stock,False,Valid SKU
JNE3608-KR-XL,JNE3608,13,Kurta,XL,Maroon,False,In Stock,False,Valid SKU
JNE3608-KR-XS,JNE3608,9,Kurta,XS,Maroon,False,In Stock,False,Valid SKU
JNE3608-KR-XXL,JNE3608,24,Kurta,XXL,Maroon,False,In Stock,False,Valid SKU
JNE3608-KR-XXXL,JNE3608,2,Kurta,XXXL,Maroon,False,Low Stock,False,Valid SKU
JNE3609-KR-L,JNE3609,13,Kurta,L,White,False,In Stock,False,Valid SKU
JNE3609-KR-M,JNE3609,34,Kurta,M,White,False,In Stock,False,Valid SKU
JNE3609-KR-S,JNE3609,7,Kurta,S,White,False,In Stock,False,Valid SKU
JNE3609-KR-XL,JNE3609,7,Kurta,XL,White,False,In Stock,False,Valid SKU
JNE3609-KR-XS,JNE3609,28,Kurta,XS,White,False,In Stock,False,Valid SKU
JNE3609-KR-XXL,JNE3609,10,Kurta,XXL,White,False,In Stock,False,Valid SKU
JNE3609-KR-XXXL,JNE3609,10,Kurta,XXXL,White,False,In Stock,False,Valid SKU
JNE3610-KR-L,JNE3610,32,Kurta,L,Teal Green,False,In Stock,False,Valid SKU
JNE3610-KR-M,JNE3610,41,Kurta,M,Teal Green,False,In Stock,False,Valid SKU
JNE3610-KR-S,JNE3610,50,Kurta,S,Teal Green,False,In Stock,False,Valid SKU
JNE3610-KR-XL,JNE3610,40,Kurta,XL,Teal Green,False,In Stock,False,Valid SKU
JNE3610-KR-XS,JNE3610,20,Kurta,XS,Teal Green,False,In Stock,False,Valid SKU
JNE3610-KR-XXL,JNE3610,17,Kurta,XXL,Teal Green,False,In Stock,False,Valid SKU
JNE3610-KR-XXXL,JNE3610,3,Kurta,XXXL,Teal Green,False,Low Stock,False,Valid SKU
JNE3611-KR-L,JNE3611,267,Kurta,L,Black,False,In Stock,False,Valid SKU
JNE3611-KR-M,JNE3611,217,Kurta,M,Black,False,In Stock,False,Valid SKU
JNE3611-KR-S,JNE3611,304,Kurta,S,Black,False,In Stock,False,Valid SKU
JNE3611-KR-XL,JNE3611,140,Kurta,XL,Black,False,In Stock,False,Valid SKU
JNE3611-KR-XS,JNE3611,260,Kurta,XS,Black,False,In Stock,False,Valid SKU
JNE3611-KR-XXL,JNE3611,98,Kurta,XXL,Black,False,In Stock,False,Valid SKU
JNE3611-KR-XXXL,JNE3611,207,Kurta,XXXL,Black,False,In Stock,False,Valid SKU
JNE3612-KR-L,JNE3612,14,Kurta,L,Light Green,False,In Stock,False,Valid SKU
JNE3612-KR-M,JNE3612,45,Kurta,M,Light Green,False,In Stock,False,Valid SKU
JNE3612-KR-S,JNE3612,15,Kurta,S,Light Green,False,In Stock,False,Valid SKU
JNE3612-KR-XL,JNE3612,7,Kurta,XL,Light Green,False,In Stock,False,Valid SKU
JNE3612-KR-XS,JNE3612,8,Kurta,XS,Light Green,False,In Stock,False,Valid SKU
JNE3612-KR-XXL,JNE3612,19,Kurta,XXL,Light Green,False,In Stock,False,Valid SKU
JNE3612-KR-XXXL,JNE3612,2,Kurta,XXXL,Light Green,False,Low Stock,False,Valid SKU
JNE3613-KR-L,JNE3613,779,Kurta,L,Teal,False,In Stock,False,Valid SKU
JNE3613-KR-M,JNE3613,485,Kurta,M,Teal,False,In Stock,False,Valid SKU
JNE3613-KR-S,JNE3613,259,Kurta,S,Teal,False,In Stock,False,Valid SKU
JNE3613-KR-XL,JNE3613,593,Kurta,XL,Teal,False,In Stock,False,Valid SKU
JNE3613-KR-XS,JNE3613,192,Kurta,XS,Teal,False,In Stock,False,Valid SKU
JNE3613-KR-XXL,JNE3613,504,Kurta,XXL,Teal,False,In Stock,False,Valid SKU
JNE3613-KR-XXXL,JNE3613,609,Kurta,XXXL,Teal,False,In Stock,False,Valid SKU
JNE3614-KR-L,JNE3614,57,Kurta,L,Teal Green,False,In Stock,False,Valid SKU
JNE3614-KR-M,JNE3614,76,Kurta,M,Teal Green,False,In Stock,False,Valid SKU
JNE3614-KR-S,JNE3614,81,Kurta,S,Teal Green,False,In Stock,False,Valid SKU
JNE3614-KR-XL,JNE3614,54,Kurta,XL,Teal Green,False,In Stock,False,Valid SKU
JNE3614-KR-XS,JNE3614,17,Kurta,XS,Teal Green,False,In Stock,False,Valid SKU
JNE3614-KR-XXL,JNE3614,39,Kurta,XXL,Teal Green,False,In Stock,False,Valid SKU
JNE3614-KR-XXXL,JNE3614,27,Kurta,XXXL,Teal Green,False,In Stock,False,Valid SKU
JNE3615-KR-L,JNE3615,91,Kurta,L,Navy Blue,False,In Stock,False,Valid SKU
JNE3615-KR-M,JNE3615,57,Kurta,M,Navy Blue,False,In Stock,False,Valid SKU
JNE3615-KR-S,JNE3615,68,Kurta,S,Navy Blue,False,In Stock,False,Valid SKU
JNE3615-KR-XL,JNE3615,22,Kurta,XL,Navy Blue,False,In Stock,False,Valid SKU
JNE3615-KR-XS,JNE3615,8,Kurta,XS,Navy Blue,False,In Stock,False,Valid SKU
JNE3615-KR-XXL,JNE3615,13,Kurta,XXL,Navy Blue,False,In Stock,False,Valid SKU
JNE3615-KR-XXXL,JNE3615,0,Kurta,XXXL,Navy Blue,False,Out of Stock,False,Valid SKU
JNE3616-KR-L,JNE3616,5,Kurta,L,Maroon,False,Low Stock,False,Valid SKU
JNE3616-KR-M,JNE3616,7,Kurta,M,Maroon,False,In Stock,False,Valid SKU
JNE3616-KR-S,JNE3616,16,Kurta,S,Maroon,False,In Stock,False,Valid SKU
JNE3616-KR-XL,JNE3616,4,Kurta,XL,Maroon,False,Low Stock,False,Valid SKU
JNE3616-KR-XS,JNE3616,5,Kurta,XS,Maroon,False,Low Stock,False,Valid SKU
JNE3616-KR-XXL,JNE3616,3,Kurta,XXL,Maroon,False,Low Stock,False,Valid SKU
JNE3616-KR-XXXL,JNE3616,6,Kurta,XXXL,Maroon,False,In Stock,False,Valid SKU
JNE3617-KR-L,JNE3617,44,Kurta,L,Black,False,In Stock,False,Valid SKU
JNE3617-KR-M,JNE3617,47,Kurta,M,Black,False,In Stock,False,Valid SKU
JNE3617-KR-S,JNE3617,120,Kurta,S,Black,False,In Stock,False,Valid SKU
JNE3617-KR-XL,JNE3617,45,Kurta,XL,Black,False,In Stock,False,Valid SKU
JNE3617-KR-XS,JNE3617,13,Kurta,XS,Black,False,In Stock,False,Valid SKU
JNE3617-KR-XXL,JNE3617,91,Kurta,XXL,Black,False,In Stock,False,Valid SKU
JNE3617-KR-XXXL,JNE3617,3,Kurta,XXXL,Black,False,Low Stock,False,Valid SKU
JNE3618-KR-L,JNE3618,1,Kurta,L,Teal,False,Low Stock,False,Valid SKU
JNE3618-KR-M,JNE3618,9,Kurta,M,Teal,False,In Stock,False,Valid SKU
JNE3618-KR-S,JNE3618,7,Kurta,S,Teal,False,In Stock,False,Valid SKU
JNE3618-KR-XL,JNE3618,5,Kurta,XL,Teal,False,Low Stock,False,Valid SKU
JNE3618-KR-XS,JNE3618,8,Kurta,XS,Teal,False,In Stock,False,Valid SKU
JNE3618-KR-XXL,JNE3618,2,Kurta,XXL,Teal,False,Low Stock,False,Valid SKU
JNE3618-KR-XXXL,JNE3618,13,Kurta,XXXL,Teal,False,In Stock,False,Valid SKU
JNE3619-KR-L,JNE3619,10,Kurta,L,Black,False,In Stock,False,Valid SKU
JNE3619-KR-M,JNE3619,9,Kurta,M,Black,False,In Stock,False,Valid SKU
JNE3619-KR-S,JNE3619,24,Kurta,S,Black,False,In Stock,False,Valid SKU
JNE3619-KR-XL,JNE3619,10,Kurta,XL,Black,False,In Stock,False,Valid SKU
JNE3619-KR-XS,JNE3619,3,Kurta,XS,Black,False,Low Stock,False,Valid SKU
JNE3619-KR-XXL,JNE3619,4,Kurta,XXL,Black,False,Low Stock,False,Valid SKU
JNE3619-KR-XXXL,JNE3619,1,Kurta,XXXL,Black,False,Low Stock,False,Valid SKU
JNE3620-KR-L,JNE3620,14,Kurta,L,Magenta,False,In Stock,False,Valid SKU
JNE3620-KR-M,JNE3620,23,Kurta,M,Magenta,False,In Stock,False,Valid SKU
JNE3620-KR-S,JNE3620,21,Kurta,S,Magenta,False,In Stock,False,Valid SKU
JNE3620-KR-XL,JNE3620,20,Kurta,XL,Magenta,False,In Stock,False,Valid SKU
JNE3620-KR-XS,JNE3620,1,Kurta,XS,Magenta,False,Low Stock,False,Valid SKU
JNE3620-KR-XXL,JNE3620,2,Kurta,XXL,Magenta,False,Low Stock,False,Valid SKU
JNE3620-KR-XXXL,JNE3620,2,Kurta,XXXL,Magenta,False,Low Stock,False,Valid SKU
JNE3621-KR-L,JNE3621,9,Kurta,L,Off White,False,In Stock,False,Valid SKU
JNE3621-KR-M,JNE3621,4,Kurta,M,Off White,False,Low Stock,False,Valid SKU
JNE3621-KR-S,JNE3621,8,Kurta,S,Off White,False,In Stock,False,Valid SKU
JNE3621-KR-XL,JNE3621,5,Kurta,XL,Off White,False,Low Stock,False,Valid SKU
JNE3621-KR-XS,JNE3621,18,Kurta,XS,Off White,False,In Stock,False,Valid SKU
JNE3621-KR-XXL,JNE3621,5,Kurta,XXL,Off White,False,Low Stock,False,Valid SKU
JNE3621-KR-XXXL,JNE3621,17,Kurta,XXXL,Off White,False,In Stock,False,Valid SKU
JNE3622-KR-L,JNE3622,5,Kurta,L,Black,False,Low Stock,False,Valid SKU
JNE3622-KR-M,JNE3622,2,Kurta,M,Black,False,Low Stock,False,Valid SKU
JNE3622-KR-S,JNE3622,38,Kurta,S,Black,False,In Stock,False,Valid SKU
JNE3622-KR-XL,JNE3622,1,Kurta,XL,Black,False,Low Stock,False,Valid SKU
JNE3622-KR-XS,JNE3622,25,Kurta,XS,Black,False,In Stock,False,Valid SKU
JNE3622-KR-XXL,JNE3622,6,Kurta,XXL,Black,False,In Stock,False,Valid SKU
JNE3622-KR-XXXL,JNE3622,2,Kurta,XXXL,Black,False,Low Stock,False,Valid SKU
JNE3623-KR-L,JNE3623,0,Kurta,L,Green,False,Out of Stock,False,Valid SKU
JNE3623-KR-M,JNE3623,2,Kurta,M,Green,False,Low Stock,False,Valid SKU
JNE3623-KR-S,JNE3623,2,Kurta,S,Green,False,Low Stock,False,Valid SKU
JNE3623-KR-XL,JNE3623,0,Kurta,XL,Green,False,Out of Stock,False,Valid SKU
JNE3623-KR-XS,JNE3623,6,Kurta,XS,Green,False,In Stock,False,Valid SKU
JNE3623-KR-XXL,JNE3623,0,Kurta,XXL,Green,False,Out of Stock,False,Valid SKU
JNE3623-KR-XXXL,JNE3623,8,Kurta,XXXL,Green,False,In Stock,False,Valid SKU
JNE3624-KR-L,JNE3624,0,Kurta,L,Taupe,False,Out of Stock,False,Valid SKU
JNE3624-KR-M,JNE3624,0,Kurta,M,Taupe,False,Out of Stock,False,Valid SKU
JNE3624-KR-S,JNE3624,3,Kurta,S,Taupe,False,Low Stock,False,Valid SKU
JNE3624-KR-XL,JNE3624,1,Kurta,XL,Taupe,False,Low Stock,False,Valid SKU
,JNE3624,1,Kurta,XS,Taupe,True,Low Stock,False,Missing / Invalid SKU
JNE3624-KR-XXL,JNE3624,1,Kurta,XXL,Taupe,False,Low Stock,False,Valid SKU
JNE3625-DR-L,JNE3625,5,Dress,L,Peach,False,Low Stock,False,Valid SKU
JNE3625-DR-M,JNE3625,9,Dress,M,Peach,False,In Stock,False,Valid SKU
JNE3625-DR-S,JNE3625,32,Dress,S,Peach,False,In Stock,False,Valid SKU
JNE3625-DR-XL,JNE3625,8,Dress,XL,Peach,False,In Stock,False,Valid SKU
JNE3625-DR-XS,JNE3625,38,Dress,XS,Peach,False,In Stock,False,Valid SKU
JNE3625-DR-XXL,JNE3625,21,Dress,XXL,Peach,False,In Stock,False,Valid SKU
JNE3625-DR-XXXL,JNE3625,31,Dress,XXXL,Peach,False,In Stock,False,Valid SKU
JNE3626-KR-L,JNE3626,1,Kurta,L,Black,False,Low Stock,False,Valid SKU
JNE3626-KR-M,JNE3626,2,Kurta,M,Black,False,Low Stock,False,Valid SKU
JNE3626-KR-S,JNE3626,4,Kurta,S,Black,False,Low Stock,False,Valid SKU
JNE3626-KR-XL,JNE3626,1,Kurta,XL,Black,False,Low Stock,False,Valid SKU
JNE3626-KR-XXL,JNE3626,2,Kurta,XXL,Black,False,Low Stock,False,Valid SKU
JNE3627-KR-L,JNE3627,2,Kurta,L,Turquoise Blue,False,Low Stock,False,Valid SKU
JNE3627-KR-M,JNE3627,4,Kurta,M,Turquoise Blue,False,Low Stock,False,Valid SKU
JNE3627-KR-S,JNE3627,3,Kurta,S,Turquoise Blue,False,Low Stock,False,Valid SKU
JNE3627-KR-XL,JNE3627,4,Kurta,XL,Turquoise Blue,False,Low Stock,False,Valid SKU
JNE3627-KR-XS,JNE3627,7,Kurta,XS,Turquoise Blue,False,In Stock,False,Valid SKU
JNE3627-KR-XXL,JNE3627,3,Kurta,XXL,Turquoise Blue,False,Low Stock,False,Valid SKU
JNE3627-KR-XXXL,JNE3627,2,Kurta,XXXL,Turquoise Blue,False,Low Stock,False,Valid SKU
JNE3628-KR-L,JNE3628,3,Kurta,L,Brown,False,Low Stock,False,Valid SKU
JNE3628-KR-M,JNE3628,2,Kurta,M,Brown,False,Low Stock,False,Valid SKU
JNE3628-KR-S,JNE3628,37,Kurta,S,Brown,False,In Stock,False,Valid SKU
JNE3628-KR-XL,JNE3628,2,Kurta,XL,Brown,False,Low Stock,False,Valid SKU
JNE3628-KR-XS,JNE3628,56,Kurta,XS,Brown,False,In Stock,False,Valid SKU
JNE3628-KR-XXL,JNE3628,6,Kurta,XXL,Brown,False,In Stock,False,Valid SKU
JNE3628-KR-XXXL,JNE3628,34,Kurta,XXXL,Brown,False,In Stock,False,Valid SKU
JNE3629-KR-L,JNE3629,3,Kurta,L,Green,False,Low Stock,False,Valid SKU
JNE3629-KR-M,JNE3629,1,Kurta,M,Green,False,Low Stock,False,Valid SKU
JNE3629-KR-S,JNE3629,10,Kurta,S,Green,False,In Stock,False,Valid SKU
JNE3629-KR-XL,JNE3629,2,Kurta,XL,Green,False,Low Stock,False,Valid SKU
JNE3629-KR-XS,JNE3629,21,Kurta,XS,Green,False,In Stock,False,Valid SKU
JNE3629-KR-XXL,JNE3629,1,Kurta,XXL,Green,False,Low Stock,False,Valid SKU
JNE3629-KR-XXXL,JNE3629,7,Kurta,XXXL,Green,False,In Stock,False,Valid SKU
JNE3630-KR-L,JNE3630,11,Kurta,L,Blue,False,In Stock,False,Valid SKU
JNE3630-KR-M,JNE3630,9,Kurta,M,Blue,False,In Stock,False,Valid SKU
JNE3630-KR-S,JNE3630,16,Kurta,S,Blue,False,In Stock,False,Valid SKU
JNE3630-KR-XL,JNE3630,8,Kurta,XL,Blue,False,In Stock,False,Valid SKU
JNE3630-KR-XS,JNE3630,17,Kurta,XS,Blue,False,In Stock,False,Valid SKU
JNE3630-KR-XXL,JNE3630,4,Kurta,XXL,Blue,False,Low Stock,False,Valid SKU
JNE3630-KR-XXXL,JNE3630,4,Kurta,XXXL,Blue,False,Low Stock,False,Valid SKU
JNE3631-DR-L,JNE3631,1,Dress,L,Blue,False,Low Stock,False,Valid SKU
JNE3631-DR-M,JNE3631,2,Dress,M,Blue,False,Low Stock,False,Valid SKU
JNE3631-DR-S,JNE3631,5,Dress,S,Blue,False,Low Stock,False,Valid SKU
JNE3631-DR-XL,JNE3631,2,Dress,XL,Blue,False,Low Stock,False,Valid SKU
JNE3631-DR-XS,JNE3631,4,Dress,XS,Blue,False,Low Stock,False,Valid SKU
JNE3631-DR-XXL,JNE3631,2,Dress,XXL,Blue,False,Low Stock,False,Valid SKU
JNE3631-DR-XXXL,JNE3631,2,Dress,XXXL,Blue,False,Low Stock,False,Valid SKU
JNE3633-KR-L,JNE3633,52,Kurta,L,Green,False,In Stock,False,Valid SKU
JNE3633-KR-M,JNE3633,55,Kurta,M,Green,False,In Stock,False,Valid SKU
JNE3633-KR-S,JNE3633,30,Kurta,S,Green,False,In Stock,False,Valid SKU
JNE3633-KR-XL,JNE3633,27,Kurta,XL,Green,False,In Stock,False,Valid SKU
JNE3633-KR-XS,JNE3633,8,Kurta,XS,Green,False,In Stock,False,Valid SKU
JNE3633-KR-XXL,JNE3633,11,Kurta,XXL,Green,False,In Stock,False,Valid SKU
JNE3633-KR-XXXL,JNE3633,13,Kurta,XXXL,Green,False,In Stock,False,Valid SKU
JNE3634-KR-L,JNE3634,19,Kurta,L,Teal,False,In Stock,False,Valid SKU
JNE3634-KR-M,JNE3634,21,Kurta,M,Teal,False,In Stock,False,Valid SKU
JNE3634-KR-S,JNE3634,54,Kurta,S,Teal,False,In Stock,False,Valid SKU
JNE3634-KR-XL,JNE3634,9,Kurta,XL,Teal,False,In Stock,False,Valid SKU
JNE3634-KR-XS,JNE3634,29,Kurta,XS,Teal,False,In Stock,False,Valid SKU
JNE3634-KR-XXL,JNE3634,103,Kurta,XXL,Teal,False,In Stock,False,Valid SKU
JNE3634-KR-XXXL,JNE3634,3,Kurta,XXXL,Teal,False,Low Stock,False,Valid SKU
JNE3635-KR-L,JNE3635,105,Kurta,L,Maroon,False,In Stock,False,Valid SKU
JNE3635-KR-M,JNE3635,102,Kurta,M,Maroon,False,In Stock,False,Valid SKU
JNE3635-KR-S,JNE3635,101,Kurta,S,Maroon,False,In Stock,False,Valid SKU
JNE3635-KR-XL,JNE3635,88,Kurta,XL,Maroon,False,In Stock,False,Valid SKU
JNE3635-KR-XS,JNE3635,23,Kurta,XS,Maroon,False,In Stock,False,Valid SKU
JNE3635-KR-XXL,JNE3635,87,Kurta,XXL,Maroon,False,In Stock,False,Valid SKU
JNE3635-KR-XXXL,JNE3635,7,Kurta,XXXL,Maroon,False,In Stock,False,Valid SKU
JNE3636-KR-L,JNE3636,51,Kurta,L,Maroon,False,In Stock,False,Valid SKU
JNE3636-KR-M,JNE3636,62,Kurta,M,Maroon,False,In Stock,False,Valid SKU
JNE3636-KR-S,JNE3636,14,Kurta,S,Maroon,False,In Stock,False,Valid SKU
JNE3636-KR-XL,JNE3636,61,Kurta,XL,Maroon,False,In Stock,False,Valid SKU
JNE3636-KR-XS,JNE3636,7,Kurta,XS,Maroon,False,In Stock,False,Valid SKU
JNE3636-KR-XXL,JNE3636,74,Kurta,XXL,Maroon,False,In Stock,False,Valid SKU
JNE3636-KR-XXXL,JNE3636,8,Kurta,XXXL,Maroon,False,In Stock,False,Valid SKU
JNE3637-KR-L,JNE3637,2,Kurta,L,Charcoal,False,Low Stock,False,Valid SKU
JNE3637-KR-M,JNE3637,11,Kurta,M,Charcoal,False,In Stock,False,Valid SKU
JNE3637-KR-S,JNE3637,53,Kurta,S,Charcoal,False,In Stock,False,Valid SKU
JNE3637-KR-XL,JNE3637,1,Kurta,XL,Charcoal,False,Low Stock,False,Valid SKU
JNE3637-KR-XS,JNE3637,27,Kurta,XS,Charcoal,False,In Stock,False,Valid SKU
JNE3637-KR-XXL,JNE3637,2,Kurta,XXL,Charcoal,False,Low Stock,False,Valid SKU
JNE3637-KR-XXXL,JNE3637,12,Kurta,XXXL,Charcoal,False,In Stock,False,Valid SKU
JNE3638-KR-L,JNE3638,58,Kurta,L,Orange,False,In Stock,False,Valid SKU
JNE3638-KR-M,JNE3638,72,Kurta,M,Orange,False,In Stock,False,Valid SKU
JNE3638-KR-S,JNE3638,28,Kurta,S,Orange,False,In Stock,False,Valid SKU
JNE3638-KR-XL,JNE3638,73,Kurta,XL,Orange,False,In Stock,False,Valid SKU
JNE3638-KR-XS,JNE3638,37,Kurta,XS,Orange,False,In Stock,False,Valid SKU
JNE3638-KR-XXL,JNE3638,21,Kurta,XXL,Orange,False,In Stock,False,Valid SKU
JNE3638-KR-XXXL,JNE3638,29,Kurta,XXXL,Orange,False,In Stock,False,Valid SKU
JNE3639-TP-L,JNE3639,30,Top,L,Maroon,False,In Stock,False,Valid SKU
JNE3639-TP-M,JNE3639,8,Top,M,Maroon,False,In Stock,False,Valid SKU
JNE3639-TP-S,JNE3639,10,Top,S,Maroon,False,In Stock,False,Valid SKU
JNE3639-TP-XL,JNE3639,5,Top,XL,Maroon,False,Low Stock,False,Valid SKU
JNE3639-TP-XS,JNE3639,21,Top,XS,Maroon,False,In Stock,False,Valid SKU
JNE3639-TP-XXL,JNE3639,15,Top,XXL,Maroon,False,In Stock,False,Valid SKU
,JNE3639,1,Top,XXXL,Maroon,True,Low Stock,False,Missing / Invalid SKU
JNE3640-TP-L,JNE3640,61,Top,L,Green,False,In Stock,False,Valid SKU
JNE3640-TP-M,JNE3640,56,Top,M,Green,False,In Stock,False,Valid SKU
JNE3640-TP-S,JNE3640,6,Top,S,Green,False,In Stock,False,Valid SKU
JNE3640-TP-XL,JNE3640,6,Top,XL,Green,False,In Stock,False,Valid SKU
JNE3640-TP-XS,JNE3640,18,Top,XS,Green,False,In Stock,False,Valid SKU
JNE3640-TP-XXL,JNE3640,3,Top,XXL,Green,False,Low Stock,False,Valid SKU
JNE3641-TP-L,JNE3641,0,Top,L,Black,False,Out of Stock,False,Valid SKU
JNE3641-TP-M,JNE3641,0,Top,M,Black,False,Out of Stock,False,Valid SKU
JNE3641-TP-S,JNE3641,4,Top,S,Black,False,Low Stock,False,Valid SKU
JNE3641-TP-XL,JNE3641,0,Top,XL,Black,False,Out of Stock,False,Valid SKU
JNE3641-TP-XS,JNE3641,3,Top,XS,Black,False,Low Stock,False,Valid SKU
JNE3641-TP-XXL,JNE3641,2,Top,XXL,Black,False,Low Stock,False,Valid SKU
JNE3642-TP-L,JNE3642,2,Top,L,Peach,False,Low Stock,False,Valid SKU
JNE3642-TP-M,JNE3642,0,Top,M,Peach,False,Out of Stock,False,Valid SKU
JNE3642-TP-S,JNE3642,0,Top,S,Peach,False,Out of Stock,False,Valid SKU
JNE3642-TP-XL,JNE3642,3,Top,XL,Peach,False,Low Stock,False,Valid SKU
JNE3642-TP-XS,JNE3642,3,Top,XS,Peach,False,Low Stock,False,Valid SKU
JNE3642-TP-XXL,JNE3642,3,Top,XXL,Peach,False,Low Stock,False,Valid SKU
JNE3643-TP-L,JNE3643,0,Top,L,Cream,False,Out of Stock,False,Valid SKU
JNE3643-TP-M,JNE3643,1,Top,M,Cream,False,Low Stock,False,Valid SKU
JNE3643-TP-S,JNE3643,2,Top,S,Cream,False,Low Stock,False,Valid SKU
JNE3643-TP-XL,JNE3643,2,Top,XL,Cream,False,Low Stock,False,Valid SKU
JNE3643-TP-XS,JNE3643,4,Top,XS,Cream,False,Low Stock,False,Valid SKU
JNE3643-TP-XXL,JNE3643,2,Top,XXL,Cream,False,Low Stock,False,Valid SKU
JNE3644-TP-L,JNE3644,1,Top,L,Blue,False,Low Stock,False,Valid SKU
JNE3644-TP-M,JNE3644,0,Top,M,Blue,False,Out of Stock,False,Valid SKU
JNE3644-TP-S,JNE3644,1,Top,S,Blue,False,Low Stock,False,Valid SKU
JNE3644-TP-XL,JNE3644,3,Top,XL,Blue,False,Low Stock,False,Valid SKU
JNE3644-TP-XS,JNE3644,1,Top,XS,Blue,False,Low Stock,False,Valid SKU
JNE3644-TP-XXL,JNE3644,3,Top,XXL,Blue,False,Low Stock,False,Valid SKU
JNE3645-TP-L,JNE3645,205,Top,L,Red,False,In Stock,False,Valid SKU
JNE3645-TP-M,JNE3645,214,Top,M,Red,False,In Stock,False,Valid SKU
JNE3645-TP-S,JNE3645,315,Top,S,Red,False,In Stock,False,Valid SKU
JNE3645-TP-XL,JNE3645,81,Top,XL,Red,False,In Stock,False,Valid SKU
JNE3645-TP-XS,JNE3645,288,Top,XS,Red,False,In Stock,False,Valid SKU
JNE3645-TP-XXL,JNE3645,99,Top,XXL,Red,False,In Stock,False,Valid SKU
,JNE3645,0,Top,XXXL,Red,True,Out of Stock,False,Missing / Invalid SKU
JNE3647-TP-L,JNE3647,1,Top,L,Pink,False,Low Stock,False,Valid SKU
JNE3647-TP-M,JNE3647,2,Top,M,Pink,False,Low Stock,False,Valid SKU
JNE3647-TP-S,JNE3647,2,Top,S,Pink,False,Low Stock,False,Valid SKU
JNE3647-TP-XL,JNE3647,1,Top,XL,Pink,False,Low Stock,False,Valid SKU
JNE3647-TP-XS,JNE3647,6,Top,XS,Pink,False,In Stock,False,Valid SKU
JNE3647-TP-XXL,JNE3647,1,Top,XXL,Pink,False,Low Stock,False,Valid SKU
JNE3648-TP-L,JNE3648,6,Top,L,Cream,False,In Stock,False,Valid SKU
JNE3648-TP-M,JNE3648,3,Top,M,Cream,False,Low Stock,False,Valid SKU
JNE3648-TP-S,JNE3648,7,Top,S,Cream,False,In Stock,False,Valid SKU
JNE3648-TP-XL,JNE3648,5,Top,XL,Cream,False,Low Stock,False,Valid SKU
JNE3648-TP-XS,JNE3648,4,Top,XS,Cream,False,Low Stock,False,Valid SKU
JNE3648-TP-XXL,JNE3648,7,Top,XXL,Cream,False,In Stock,False,Valid SKU
JNE3649-TP-L,JNE3649,1,Top,L,Black,False,Low Stock,False,Valid SKU
JNE3649-TP-M,JNE3649,0,Top,M,Black,False,Out of Stock,False,Valid SKU
JNE3649-TP-S,JNE3649,2,Top,S,Black,False,Low Stock,False,Valid SKU
JNE3649-TP-XL,JNE3649,3,Top,XL,Black,False,Low Stock,False,Valid SKU
JNE3649-TP-XS,JNE3649,4,Top,XS,Black,False,Low Stock,False,Valid SKU
JNE3649-TP-XXL,JNE3649,2,Top,XXL,Black,False,Low Stock,False,Valid SKU
JNE3651-TP-L,JNE3651,19,Top,L,Maroon,False,In Stock,False,Valid SKU
JNE3651-TP-M,JNE3651,7,Top,M,Maroon,False,In Stock,False,Valid SKU
JNE3651-TP-S,JNE3651,11,Top,S,Maroon,False,In Stock,False,Valid SKU
JNE3651-TP-XL,JNE3651,3,Top,XL,Maroon,False,Low Stock,False,Valid SKU
JNE3651-TP-XS,JNE3651,19,Top,XS,Maroon,False,In Stock,False,Valid SKU
JNE3651-TP-XXL,JNE3651,6,Top,XXL,Maroon,False,In Stock,False,Valid SKU
JNE3652-TP-L,JNE3652,9,Top,L,Off White,False,In Stock,False,Valid SKU
JNE3652-TP-M,JNE3652,3,Top,M,Off White,False,Low Stock,False,Valid SKU
JNE3652-TP-S,JNE3652,2,Top,S,Off White,False,Low Stock,False,Valid SKU
JNE3652-TP-XL,JNE3652,5,Top,XL,Off White,False,Low Stock,False,Valid SKU
JNE3652-TP-XS,JNE3652,2,Top,XS,Off White,False,Low Stock,False,Valid SKU
JNE3652-TP-XXL,JNE3652,4,Top,XXL,Off White,False,Low Stock,False,Valid SKU
JNE3652-TP-XXXL,JNE3652,1,Top,XXXL,Off White,False,Low Stock,False,Valid SKU
JNE3653-TP-L,JNE3653,2,Top,L,Cream,False,Low Stock,False,Valid SKU
JNE3653-TP-M,JNE3653,1,Top,M,Cream,False,Low Stock,False,Valid SKU
JNE3653-TP-S,JNE3653,0,Top,S,Cream,False,Out of Stock,False,Valid SKU
JNE3653-TP-XL,JNE3653,4,Top,XL,Cream,False,Low Stock,False,Valid SKU
JNE3653-TP-XS,JNE3653,3,Top,XS,Cream,False,Low Stock,False,Valid SKU
JNE3653-TP-XXL,JNE3653,3,Top,XXL,Cream,False,Low Stock,False,Valid SKU
JNE3654-TP-L,JNE3654,7,Top,L,Blue,False,In Stock,False,Valid SKU
JNE3654-TP-M,JNE3654,4,Top,M,Blue,False,Low Stock,False,Valid SKU
JNE3654-TP-S,JNE3654,2,Top,S,Blue,False,Low Stock,False,Valid SKU
JNE3654-TP-XL,JNE3654,11,Top,XL,Blue,False,In Stock,False,Valid SKU
JNE3654-TP-XS,JNE3654,3,Top,XS,Blue,False,Low Stock,False,Valid SKU
JNE3654-TP-XXL,JNE3654,4,Top,XXL,Blue,False,Low Stock,False,Valid SKU
JNE3655-TP-L,JNE3655,27,Top,L,Blue,False,In Stock,False,Valid SKU
JNE3655-TP-M,JNE3655,1,Top,M,Blue,False,Low Stock,False,Valid SKU
JNE3655-TP-S,JNE3655,12,Top,S,Blue,False,In Stock,False,Valid SKU
JNE3655-TP-XL,JNE3655,33,Top,XL,Blue,False,In Stock,False,Valid SKU
JNE3655-TP-XS,JNE3655,8,Top,XS,Blue,False,In Stock,False,Valid SKU
JNE3655-TP-XXL,JNE3655,35,Top,XXL,Blue,False,In Stock,False,Valid SKU
JNE3656-TP-L,JNE3656,70,Top,L,Black,False,In Stock,False,Valid SKU
JNE3656-TP-M,JNE3656,52,Top,M,Black,False,In Stock,False,Valid SKU
JNE3656-TP-S,JNE3656,49,Top,S,Black,False,In Stock,False,Valid SKU
JNE3656-TP-XL,JNE3656,67,Top,XL,Black,False,In Stock,False,Valid SKU
JNE3656-TP-XS,JNE3656,26,Top,XS,Black,False,In Stock,False,Valid SKU
JNE3656-TP-XXL,JNE3656,54,Top,XXL,Black,False,In Stock,False,Valid SKU
JNE3657-TP-L,JNE3657,2,Top,L,Black,False,Low Stock,False,Valid SKU
JNE3657-TP-M,JNE3657,2,Top,M,Black,False,Low Stock,False,Valid SKU
JNE3657-TP-S,JNE3657,0,Top,S,Black,False,Out of Stock,False,Valid SKU
JNE3657-TP-XL,JNE3657,2,Top,XL,Black,False,Low Stock,False,Valid SKU
JNE3657-TP-XS,JNE3657,3,Top,XS,Black,False,Low Stock,False,Valid SKU
JNE3657-TP-XXL,JNE3657,2,Top,XXL,Black,False,Low Stock,False,Valid SKU
,JNE3657,0,Top,XXXL,Black,True,Out of Stock,False,Missing / Invalid SKU
JNE3658-TP-L,JNE3658,6,Top,L,White,False,In Stock,False,Valid SKU
JNE3658-TP-M,JNE3658,3,Top,M,White,False,Low Stock,False,Valid SKU
JNE3658-TP-S,JNE3658,5,Top,S,White,False,Low Stock,False,Valid SKU
JNE3658-TP-XL,JNE3658,21,Top,XL,White,False,In Stock,False,Valid SKU
JNE3658-TP-XS,JNE3658,2,Top,XS,White,False,Low Stock,False,Valid SKU
JNE3658-TP-XXL,JNE3658,4,Top,XXL,White,False,Low Stock,False,Valid SKU
JNE3659-TP-L,JNE3659,29,Top,L,Teal,False,In Stock,False,Valid SKU
JNE3659-TP-M,JNE3659,123,Top,M,Teal,False,In Stock,False,Valid SKU
JNE3659-TP-S,JNE3659,77,Top,S,Teal,False,In Stock,False,Valid SKU
JNE3659-TP-XL,JNE3659,76,Top,XL,Teal,False,In Stock,False,Valid SKU
JNE3659-TP-XS,JNE3659,12,Top,XS,Teal,False,In Stock,False,Valid SKU
JNE3659-TP-XXL,JNE3659,47,Top,XXL,Teal,False,In Stock,False,Valid SKU
JNE3660-TP-L,JNE3660,16,Top,L,Sky Blue,False,In Stock,False,Valid SKU
JNE3660-TP-M,JNE3660,11,Top,M,Sky Blue,False,In Stock,False,Valid SKU
JNE3660-TP-S,JNE3660,17,Top,S,Sky Blue,False,In Stock,False,Valid SKU
JNE3660-TP-XL,JNE3660,19,Top,XL,Sky Blue,False,In Stock,False,Valid SKU
JNE3660-TP-XS,JNE3660,10,Top,XS,Sky Blue,False,In Stock,False,Valid SKU
JNE3660-TP-XXL,JNE3660,11,Top,XXL,Sky Blue,False,In Stock,False,Valid SKU
JNE3661-TP-L,JNE3661,2,Top,L,Pink,False,Low Stock,False,Valid SKU
JNE3661-TP-M,JNE3661,0,Top,M,Pink,False,Out of Stock,False,Valid SKU
JNE3661-TP-S,JNE3661,0,Top,S,Pink,False,Out of Stock,False,Valid SKU
JNE3661-TP-XL,JNE3661,5,Top,XL,Pink,False,Low Stock,False,Valid SKU
JNE3661-TP-XS,JNE3661,2,Top,XS,Pink,False,Low Stock,False,Valid SKU
JNE3661-TP-XXL,JNE3661,5,Top,XXL,Pink,False,Low Stock,False,Valid SKU
JNE3662-TP-L,JNE3662,1,Top,L,Peach,False,Low Stock,False,Valid SKU
JNE3662-TP-M,JNE3662,2,Top,M,Peach,False,Low Stock,False,Valid SKU
JNE3662-TP-S,JNE3662,4,Top,S,Peach,False,Low Stock,False,Valid SKU
JNE3662-TP-XL,JNE3662,2,Top,XL,Peach,False,Low Stock,False,Valid SKU
JNE3662-TP-XS,JNE3662,6,Top,XS,Peach,False,In Stock,False,Valid SKU
JNE3662-TP-XXL,JNE3662,4,Top,XXL,Peach,False,Low Stock,False,Valid SKU
JNE3663-TP-L,JNE3663,2,Top,L,Grey,False,Low Stock,False,Valid SKU
JNE3663-TP-M,JNE3663,3,Top,M,Grey,False,Low Stock,False,Valid SKU
JNE3663-TP-S,JNE3663,1,Top,S,Grey,False,Low Stock,False,Valid SKU
JNE3663-TP-XL,JNE3663,1,Top,XL,Grey,False,Low Stock,False,Valid SKU
JNE3663-TP-XS,JNE3663,0,Top,XS,Grey,False,Out of Stock,False,Valid SKU
JNE3663-TP-XXL,JNE3663,2,Top,XXL,Grey,False,Low Stock,False,Valid SKU
JNE3664-TP-L,JNE3664,2,Top,L,Green,False,Low Stock,False,Valid SKU
JNE3664-TP-M,JNE3664,2,Top,M,Green,False,Low Stock,False,Valid SKU
JNE3664-TP-S,JNE3664,8,Top,S,Green,False,In Stock,False,Valid SKU
JNE3664-TP-XL,JNE3664,2,Top,XL,Green,False,Low Stock,False,Valid SKU
JNE3664-TP-XS,JNE3664,11,Top,XS,Green,False,In Stock,False,Valid SKU
JNE3664-TP-XXL,JNE3664,0,Top,XXL,Green,False,Out of Stock,False,Valid SKU
JNE3665-TP-L,JNE3665,43,Top,L,Grey,False,In Stock,False,Valid SKU
JNE3665-TP-M,JNE3665,39,Top,M,Grey,False,In Stock,False,Valid SKU
JNE3665-TP-S,JNE3665,1,Top,S,Grey,False,Low Stock,False,Valid SKU
JNE3665-TP-XL,JNE3665,5,Top,XL,Grey,False,Low Stock,False,Valid SKU
JNE3665-TP-XS,JNE3665,8,Top,XS,Grey,False,In Stock,False,Valid SKU
JNE3665-TP-XXL,JNE3665,5,Top,XXL,Grey,False,Low Stock,False,Valid SKU
JNE3666-TP-L,JNE3666,2,Top,L,Beige,False,Low Stock,False,Valid SKU
JNE3666-TP-M,JNE3666,2,Top,M,Beige,False,Low Stock,False,Valid SKU
JNE3666-TP-S,JNE3666,3,Top,S,Beige,False,Low Stock,False,Valid SKU
JNE3666-TP-XL,JNE3666,5,Top,XL,Beige,False,Low Stock,False,Valid SKU
JNE3666-TP-XS,JNE3666,0,Top,XS,Beige,False,Out of Stock,False,Valid SKU
JNE3666-TP-XXL,JNE3666,17,Top,XXL,Beige,False,In Stock,False,Valid SKU
JNE3667-TP-L,JNE3667,3,Top,L,Mustard,False,Low Stock,False,Valid SKU
JNE3667-TP-M,JNE3667,4,Top,M,Mustard,False,Low Stock,False,Valid SKU
JNE3667-TP-S,JNE3667,6,Top,S,Mustard,False,In Stock,False,Valid SKU
JNE3667-TP-XL,JNE3667,7,Top,XL,Mustard,False,In Stock,False,Valid SKU
JNE3667-TP-XS,JNE3667,5,Top,XS,Mustard,False,Low Stock,False,Valid SKU
JNE3667-TP-XXL,JNE3667,4,Top,XXL,Mustard,False,Low Stock,False,Valid SKU
JNE3668-TP-L,JNE3668,2,Top,L,Maroon,False,Low Stock,False,Valid SKU
JNE3668-TP-M,JNE3668,7,Top,M,Maroon,False,In Stock,False,Valid SKU
JNE3668-TP-S,JNE3668,6,Top,S,Maroon,False,In Stock,False,Valid SKU
JNE3668-TP-XL,JNE3668,2,Top,XL,Maroon,False,Low Stock,False,Valid SKU
JNE3668-TP-XS,JNE3668,13,Top,XS,Maroon,False,In Stock,False,Valid SKU
JNE3668-TP-XXL,JNE3668,2,Top,XXL,Maroon,False,Low Stock,False,Valid SKU
JNE3669-TU-L,JNE3669,1,Tunic,L,Blue,False,Low Stock,False,Valid SKU
JNE3669-TU-M,JNE3669,2,Tunic,M,Blue,False,Low Stock,False,Valid SKU
JNE3669-TU-S,JNE3669,3,Tunic,S,Blue,False,Low Stock,False,Valid SKU
JNE3669-TU-XL,JNE3669,3,Tunic,XL,Blue,False,Low Stock,False,Valid SKU
JNE3669-TU-XS,JNE3669,2,Tunic,XS,Blue,False,Low Stock,False,Valid SKU
JNE3669-TU-XXL,JNE3669,3,Tunic,XXL,Blue,False,Low Stock,False,Valid SKU
JNE3669-TU-XXXL,JNE3669,3,Tunic,XXXL,Blue,False,Low Stock,False,Valid SKU
JNE3670-TU-L,JNE3670,3,Tunic,L,White,False,Low Stock,False,Valid SKU
JNE3670-TU-M,JNE3670,2,Tunic,M,White,False,Low Stock,False,Valid SKU
JNE3670-TU-S,JNE3670,3,Tunic,S,White,False,Low Stock,False,Valid SKU
JNE3670-TU-XL,JNE3670,4,Tunic,XL,White,False,Low Stock,False,Valid SKU
JNE3670-TU-XS,JNE3670,5,Tunic,XS,White,False,Low Stock,False,Valid SKU
JNE3670-TU-XXL,JNE3670,2,Tunic,XXL,White,False,Low Stock,False,Valid SKU
JNE3670-TU-XXXL,JNE3670,2,Tunic,XXXL,White,False,Low Stock,False,Valid SKU
JNE3671-TU-L,JNE3671,3,Tunic,L,Pink,False,Low Stock,False,Valid SKU
JNE3671-TU-M,JNE3671,7,Tunic,M,Pink,False,In Stock,False,Valid SKU
JNE3671-TU-S,JNE3671,8,Tunic,S,Pink,False,In Stock,False,Valid SKU
JNE3671-TU-XL,JNE3671,14,Tunic,XL,Pink,False,In Stock,False,Valid SKU
JNE3671-TU-XS,JNE3671,4,Tunic,XS,Pink,False,Low Stock,False,Valid SKU
JNE3671-TU-XXL,JNE3671,3,Tunic,XXL,Pink,False,Low Stock,False,Valid SKU
JNE3671-TU-XXXL,JNE3671,6,Tunic,XXXL,Pink,False,In Stock,False,Valid SKU
JNE3672-TU-L,JNE3672,2,Top,L,Red,False,Low Stock,False,Valid SKU
JNE3672-TU-M,JNE3672,1,Top,M,Red,False,Low Stock,False,Valid SKU
JNE3672-TU-S,JNE3672,3,Top,S,Red,False,Low Stock,False,Valid SKU
JNE3672-TU-XL,JNE3672,0,Top,XL,Red,False,Out of Stock,False,Valid SKU
JNE3672-TU-XS,JNE3672,10,Top,XS,Red,False,In Stock,False,Valid SKU
JNE3672-TU-XXL,JNE3672,3,Top,XXL,Red,False,Low Stock,False,Valid SKU
JNE3672-TU-XXXL,JNE3672,3,Top,XXXL,Red,False,Low Stock,False,Valid SKU
JNE3673-TU-L,JNE3673,1,Top,L,Mustard,False,Low Stock,False,Valid SKU
JNE3673-TU-M,JNE3673,6,Top,M,Mustard,False,In Stock,False,Valid SKU
JNE3673-TU-S,JNE3673,3,Top,S,Mustard,False,Low Stock,False,Valid SKU
JNE3673-TU-XL,JNE3673,3,Top,XL,Mustard,False,Low Stock,False,Valid SKU
JNE3673-TU-XS,JNE3673,11,Top,XS,Mustard,False,In Stock,False,Valid SKU
JNE3673-TU-XXL,JNE3673,2,Top,XXL,Mustard,False,Low Stock,False,Valid SKU
JNE3673-TU-XXXL,JNE3673,2,Top,XXXL,Mustard,False,Low Stock,False,Valid SKU
JNE3674-TU-L,JNE3674,29,Top,L,Black,False,In Stock,False,Valid SKU
JNE3674-TU-M,JNE3674,130,Top,M,Black,False,In Stock,False,Valid SKU
JNE3674-TU-S,JNE3674,12,Top,S,Black,False,In Stock,False,Valid SKU
JNE3674-TU-XL,JNE3674,63,Top,XL,Black,False,In Stock,False,Valid SKU
JNE3674-TU-XS,JNE3674,9,Top,XS,Black,False,In Stock,False,Valid SKU
JNE3674-TU-XXL,JNE3674,38,Top,XXL,Black,False,In Stock,False,Valid SKU
JNE3674-TU-XXXL,JNE3674,32,Top,XXXL,Black,False,In Stock,False,Valid SKU
JNE3675-TU-L,JNE3675,37,Tunic,L,Pink,False,In Stock,False,Valid SKU
JNE3675-TU-M,JNE3675,16,Tunic,M,Pink,False,In Stock,False,Valid SKU
JNE3675-TU-S,JNE3675,30,Tunic,S,Pink,False,In Stock,False,Valid SKU
JNE3675-TU-XL,JNE3675,23,Tunic,XL,Pink,False,In Stock,False,Valid SKU
JNE3675-TU-XS,JNE3675,20,Tunic,XS,Pink,False,In Stock,False,Valid SKU
JNE3675-TU-XXL,JNE3675,17,Tunic,XXL,Pink,False,In Stock,False,Valid SKU
JNE3675-TU-XXXL,JNE3675,35,Tunic,XXXL,Pink,False,In Stock,False,Valid SKU
JNE3676-TU-L,JNE3676,79,Tunic,L,Red,False,In Stock,False,Valid SKU
JNE3676-TU-M,JNE3676,4,Tunic,M,Red,False,Low Stock,False,Valid SKU
JNE3676-TU-S,JNE3676,42,Tunic,S,Red,False,In Stock,False,Valid SKU
JNE3676-TU-XL,JNE3676,43,Tunic,XL,Red,False,In Stock,False,Valid SKU
JNE3676-TU-XS,JNE3676,10,Tunic,XS,Red,False,In Stock,False,Valid SKU
JNE3676-TU-XXL,JNE3676,4,Tunic,XXL,Red,False,Low Stock,False,Valid SKU
JNE3676-TU-XXXL,JNE3676,1,Tunic,XXXL,Red,False,Low Stock,False,Valid SKU
JNE3678-TU-L,JNE3678,3,Tunic,L,Blue,False,Low Stock,False,Valid SKU
JNE3678-TU-M,JNE3678,2,Tunic,M,Blue,False,Low Stock,False,Valid SKU
JNE3678-TU-S,JNE3678,7,Tunic,S,Blue,False,In Stock,False,Valid SKU
JNE3678-TU-XL,JNE3678,4,Tunic,XL,Blue,False,Low Stock,False,Valid SKU
JNE3678-TU-XS,JNE3678,7,Tunic,XS,Blue,False,In Stock,False,Valid SKU
JNE3678-TU-XXL,JNE3678,3,Tunic,XXL,Blue,False,Low Stock,False,Valid SKU
JNE3678-TU-XXXL,JNE3678,3,Tunic,XXXL,Blue,False,Low Stock,False,Valid SKU
JNE3679-TU-L,JNE3679,3,Tunic,L,Blue,False,Low Stock,False,Valid SKU
JNE3679-TU-M,JNE3679,1,Tunic,M,Blue,False,Low Stock,False,Valid SKU
JNE3679-TU-S,JNE3679,2,Tunic,S,Blue,False,Low Stock,False,Valid SKU
JNE3679-TU-XL,JNE3679,2,Tunic,XL,Blue,False,Low Stock,False,Valid SKU
JNE3679-TU-XS,JNE3679,2,Tunic,XS,Blue,False,Low Stock,False,Valid SKU
JNE3679-TU-XXL,JNE3679,2,Tunic,XXL,Blue,False,Low Stock,False,Valid SKU
JNE3679-TU-XXXL,JNE3679,2,Tunic,XXXL,Blue,False,Low Stock,False,Valid SKU
JNE3680-TU-L,JNE3680,157,Tunic,L,Grey,False,In Stock,False,Valid SKU
JNE3680-TU-M,JNE3680,106,Tunic,M,Grey,False,In Stock,False,Valid SKU
JNE3680-TU-S,JNE3680,73,Tunic,S,Grey,False,In Stock,False,Valid SKU
JNE3680-TU-XL,JNE3680,145,Tunic,XL,Grey,False,In Stock,False,Valid SKU
JNE3680-TU-XS,JNE3680,51,Tunic,XS,Grey,False,In Stock,False,Valid SKU
JNE3680-TU-XXL,JNE3680,78,Tunic,XXL,Grey,False,In Stock,False,Valid SKU
JNE3680-TU-XXXL,JNE3680,9,Tunic,XXXL,Grey,False,In Stock,False,Valid SKU
JNE3683-TU-L,JNE3683,0,Tunic,L,Pink,False,Out of Stock,False,Valid SKU
JNE3683-TU-M,JNE3683,2,Tunic,M,Pink,False,Low Stock,False,Valid SKU
JNE3683-TU-S,JNE3683,1,Tunic,S,Pink,False,Low Stock,False,Valid SKU
JNE3683-TU-XL,JNE3683,1,Tunic,XL,Pink,False,Low Stock,False,Valid SKU
JNE3683-TU-XS,JNE3683,7,Tunic,XS,Pink,False,In Stock,False,Valid SKU
JNE3683-TU-XXL,JNE3683,2,Tunic,XXL,Pink,False,Low Stock,False,Valid SKU
JNE3683-TU-XXXL,JNE3683,3,Tunic,XXXL,Pink,False,Low Stock,False,Valid SKU
JNE3684-TU-L,JNE3684,2,Tunic,L,Red,False,Low Stock,False,Valid SKU
JNE3684-TU-M,JNE3684,3,Tunic,M,Red,False,Low Stock,False,Valid SKU
JNE3684-TU-S,JNE3684,5,Tunic,S,Red,False,Low Stock,False,Valid SKU
JNE3684-TU-XL,JNE3684,2,Tunic,XL,Red,False,Low Stock,False,Valid SKU
JNE3684-TU-XS,JNE3684,9,Tunic,XS,Red,False,In Stock,False,Valid SKU
JNE3684-TU-XXL,JNE3684,0,Tunic,XXL,Red,False,Out of Stock,False,Valid SKU
JNE3684-TU-XXXL,JNE3684,1,Tunic,XXXL,Red,False,Low Stock,False,Valid SKU
JNE3686-TU-L,JNE3686,3,Tunic,L,White,False,Low Stock,False,Valid SKU
JNE3686-TU-M,JNE3686,2,Tunic,M,White,False,Low Stock,False,Valid SKU
JNE3686-TU-S,JNE3686,3,Tunic,S,White,False,Low Stock,False,Valid SKU
JNE3686-TU-XL,JNE3686,2,Tunic,XL,White,False,Low Stock,False,Valid SKU
JNE3686-TU-XS,JNE3686,1,Tunic,XS,White,False,Low Stock,False,Valid SKU
JNE3686-TU-XXL,JNE3686,5,Tunic,XXL,White,False,Low Stock,False,Valid SKU
JNE3686-TU-XXXL,JNE3686,2,Tunic,XXXL,White,False,Low Stock,False,Valid SKU
JNE3687-TU-L,JNE3687,37,Tunic,L,Black,False,In Stock,False,Valid SKU
JNE3687-TU-M,JNE3687,41,Tunic,M,Black,False,In Stock,False,Valid SKU
JNE3687-TU-S,JNE3687,35,Tunic,S,Black,False,In Stock,False,Valid SKU
JNE3687-TU-XL,JNE3687,9,Tunic,XL,Black,False,In Stock,False,Valid SKU
JNE3687-TU-XS,JNE3687,19,Tunic,XS,Black,False,In Stock,False,Valid SKU
JNE3687-TU-XXL,JNE3687,11,Tunic,XXL,Black,False,In Stock,False,Valid SKU
JNE3687-TU-XXXL,JNE3687,22,Tunic,XXXL,Black,False,In Stock,False,Valid SKU
JNE3688-TU-L,JNE3688,38,Tunic,L,Green,False,In Stock,False,Valid SKU
JNE3688-TU-M,JNE3688,49,Tunic,M,Green,False,In Stock,False,Valid SKU
JNE3688-TU-S,JNE3688,57,Tunic,S,Green,False,In Stock,False,Valid SKU
JNE3688-TU-XL,JNE3688,39,Tunic,XL,Green,False,In Stock,False,Valid SKU
JNE3688-TU-XS,JNE3688,2,Tunic,XS,Green,False,Low Stock,False,Valid SKU
JNE3688-TU-XXL,JNE3688,22,Tunic,XXL,Green,False,In Stock,False,Valid SKU
JNE3688-TU-XXXL,JNE3688,22,Tunic,XXXL,Green,False,In Stock,False,Valid SKU
JNE3689-TU-L,JNE3689,0,Tunic,L,Navy Blue,False,Out of Stock,False,Valid SKU
JNE3689-TU-M,JNE3689,3,Tunic,M,Navy Blue,False,Low Stock,False,Valid SKU
JNE3689-TU-S,JNE3689,3,Tunic,S,Navy Blue,False,Low Stock,False,Valid SKU
JNE3689-TU-XL,JNE3689,17,Tunic,XL,Navy Blue,False,In Stock,False,Valid SKU
JNE3689-TU-XS,JNE3689,3,Tunic,XS,Navy Blue,False,Low Stock,False,Valid SKU
JNE3689-TU-XXL,JNE3689,12,Tunic,XXL,Navy Blue,False,In Stock,False,Valid SKU
JNE3689-TU-XXXL,JNE3689,15,Tunic,XXXL,Navy Blue,False,In Stock,False,Valid SKU
JNE3690-TU-L,JNE3690,38,Tunic,L,Maroon,False,In Stock,False,Valid SKU
JNE3690-TU-M,JNE3690,51,Tunic,M,Maroon,False,In Stock,False,Valid SKU
JNE3690-TU-S,JNE3690,144,Tunic,S,Maroon,False,In Stock,False,Valid SKU
JNE3690-TU-XL,JNE3690,38,Tunic,XL,Maroon,False,In Stock,False,Valid SKU
JNE3690-TU-XS,JNE3690,105,Tunic,XS,Maroon,False,In Stock,False,Valid SKU
JNE3690-TU-XXL,JNE3690,11,Tunic,XXL,Maroon,False,In Stock,False,Valid SKU
JNE3690-TU-XXXL,JNE3690,6,Tunic,XXXL,Maroon,False,In Stock,False,Valid SKU
JNE3691-TU-L,JNE3691,9,Tunic,L,Maroon,False,In Stock,False,Valid SKU
JNE3691-TU-M,JNE3691,7,Tunic,M,Maroon,False,In Stock,False,Valid SKU
JNE3691-TU-S,JNE3691,6,Tunic,S,Maroon,False,In Stock,False,Valid SKU
JNE3691-TU-XL,JNE3691,3,Tunic,XL,Maroon,False,Low Stock,False,Valid SKU
JNE3691-TU-XS,JNE3691,11,Tunic,XS,Maroon,False,In Stock,False,Valid SKU
JNE3691-TU-XXL,JNE3691,6,Tunic,XXL,Maroon,False,In Stock,False,Valid SKU
JNE3691-TU-XXXL,JNE3691,12,Tunic,XXXL,Maroon,False,In Stock,False,Valid SKU
JNE3693-KR-L,JNE3693,1,Kurta,L,Grey,False,Low Stock,False,Valid SKU
JNE3693-KR-M,JNE3693,2,Kurta,M,Grey,False,Low Stock,False,Valid SKU
JNE3693-KR-S,JNE3693,2,Kurta,S,Grey,False,Low Stock,False,Valid SKU
JNE3693-KR-XL,JNE3693,1,Kurta,XL,Grey,False,Low Stock,False,Valid SKU
JNE3693-KR-XXL,JNE3693,2,Kurta,XXL,Grey,False,Low Stock,False,Valid SKU
JNE3694-KR-L,JNE3694,1,Kurta,L,Cream,False,Low Stock,False,Valid SKU
JNE3694-KR-M,JNE3694,7,Kurta,M,Cream,False,In Stock,False,Valid SKU
JNE3694-KR-S,JNE3694,6,Kurta,S,Cream,False,In Stock,False,Valid SKU
JNE3694-KR-XL,JNE3694,4,Kurta,XL,Cream,False,Low Stock,False,Valid SKU
JNE3694-KR-XXL,JNE3694,6,Kurta,XXL,Cream,False,In Stock,False,Valid SKU
JNE3695-KR-L,JNE3695,2,Kurta,L,Yellow,False,Low Stock,False,Valid SKU
JNE3695-KR-M,JNE3695,5,Kurta,M,Yellow,False,Low Stock,False,Valid SKU
JNE3695-KR-S,JNE3695,6,Kurta,S,Yellow,False,In Stock,False,Valid SKU
JNE3695-KR-XL,JNE3695,3,Kurta,XL,Yellow,False,Low Stock,False,Valid SKU
JNE3695-KR-XXL,JNE3695,2,Kurta,XXL,Yellow,False,Low Stock,False,Valid SKU
JNE3697-KR-L,JNE3697,40,Kurta,L,Mauve,False,In Stock,False,Valid SKU
JNE3697-KR-M,JNE3697,81,Kurta,M,Mauve,False,In Stock,False,Valid SKU
JNE3697-KR-S,JNE3697,18,Kurta,S,Mauve,False,In Stock,False,Valid SKU
JNE3697-KR-XL,JNE3697,69,Kurta,XL,Mauve,False,In Stock,False,Valid SKU
JNE3697-KR-XS,JNE3697,0,Kurta,XS,Mauve,False,Out of Stock,False,Valid SKU
JNE3697-KR-XXL,JNE3697,81,Kurta,XXL,Mauve,False,In Stock,False,Valid SKU
JNE3698-KR-L,JNE3698,2,Kurta,L,White,False,Low Stock,False,Valid SKU
JNE3698-KR-M,JNE3698,3,Kurta,M,White,False,Low Stock,False,Valid SKU
JNE3698-KR-S,JNE3698,38,Kurta,S,White,False,In Stock,False,Valid SKU
JNE3698-KR-XL,JNE3698,6,Kurta,XL,White,False,In Stock,False,Valid SKU
JNE3698-KR-XXL,JNE3698,16,Kurta,XXL,White,False,In Stock,False,Valid SKU
JNE3700-KR-L,JNE3700,12,Kurta,L,Green,False,In Stock,False,Valid SKU
JNE3700-KR-M,JNE3700,26,Kurta,M,Green,False,In Stock,False,Valid SKU
JNE3700-KR-S,JNE3700,20,Kurta,S,Green,False,In Stock,False,Valid SKU
JNE3700-KR-XL,JNE3700,22,Kurta,XL,Green,False,In Stock,False,Valid SKU
JNE3700-KR-XS,JNE3700,0,Kurta,XS,Green,False,Out of Stock,False,Valid SKU
JNE3700-KR-XXL,JNE3700,32,Kurta,XXL,Green,False,In Stock,False,Valid SKU
JNE3700-KR-XXXL,JNE3700,0,Kurta,XXXL,Green,False,Out of Stock,False,Valid SKU
JNE3701-KR-L,JNE3701,111,Kurta,L,Orange,False,In Stock,False,Valid SKU
JNE3701-KR-M,JNE3701,129,Kurta,M,Orange,False,In Stock,False,Valid SKU
JNE3701-KR-S,JNE3701,123,Kurta,S,Orange,False,In Stock,False,Valid SKU
JNE3701-KR-XL,JNE3701,80,Kurta,XL,Orange,False,In Stock,False,Valid SKU
JNE3701-KR-XS,JNE3701,43,Kurta,XS,Orange,False,In Stock,False,Valid SKU
JNE3701-KR-XXL,JNE3701,88,Kurta,XXL,Orange,False,In Stock,False,Valid SKU
JNE3701-KR-XXXL,JNE3701,9,Kurta,XXXL,Orange,False,In Stock,False,Valid SKU
JNE3702-KR-L,JNE3702,29,Kurta,L,Light Green,False,In Stock,False,Valid SKU
JNE3702-KR-M,JNE3702,36,Kurta,M,Light Green,False,In Stock,False,Valid SKU
JNE3702-KR-S,JNE3702,57,Kurta,S,Light Green,False,In Stock,False,Valid SKU
JNE3702-KR-XL,JNE3702,29,Kurta,XL,Light Green,False,In Stock,False,Valid SKU
JNE3702-KR-XS,JNE3702,66,Kurta,XS,Light Green,False,In Stock,False,Valid SKU
JNE3702-KR-XXL,JNE3702,51,Kurta,XXL,Light Green,False,In Stock,False,Valid SKU
JNE3702-KR-XXXL,JNE3702,9,Kurta,XXXL,Light Green,False,In Stock,False,Valid SKU
JNE3703-KR-L,JNE3703,3,Kurta,L,Green,False,Low Stock,False,Valid SKU
JNE3703-KR-M,JNE3703,5,Kurta,M,Green,False,Low Stock,False,Valid SKU
JNE3703-KR-S,JNE3703,14,Kurta,S,Green,False,In Stock,False,Valid SKU
JNE3703-KR-XL,JNE3703,6,Kurta,XL,Green,False,In Stock,False,Valid SKU
JNE3703-KR-XS,JNE3703,4,Kurta,XS,Green,False,Low Stock,False,Valid SKU
JNE3703-KR-XXL,JNE3703,5,Kurta,XXL,Green,False,Low Stock,False,Valid SKU
JNE3703-KR-XXXL,JNE3703,3,Kurta,XXXL,Green,False,Low Stock,False,Valid SKU
JNE3704-KR-L,JNE3704,19,Kurta,L,Brown,False,In Stock,False,Valid SKU
JNE3704-KR-M,JNE3704,19,Kurta,M,Brown,False,In Stock,False,Valid SKU
JNE3704-KR-S,JNE3704,4,Kurta,S,Brown,False,Low Stock,False,Valid SKU
JNE3704-KR-XL,JNE3704,17,Kurta,XL,Brown,False,In Stock,False,Valid SKU
JNE3704-KR-XS,JNE3704,19,Kurta,XS,Brown,False,In Stock,False,Valid SKU
JNE3704-KR-XXL,JNE3704,10,Kurta,XXL,Brown,False,In Stock,False,Valid SKU
JNE3704-KR-XXXL,JNE3704,2,Kurta,XXXL,Brown,False,Low Stock,False,Valid SKU
JNE3706-DR-L,JNE3706,3,Dress,L,Cream,False,Low Stock,False,Valid SKU
JNE3706-DR-M,JNE3706,3,Dress,M,Cream,False,Low Stock,False,Valid SKU
JNE3706-DR-S,JNE3706,24,Dress,S,Cream,False,In Stock,False,Valid SKU
JNE3706-DR-XL,JNE3706,5,Dress,XL,Cream,False,Low Stock,False,Valid SKU
JNE3706-DR-XS,JNE3706,38,Dress,XS,Cream,False,In Stock,False,Valid SKU
JNE3706-DR-XXL,JNE3706,3,Dress,XXL,Cream,False,Low Stock,False,Valid SKU
JNE3706-DR-XXXL,JNE3706,2,Dress,XXXL,Cream,False,Low Stock,False,Valid SKU
JNE3707-DR-L,JNE3707,9,Dress,L,Cream,False,In Stock,False,Valid SKU
JNE3707-DR-M,JNE3707,5,Dress,M,Cream,False,Low Stock,False,Valid SKU
JNE3707-DR-S,JNE3707,27,Dress,S,Cream,False,In Stock,False,Valid SKU
JNE3707-DR-XL,JNE3707,19,Dress,XL,Cream,False,In Stock,False,Valid SKU
JNE3707-DR-XS,JNE3707,40,Dress,XS,Cream,False,In Stock,False,Valid SKU
JNE3707-DR-XXL,JNE3707,19,Dress,XXL,Cream,False,In Stock,False,Valid SKU
JNE3707-DR-XXXL,JNE3707,5,Dress,XXXL,Cream,False,Low Stock,False,Valid SKU
JNE3708-TU-L,JNE3708,72,Tunic,L,White,False,In Stock,False,Valid SKU
JNE3708-TU-M,JNE3708,96,Tunic,M,White,False,In Stock,False,Valid SKU
JNE3708-TU-S,JNE3708,27,Tunic,S,White,False,In Stock,False,Valid SKU
JNE3708-TU-XL,JNE3708,45,Tunic,XL,White,False,In Stock,False,Valid SKU
JNE3708-TU-XS,JNE3708,24,Tunic,XS,White,False,In Stock,False,Valid SKU
JNE3708-TU-XXL,JNE3708,11,Tunic,XXL,White,False,In Stock,False,Valid SKU
JNE3708-TU-XXXL,JNE3708,27,Tunic,XXXL,White,False,In Stock,False,Valid SKU
JNE3709-DR-L,JNE3709,2,Dress,L,Mustard,False,Low Stock,False,Valid SKU
JNE3709-DR-M,JNE3709,1,Dress,M,Mustard,False,Low Stock,False,Valid SKU
JNE3709-DR-S,JNE3709,3,Dress,S,Mustard,False,Low Stock,False,Valid SKU
JNE3709-DR-XL,JNE3709,3,Dress,XL,Mustard,False,Low Stock,False,Valid SKU
JNE3709-DR-XS,JNE3709,2,Dress,XS,Mustard,False,Low Stock,False,Valid SKU
JNE3709-DR-XXL,JNE3709,2,Dress,XXL,Mustard,False,Low Stock,False,Valid SKU
JNE3709-DR-XXXL,JNE3709,3,Dress,XXXL,Mustard,False,Low Stock,False,Valid SKU
JNE3710-DR-L,JNE3710,2,Dress,L,Blue,False,Low Stock,False,Valid SKU
JNE3710-DR-M,JNE3710,4,Dress,M,Blue,False,Low Stock,False,Valid SKU
JNE3710-DR-S,JNE3710,5,Dress,S,Blue,False,Low Stock,False,Valid SKU
JNE3710-DR-XL,JNE3710,2,Dress,XL,Blue,False,Low Stock,False,Valid SKU
JNE3710-DR-XS,JNE3710,4,Dress,XS,Blue,False,Low Stock,False,Valid SKU
JNE3710-DR-XXL,JNE3710,5,Dress,XXL,Blue,False,Low Stock,False,Valid SKU
JNE3710-DR-XXXL,JNE3710,2,Dress,XXXL,Blue,False,Low Stock,False,Valid SKU
JNE3712-TP-L,JNE3712,6,Top,L,White,False,In Stock,False,Valid SKU
JNE3712-TP-M,JNE3712,7,Top,M,White,False,In Stock,False,Valid SKU
JNE3712-TP-S,JNE3712,6,Top,S,White,False,In Stock,False,Valid SKU
JNE3712-TP-XL,JNE3712,11,Top,XL,White,False,In Stock,False,Valid SKU
JNE3712-TP-XS,JNE3712,24,Top,XS,White,False,In Stock,False,Valid SKU
JNE3712-TP-XXL,JNE3712,24,Top,XXL,White,False,In Stock,False,Valid SKU
JNE3713-TP-L,JNE3713,2,Top,L,Grey,False,Low Stock,False,Valid SKU
JNE3713-TP-M,JNE3713,0,Top,M,Grey,False,Out of Stock,False,Valid SKU
JNE3713-TP-S,JNE3713,1,Top,S,Grey,False,Low Stock,False,Valid SKU
JNE3713-TP-XL,JNE3713,3,Top,XL,Grey,False,Low Stock,False,Valid SKU
JNE3713-TP-XS,JNE3713,3,Top,XS,Grey,False,Low Stock,False,Valid SKU
JNE3713-TP-XXL,JNE3713,23,Top,XXL,Grey,False,In Stock,False,Valid SKU
JNE3714-KR-L,JNE3714,14,Kurta,L,Teal Green,False,In Stock,False,Valid SKU
JNE3714-KR-M,JNE3714,53,Kurta,M,Teal Green,False,In Stock,False,Valid SKU
JNE3714-KR-S,JNE3714,10,Kurta,S,Teal Green,False,In Stock,False,Valid SKU
JNE3714-KR-XL,JNE3714,14,Kurta,XL,Teal Green,False,In Stock,False,Valid SKU
JNE3714-KR-XS,JNE3714,26,Kurta,XS,Teal Green,False,In Stock,False,Valid SKU
JNE3714-KR-XXL,JNE3714,6,Kurta,XXL,Teal Green,False,In Stock,False,Valid SKU
JNE3714-KR-XXXL,JNE3714,9,Kurta,XXXL,Teal Green,False,In Stock,False,Valid SKU
JNE3715-KR-L,JNE3715,16,Kurta,L,Yellow,False,In Stock,False,Valid SKU
JNE3715-KR-M,JNE3715,63,Kurta,M,Yellow,False,In Stock,False,Valid SKU
JNE3715-KR-S,JNE3715,99,Kurta,S,Yellow,False,In Stock,False,Valid SKU
JNE3715-KR-XL,JNE3715,24,Kurta,XL,Yellow,False,In Stock,False,Valid SKU
JNE3715-KR-XS,JNE3715,16,Kurta,XS,Yellow,False,In Stock,False,Valid SKU
JNE3715-KR-XXL,JNE3715,25,Kurta,XXL,Yellow,False,In Stock,False,Valid SKU
JNE3715-KR-XXXL,JNE3715,2,Kurta,XXXL,Yellow,False,Low Stock,False,Valid SKU
JNE3716-KR-L,JNE3716,104,Kurta,L,Teal,False,In Stock,False,Valid SKU
JNE3716-KR-M,JNE3716,109,Kurta,M,Teal,False,In Stock,False,Valid SKU
JNE3716-KR-S,JNE3716,99,Kurta,S,Teal,False,In Stock,False,Valid SKU
JNE3716-KR-XL,JNE3716,144,Kurta,XL,Teal,False,In Stock,False,Valid SKU
JNE3716-KR-XS,JNE3716,17,Kurta,XS,Teal,False,In Stock,False,Valid SKU
JNE3716-KR-XXL,JNE3716,138,Kurta,XXL,Teal,False,In Stock,False,Valid SKU
JNE3716-KR-XXXL,JNE3716,129,Kurta,XXXL,Teal,False,In Stock,False,Valid SKU
JNE3717-KR-L,JNE3717,41,Kurta,L,Light Green,False,In Stock,False,Valid SKU
JNE3717-KR-M,JNE3717,74,Kurta,M,Light Green,False,In Stock,False,Valid SKU
JNE3717-KR-S,JNE3717,69,Kurta,S,Light Green,False,In Stock,False,Valid SKU
JNE3717-KR-XL,JNE3717,7,Kurta,XL,Light Green,False,In Stock,False,Valid SKU
JNE3717-KR-XS,JNE3717,10,Kurta,XS,Light Green,False,In Stock,False,Valid SKU
JNE3717-KR-XXL,JNE3717,25,Kurta,XXL,Light Green,False,In Stock,False,Valid SKU
JNE3717-KR-XXXL,JNE3717,4,Kurta,XXXL,Light Green,False,Low Stock,False,Valid SKU
JNE3718-KR-L,JNE3718,104,Kurta,L,Navy Blue,False,In Stock,False,Valid SKU
JNE3718-KR-M,JNE3718,216,Kurta,M,Navy Blue,False,In Stock,False,Valid SKU
JNE3718-KR-S,JNE3718,205,Kurta,S,Navy Blue,False,In Stock,False,Valid SKU
JNE3718-KR-XL,JNE3718,197,Kurta,XL,Navy Blue,False,In Stock,False,Valid SKU
JNE3718-KR-XS,JNE3718,101,Kurta,XS,Navy Blue,False,In Stock,False,Valid SKU
JNE3718-KR-XXL,JNE3718,132,Kurta,XXL,Navy Blue,False,In Stock,False,Valid SKU
JNE3718-KR-XXXL,JNE3718,154,Kurta,XXXL,Navy Blue,False,In Stock,False,Valid SKU
JNE3719-KR-L,JNE3719,56,Kurta,L,Teal Green,False,In Stock,False,Valid SKU
JNE3719-KR-M,JNE3719,5,Kurta,M,Teal Green,False,Low Stock,False,Valid SKU
JNE3719-KR-S,JNE3719,24,Kurta,S,Teal Green,False,In Stock,False,Valid SKU
JNE3719-KR-XL,JNE3719,89,Kurta,XL,Teal Green,False,In Stock,False,Valid SKU
JNE3719-KR-XS,JNE3719,4,Kurta,XS,Teal Green,False,Low Stock,False,Valid SKU
JNE3719-KR-XXL,JNE3719,38,Kurta,XXL,Teal Green,False,In Stock,False,Valid SKU
JNE3719-KR-XXXL,JNE3719,2,Kurta,XXXL,Teal Green,False,Low Stock,False,Valid SKU
JNE3720-KR-L,JNE3720,312,Kurta,L,Navy Blue,False,In Stock,False,Valid SKU
JNE3720-KR-M,JNE3720,326,Kurta,M,Navy Blue,False,In Stock,False,Valid SKU
JNE3720-KR-S,JNE3720,197,Kurta,S,Navy Blue,False,In Stock,False,Valid SKU
JNE3720-KR-XL,JNE3720,255,Kurta,XL,Navy Blue,False,In Stock,False,Valid SKU
JNE3720-KR-XS,JNE3720,182,Kurta,XS,Navy Blue,False,In Stock,False,Valid SKU
JNE3720-KR-XXL,JNE3720,133,Kurta,XXL,Navy Blue,False,In Stock,False,Valid SKU
JNE3720-KR-XXXL,JNE3720,78,Kurta,XXXL,Navy Blue,False,In Stock,False,Valid SKU
JNE3721-KR-L,JNE3721,4,Kurta,L,Magenta,False,Low Stock,False,Valid SKU
JNE3721-KR-M,JNE3721,6,Kurta,M,Magenta,False,In Stock,False,Valid SKU
JNE3721-KR-S,JNE3721,4,Kurta,S,Magenta,False,Low Stock,False,Valid SKU
JNE3721-KR-XL,JNE3721,2,Kurta,XL,Magenta,False,Low Stock,False,Valid SKU
JNE3721-KR-XS,JNE3721,3,Kurta,XS,Magenta,False,Low Stock,False,Valid SKU
JNE3721-KR-XXL,JNE3721,7,Kurta,XXL,Magenta,False,In Stock,False,Valid SKU
JNE3721-KR-XXXL,JNE3721,3,Kurta,XXXL,Magenta,False,Low Stock,False,Valid SKU
JNE3722-KR-L,JNE3722,4,Kurta,L,Navy Blue,False,Low Stock,False,Valid SKU
JNE3722-KR-M,JNE3722,5,Kurta,M,Navy Blue,False,Low Stock,False,Valid SKU
JNE3722-KR-S,JNE3722,4,Kurta,S,Navy Blue,False,Low Stock,False,Valid SKU
JNE3722-KR-XL,JNE3722,2,Kurta,XL,Navy Blue,False,Low Stock,False,Valid SKU
JNE3722-KR-XS,JNE3722,0,Kurta,XS,Navy Blue,False,Out of Stock,False,Valid SKU
JNE3722-KR-XXL,JNE3722,6,Kurta,XXL,Navy Blue,False,In Stock,False,Valid SKU
JNE3722-KR-XXXL,JNE3722,2,Kurta,XXXL,Navy Blue,False,Low Stock,False,Valid SKU
JNE3724-KR-L,JNE3724,8,Kurta,L,Pink,False,In Stock,False,Valid SKU
JNE3724-KR-M,JNE3724,4,Kurta,M,Pink,False,Low Stock,False,Valid SKU
JNE3724-KR-S,JNE3724,0,Kurta,S,Pink,False,Out of Stock,False,Valid SKU
JNE3724-KR-XL,JNE3724,10,Kurta,XL,Pink,False,In Stock,False,Valid SKU
JNE3724-KR-XS,JNE3724,2,Kurta,XS,Pink,False,Low Stock,False,Valid SKU
JNE3724-KR-XXL,JNE3724,3,Kurta,XXL,Pink,False,Low Stock,False,Valid SKU
JNE3724-KR-XXXL,JNE3724,1,Kurta,XXXL,Pink,False,Low Stock,False,Valid SKU
JNE3725-KR-L,JNE3725,3,Kurta,L,Brown,False,Low Stock,False,Valid SKU
JNE3725-KR-M,JNE3725,5,Kurta,M,Brown,False,Low Stock,False,Valid SKU
JNE3725-KR-S,JNE3725,2,Kurta,S,Brown,False,Low Stock,False,Valid SKU
JNE3725-KR-XL,JNE3725,3,Kurta,XL,Brown,False,Low Stock,False,Valid SKU
JNE3725-KR-XXL,JNE3725,9,Kurta,XXL,Brown,False,In Stock,False,Valid SKU
JNE3725-KR-XXXL,JNE3725,20,Kurta,XXXL,Brown,False,In Stock,False,Valid SKU
JNE3726-KR-L,JNE3726,4,Kurta,L,Turquoise,False,Low Stock,False,Valid SKU
JNE3726-KR-M,JNE3726,5,Kurta,M,Turquoise,False,Low Stock,False,Valid SKU
JNE3726-KR-S,JNE3726,21,Kurta,S,Turquoise,False,In Stock,False,Valid SKU
JNE3726-KR-XL,JNE3726,5,Kurta,XL,Turquoise,False,Low Stock,False,Valid SKU
JNE3726-KR-XS,JNE3726,9,Kurta,XS,Turquoise,False,In Stock,False,Valid SKU
JNE3726-KR-XXL,JNE3726,6,Kurta,XXL,Turquoise,False,In Stock,False,Valid SKU
JNE3726-KR-XXXL,JNE3726,2,Kurta,XXXL,Turquoise,False,Low Stock,False,Valid SKU
JNE3727-KR-L,JNE3727,12,Kurta,L,Blue,False,In Stock,False,Valid SKU
JNE3727-KR-M,JNE3727,22,Kurta,M,Blue,False,In Stock,False,Valid SKU
JNE3727-KR-S,JNE3727,31,Kurta,S,Blue,False,In Stock,False,Valid SKU
JNE3727-KR-XL,JNE3727,29,Kurta,XL,Blue,False,In Stock,False,Valid SKU
JNE3727-KR-XS,JNE3727,57,Kurta,XS,Blue,False,In Stock,False,Valid SKU
JNE3727-KR-XXL,JNE3727,32,Kurta,XXL,Blue,False,In Stock,False,Valid SKU
JNE3727-KR-XXXL,JNE3727,36,Kurta,XXXL,Blue,False,In Stock,False,Valid SKU
JNE3728-KR-L,JNE3728,2,Kurta,L,Light Green,False,Low Stock,False,Valid SKU
JNE3728-KR-M,JNE3728,5,Kurta,M,Light Green,False,Low Stock,False,Valid SKU
JNE3728-KR-S,JNE3728,16,Kurta,S,Light Green,False,In Stock,False,Valid SKU
JNE3728-KR-XL,JNE3728,3,Kurta,XL,Light Green,False,Low Stock,False,Valid SKU
JNE3728-KR-XXL,JNE3728,3,Kurta,XXL,Light Green,False,Low Stock,False,Valid SKU
JNE3729-KR-L,JNE3729,3,Kurta,L,Yellow,False,Low Stock,False,Valid SKU
JNE3729-KR-M,JNE3729,5,Kurta,M,Yellow,False,Low Stock,False,Valid SKU
JNE3729-KR-S,JNE3729,3,Kurta,S,Yellow,False,Low Stock,False,Valid SKU
JNE3729-KR-XL,JNE3729,3,Kurta,XL,Yellow,False,Low Stock,False,Valid SKU
JNE3729-KR-XS,JNE3729,8,Kurta,XS,Yellow,False,In Stock,False,Valid SKU
JNE3729-KR-XXL,JNE3729,8,Kurta,XXL,Yellow,False,In Stock,False,Valid SKU
JNE3729-KR-XXXL,JNE3729,3,Kurta,XXXL,Yellow,False,Low Stock,False,Valid SKU
JNE3730-KR-L,JNE3730,11,Kurta,L,Olive,False,In Stock,False,Valid SKU
JNE3730-KR-M,JNE3730,15,Kurta,M,Olive,False,In Stock,False,Valid SKU
JNE3730-KR-S,JNE3730,73,Kurta,S,Olive,False,In Stock,False,Valid SKU
JNE3730-KR-XL,JNE3730,9,Kurta,XL,Olive,False,In Stock,False,Valid SKU
JNE3730-KR-XS,JNE3730,11,Kurta,XS,Olive,False,In Stock,False,Valid SKU
JNE3730-KR-XXL,JNE3730,10,Kurta,XXL,Olive,False,In Stock,False,Valid SKU
JNE3730-KR-XXXL,JNE3730,2,Kurta,XXXL,Olive,False,Low Stock,False,Valid SKU
JNE3732-KR-L,JNE3732,13,Kurta,L,Black,False,In Stock,False,Valid SKU
JNE3732-KR-M,JNE3732,15,Kurta,M,Black,False,In Stock,False,Valid SKU
JNE3732-KR-S,JNE3732,35,Kurta,S,Black,False,In Stock,False,Valid SKU
JNE3732-KR-XL,JNE3732,14,Kurta,XL,Black,False,In Stock,False,Valid SKU
JNE3732-KR-XS,JNE3732,65,Kurta,XS,Black,False,In Stock,False,Valid SKU
JNE3732-KR-XXL,JNE3732,26,Kurta,XXL,Black,False,In Stock,False,Valid SKU
JNE3732-KR-XXXL,JNE3732,42,Kurta,XXXL,Black,False,In Stock,False,Valid SKU
JNE3733-KR-L,JNE3733,3,Kurta,L,Turquoise Blue,False,Low Stock,False,Valid SKU
JNE3733-KR-M,JNE3733,3,Kurta,M,Turquoise Blue,False,Low Stock,False,Valid SKU
JNE3733-KR-S,JNE3733,3,Kurta,S,Turquoise Blue,False,Low Stock,False,Valid SKU
JNE3733-KR-XL,JNE3733,3,Kurta,XL,Turquoise Blue,False,Low Stock,False,Valid SKU
JNE3733-KR-XS,JNE3733,28,Kurta,XS,Turquoise Blue,False,In Stock,False,Valid SKU
JNE3733-KR-XXL,JNE3733,6,Kurta,XXL,Turquoise Blue,False,In Stock,False,Valid SKU
JNE3733-KR-XXXL,JNE3733,2,Kurta,XXXL,Turquoise Blue,False,Low Stock,False,Valid SKU
JNE3734-KR-L,JNE3734,11,Kurta,L,Sky Blue,False,In Stock,False,Valid SKU
JNE3734-KR-M,JNE3734,17,Kurta,M,Sky Blue,False,In Stock,False,Valid SKU
JNE3734-KR-S,JNE3734,52,Kurta,S,Sky Blue,False,In Stock,False,Valid SKU
JNE3734-KR-XL,JNE3734,7,Kurta,XL,Sky Blue,False,In Stock,False,Valid SKU
JNE3734-KR-XS,JNE3734,62,Kurta,XS,Sky Blue,False,In Stock,False,Valid SKU
JNE3734-KR-XXL,JNE3734,11,Kurta,XXL,Sky Blue,False,In Stock,False,Valid SKU
JNE3734-KR-XXXL,JNE3734,18,Kurta,XXXL,Sky Blue,False,In Stock,False,Valid SKU
JNE3735-KR-L,JNE3735,6,Kurta,L,Beige,False,In Stock,False,Valid SKU
JNE3735-KR-M,JNE3735,11,Kurta,M,Beige,False,In Stock,False,Valid SKU
JNE3735-KR-S,JNE3735,29,Kurta,S,Beige,False,In Stock,False,Valid SKU
JNE3735-KR-XL,JNE3735,3,Kurta,XL,Beige,False,Low Stock,False,Valid SKU
JNE3735-KR-XS,JNE3735,65,Kurta,XS,Beige,False,In Stock,False,Valid SKU
JNE3735-KR-XXL,JNE3735,3,Kurta,XXL,Beige,False,Low Stock,False,Valid SKU
JNE3735-KR-XXXL,JNE3735,8,Kurta,XXXL,Beige,False,In Stock,False,Valid SKU
JNE3736-KR-L,JNE3736,11,Kurta,L,Pink,False,In Stock,False,Valid SKU
JNE3736-KR-M,JNE3736,11,Kurta,M,Pink,False,In Stock,False,Valid SKU
JNE3736-KR-S,JNE3736,32,Kurta,S,Pink,False,In Stock,False,Valid SKU
JNE3736-KR-XL,JNE3736,21,Kurta,XL,Pink,False,In Stock,False,Valid SKU
JNE3736-KR-XS,JNE3736,10,Kurta,XS,Pink,False,In Stock,False,Valid SKU
JNE3736-KR-XXL,JNE3736,4,Kurta,XXL,Pink,False,Low Stock,False,Valid SKU
JNE3736-KR-XXXL,JNE3736,6,Kurta,XXXL,Pink,False,In Stock,False,Valid SKU
JNE3738-KR-L,JNE3738,35,Kurta,L,Green,False,In Stock,False,Valid SKU
JNE3738-KR-M,JNE3738,59,Kurta,M,Green,False,In Stock,False,Valid SKU
JNE3738-KR-S,JNE3738,101,Kurta,S,Green,False,In Stock,False,Valid SKU
JNE3738-KR-XL,JNE3738,40,Kurta,XL,Green,False,In Stock,False,Valid SKU
JNE3738-KR-XS,JNE3738,10,Kurta,XS,Green,False,In Stock,False,Valid SKU
JNE3738-KR-XXL,JNE3738,5,Kurta,XXL,Green,False,Low Stock,False,Valid SKU
JNE3738-KR-XXXL,JNE3738,4,Kurta,XXXL,Green,False,Low Stock,False,Valid SKU
JNE3739-KR-L,JNE3739,15,Kurta,L,Maroon,False,In Stock,False,Valid SKU
JNE3739-KR-M,JNE3739,95,Kurta,M,Maroon,False,In Stock,False,Valid SKU
JNE3739-KR-S,JNE3739,71,Kurta,S,Maroon,False,In Stock,False,Valid SKU
JNE3739-KR-XL,JNE3739,21,Kurta,XL,Maroon,False,In Stock,False,Valid SKU
JNE3739-KR-XS,JNE3739,60,Kurta,XS,Maroon,False,In Stock,False,Valid SKU
JNE3739-KR-XXL,JNE3739,9,Kurta,XXL,Maroon,False,In Stock,False,Valid SKU
JNE3739-KR-XXXL,JNE3739,14,Kurta,XXXL,Maroon,False,In Stock,False,Valid SKU
JNE3740-KR-L,JNE3740,8,Kurta,L,Red,False,In Stock,False,Valid SKU
JNE3740-KR-M,JNE3740,41,Kurta,M,Red,False,In Stock,False,Valid SKU
JNE3740-KR-S,JNE3740,72,Kurta,S,Red,False,In Stock,False,Valid SKU
JNE3740-KR-XL,JNE3740,17,Kurta,XL,Red,False,In Stock,False,Valid SKU
JNE3740-KR-XS,JNE3740,26,Kurta,XS,Red,False,In Stock,False,Valid SKU
JNE3740-KR-XXL,JNE3740,15,Kurta,XXL,Red,False,In Stock,False,Valid SKU
JNE3740-KR-XXXL,JNE3740,3,Kurta,XXXL,Red,False,Low Stock,False,Valid SKU
JNE3741-KR-L,JNE3741,1,Kurta,L,Teal Green,False,Low Stock,False,Valid SKU
JNE3741-KR-M,JNE3741,69,Kurta,M,Teal Green,False,In Stock,False,Valid SKU
JNE3741-KR-S,JNE3741,143,Kurta,S,Teal Green,False,In Stock,False,Valid SKU
JNE3741-KR-XL,JNE3741,37,Kurta,XL,Teal Green,False,In Stock,False,Valid SKU
JNE3741-KR-XS,JNE3741,26,Kurta,XS,Teal Green,False,In Stock,False,Valid SKU
JNE3741-KR-XXL,JNE3741,62,Kurta,XXL,Teal Green,False,In Stock,False,Valid SKU
JNE3741-KR-XXXL,JNE3741,8,Kurta,XXXL,Teal Green,False,In Stock,False,Valid SKU
JNE3742-KR-L,JNE3742,34,Kurta,L,Green,False,In Stock,False,Valid SKU
JNE3742-KR-M,JNE3742,51,Kurta,M,Green,False,In Stock,False,Valid SKU
JNE3742-KR-S,JNE3742,78,Kurta,S,Green,False,In Stock,False,Valid SKU
JNE3742-KR-XL,JNE3742,68,Kurta,XL,Green,False,In Stock,False,Valid SKU
JNE3742-KR-XS,JNE3742,31,Kurta,XS,Green,False,In Stock,False,Valid SKU
JNE3742-KR-XXL,JNE3742,74,Kurta,XXL,Green,False,In Stock,False,Valid SKU
JNE3742-KR-XXXL,JNE3742,6,Kurta,XXXL,Green,False,In Stock,False,Valid SKU
JNE3743-TP-L,JNE3743,9,Top,L,Light Green,False,In Stock,False,Valid SKU
JNE3743-TP-M,JNE3743,21,Top,M,Light Green,False,In Stock,False,Valid SKU
JNE3743-TP-S,JNE3743,7,Top,S,Light Green,False,In Stock,False,Valid SKU
JNE3743-TP-XL,JNE3743,48,Top,XL,Light Green,False,In Stock,False,Valid SKU
JNE3743-TP-XS,JNE3743,11,Top,XS,Light Green,False,In Stock,False,Valid SKU
JNE3743-TP-XXL,JNE3743,21,Top,XXL,Light Green,False,In Stock,False,Valid SKU
JNE3744-TU-L,JNE3744,61,Tunic,L,Navy Blue,False,In Stock,False,Valid SKU
JNE3744-TU-M,JNE3744,70,Tunic,M,Navy Blue,False,In Stock,False,Valid SKU
JNE3744-TU-S,JNE3744,39,Tunic,S,Navy Blue,False,In Stock,False,Valid SKU
JNE3744-TU-XL,JNE3744,96,Tunic,XL,Navy Blue,False,In Stock,False,Valid SKU
JNE3744-TU-XS,JNE3744,19,Tunic,XS,Navy Blue,False,In Stock,False,Valid SKU
JNE3744-TU-XXL,JNE3744,11,Tunic,XXL,Navy Blue,False,In Stock,False,Valid SKU
JNE3744-TU-XXXL,JNE3744,27,Tunic,XXXL,Navy Blue,False,In Stock,False,Valid SKU
JNE3745-KR-L,JNE3745,55,Kurta,L,Teal Green,False,In Stock,False,Valid SKU
JNE3745-KR-M,JNE3745,61,Kurta,M,Teal Green,False,In Stock,False,Valid SKU
JNE3745-KR-S,JNE3745,89,Kurta,S,Teal Green,False,In Stock,False,Valid SKU
JNE3745-KR-XL,JNE3745,99,Kurta,XL,Teal Green,False,In Stock,False,Valid SKU
JNE3745-KR-XS,JNE3745,4,Kurta,XS,Teal Green,False,Low Stock,False,Valid SKU
JNE3745-KR-XXL,JNE3745,99,Kurta,XXL,Teal Green,False,In Stock,False,Valid SKU
JNE3745-KR-XXXL,JNE3745,3,Kurta,XXXL,Teal Green,False,Low Stock,False,Valid SKU
JNE3748-KR-L,JNE3748,4,Kurta,L,Blue,False,Low Stock,False,Valid SKU
JNE3748-KR-M,JNE3748,17,Kurta,M,Blue,False,In Stock,False,Valid SKU
JNE3748-KR-S,JNE3748,51,Kurta,S,Blue,False,In Stock,False,Valid SKU
JNE3748-KR-XL,JNE3748,7,Kurta,XL,Blue,False,In Stock,False,Valid SKU
JNE3748-KR-XS,JNE3748,79,Kurta,XS,Blue,False,In Stock,False,Valid SKU
JNE3748-KR-XXL,JNE3748,33,Kurta,XXL,Blue,False,In Stock,False,Valid SKU
JNE3748-KR-XXXL,JNE3748,15,Kurta,XXXL,Blue,False,In Stock,False,Valid SKU
JNE3749-KR-L,JNE3749,6,Kurta,L,Blue,False,In Stock,False,Valid SKU
JNE3749-KR-M,JNE3749,2,Kurta,M,Blue,False,Low Stock,False,Valid SKU
JNE3749-KR-S,JNE3749,8,Kurta,S,Blue,False,In Stock,False,Valid SKU
JNE3749-KR-XL,JNE3749,6,Kurta,XL,Blue,False,In Stock,False,Valid SKU
JNE3749-KR-XS,JNE3749,24,Kurta,XS,Blue,False,In Stock,False,Valid SKU
JNE3749-KR-XXL,JNE3749,5,Kurta,XXL,Blue,False,Low Stock,False,Valid SKU
JNE3749-KR-XXXL,JNE3749,12,Kurta,XXXL,Blue,False,In Stock,False,Valid SKU
JNE3750-KR-L,JNE3750,30,Kurta,L,Navy Blue,False,In Stock,False,Valid SKU
JNE3750-KR-M,JNE3750,19,Kurta,M,Navy Blue,False,In Stock,False,Valid SKU
JNE3750-KR-S,JNE3750,29,Kurta,S,Navy Blue,False,In Stock,False,Valid SKU
JNE3750-KR-XL,JNE3750,9,Kurta,XL,Navy Blue,False,In Stock,False,Valid SKU
JNE3750-KR-XS,JNE3750,19,Kurta,XS,Navy Blue,False,In Stock,False,Valid SKU
JNE3750-KR-XXL,JNE3750,2,Kurta,XXL,Navy Blue,False,Low Stock,False,Valid SKU
JNE3750-KR-XXXL,JNE3750,25,Kurta,XXXL,Navy Blue,False,In Stock,False,Valid SKU
JNE3751-KR-L,JNE3751,2,Kurta,L,White,False,Low Stock,False,Valid SKU
JNE3751-KR-M,JNE3751,3,Kurta,M,White,False,Low Stock,False,Valid SKU
JNE3751-KR-S,JNE3751,23,Kurta,S,White,False,In Stock,False,Valid SKU
JNE3751-KR-XL,JNE3751,4,Kurta,XL,White,False,Low Stock,False,Valid SKU
JNE3751-KR-XS,JNE3751,59,Kurta,XS,White,False,In Stock,False,Valid SKU
JNE3751-KR-XXL,JNE3751,6,Kurta,XXL,White,False,In Stock,False,Valid SKU
JNE3751-KR-XXXL,JNE3751,11,Kurta,XXXL,White,False,In Stock,False,Valid SKU
JNE3752-KR-L,JNE3752,5,Kurta,L,Blue,False,Low Stock,False,Valid SKU
JNE3752-KR-M,JNE3752,4,Kurta,M,Blue,False,Low Stock,False,Valid SKU
JNE3752-KR-S,JNE3752,7,Kurta,S,Blue,False,In Stock,False,Valid SKU
JNE3752-KR-XL,JNE3752,1,Kurta,XL,Blue,False,Low Stock,False,Valid SKU
JNE3752-KR-XS,JNE3752,10,Kurta,XS,Blue,False,In Stock,False,Valid SKU
JNE3752-KR-XXL,JNE3752,1,Kurta,XXL,Blue,False,Low Stock,False,Valid SKU
JNE3752-KR-XXXL,JNE3752,3,Kurta,XXXL,Blue,False,Low Stock,False,Valid SKU
JNE3753-KR-L,JNE3753,5,Kurta,L,Brown,False,Low Stock,False,Valid SKU
JNE3753-KR-M,JNE3753,5,Kurta,M,Brown,False,Low Stock,False,Valid SKU
JNE3753-KR-S,JNE3753,17,Kurta,S,Brown,False,In Stock,False,Valid SKU
JNE3753-KR-XL,JNE3753,4,Kurta,XL,Brown,False,Low Stock,False,Valid SKU
JNE3753-KR-XS,JNE3753,43,Kurta,XS,Brown,False,In Stock,False,Valid SKU
JNE3753-KR-XXL,JNE3753,6,Kurta,XXL,Brown,False,In Stock,False,Valid SKU
JNE3753-KR-XXXL,JNE3753,5,Kurta,XXXL,Brown,False,Low Stock,False,Valid SKU
JNE3756-KR-L,JNE3756,70,Kurta,L,Olive Green,False,In Stock,False,Valid SKU
JNE3756-KR-M,JNE3756,78,Kurta,M,Olive Green,False,In Stock,False,Valid SKU
JNE3756-KR-S,JNE3756,48,Kurta,S,Olive Green,False,In Stock,False,Valid SKU
JNE3756-KR-XL,JNE3756,68,Kurta,XL,Olive Green,False,In Stock,False,Valid SKU
JNE3756-KR-XS,JNE3756,26,Kurta,XS,Olive Green,False,In Stock,False,Valid SKU
JNE3756-KR-XXL,JNE3756,43,Kurta,XXL,Olive Green,False,In Stock,False,Valid SKU
JNE3756-KR-XXXL,JNE3756,8,Kurta,XXXL,Olive Green,False,In Stock,False,Valid SKU
JNE3757-KR-L,JNE3757,29,Kurta,L,Light Green,False,In Stock,False,Valid SKU
JNE3757-KR-M,JNE3757,34,Kurta,M,Light Green,False,In Stock,False,Valid SKU
JNE3757-KR-S,JNE3757,57,Kurta,S,Light Green,False,In Stock,False,Valid SKU
JNE3757-KR-XL,JNE3757,18,Kurta,XL,Light Green,False,In Stock,False,Valid SKU
JNE3757-KR-XS,JNE3757,5,Kurta,XS,Light Green,False,Low Stock,False,Valid SKU
JNE3757-KR-XXL,JNE3757,18,Kurta,XXL,Light Green,False,In Stock,False,Valid SKU
JNE3757-KR-XXXL,JNE3757,37,Kurta,XXXL,Light Green,False,In Stock,False,Valid SKU
JNE3758-KR-L,JNE3758,36,Kurta,L,Maroon,False,In Stock,False,Valid SKU
JNE3758-KR-M,JNE3758,49,Kurta,M,Maroon,False,In Stock,False,Valid SKU
JNE3758-KR-S,JNE3758,44,Kurta,S,Maroon,False,In Stock,False,Valid SKU
JNE3758-KR-XL,JNE3758,82,Kurta,XL,Maroon,False,In Stock,False,Valid SKU
JNE3758-KR-XS,JNE3758,3,Kurta,XS,Maroon,False,Low Stock,False,Valid SKU
JNE3758-KR-XXL,JNE3758,50,Kurta,XXL,Maroon,False,In Stock,False,Valid SKU
JNE3758-KR-XXXL,JNE3758,3,Kurta,XXXL,Maroon,False,Low Stock,False,Valid SKU
JNE3759-KR-L,JNE3759,113,Kurta,L,Pink,False,In Stock,False,Valid SKU
JNE3759-KR-M,JNE3759,134,Kurta,M,Pink,False,In Stock,False,Valid SKU
JNE3759-KR-S,JNE3759,128,Kurta,S,Pink,False,In Stock,False,Valid SKU
JNE3759-KR-XL,JNE3759,46,Kurta,XL,Pink,False,In Stock,False,Valid SKU
,JNE3759,0,Kurta,XS,Pink,True,Out of Stock,False,Missing / Invalid SKU
JNE3759-KR-XXL,JNE3759,57,Kurta,XXL,Pink,False,In Stock,False,Valid SKU
JNE3760-KR-L,JNE3760,12,Kurta,L,Teal,False,In Stock,False,Valid SKU
JNE3760-KR-M,JNE3760,22,Kurta,M,Teal,False,In Stock,False,Valid SKU
JNE3760-KR-S,JNE3760,55,Kurta,S,Teal,False,In Stock,False,Valid SKU
JNE3760-KR-XL,JNE3760,23,Kurta,XL,Teal,False,In Stock,False,Valid SKU
JNE3760-KR-XS,JNE3760,10,Kurta,XS,Teal,False,In Stock,False,Valid SKU
JNE3760-KR-XXL,JNE3760,76,Kurta,XXL,Teal,False,In Stock,False,Valid SKU
JNE3760-KR-XXXL,JNE3760,7,Kurta,XXXL,Teal,False,In Stock,False,Valid SKU
JNE3761-KR-L,JNE3761,104,Kurta,L,Olive Green,False,In Stock,False,Valid SKU
JNE3761-KR-M,JNE3761,138,Kurta,M,Olive Green,False,In Stock,False,Valid SKU
JNE3761-KR-S,JNE3761,226,Kurta,S,Olive Green,False,In Stock,False,Valid SKU
JNE3761-KR-XL,JNE3761,69,Kurta,XL,Olive Green,False,In Stock,False,Valid SKU
JNE3761-KR-XS,JNE3761,30,Kurta,XS,Olive Green,False,In Stock,False,Valid SKU
JNE3761-KR-XXL,JNE3761,36,Kurta,XXL,Olive Green,False,In Stock,False,Valid SKU
JNE3761-KR-XXXL,JNE3761,4,Kurta,XXXL,Olive Green,False,Low Stock,False,Valid SKU
JNE3762-KR-L,JNE3762,51,Kurta,L,Maroon,False,In Stock,False,Valid SKU
JNE3762-KR-M,JNE3762,72,Kurta,M,Maroon,False,In Stock,False,Valid SKU
JNE3762-KR-S,JNE3762,80,Kurta,S,Maroon,False,In Stock,False,Valid SKU
JNE3762-KR-XL,JNE3762,52,Kurta,XL,Maroon,False,In Stock,False,Valid SKU
JNE3762-KR-XS,JNE3762,14,Kurta,XS,Maroon,False,In Stock,False,Valid SKU
JNE3762-KR-XXL,JNE3762,52,Kurta,XXL,Maroon,False,In Stock,False,Valid SKU
JNE3762-KR-XXXL,JNE3762,3,Kurta,XXXL,Maroon,False,Low Stock,False,Valid SKU
JNE3763-KR-L,JNE3763,13,Kurta,L,Teal,False,In Stock,False,Valid SKU
JNE3763-KR-M,JNE3763,16,Kurta,M,Teal,False,In Stock,False,Valid SKU
JNE3763-KR-S,JNE3763,90,Kurta,S,Teal,False,In Stock,False,Valid SKU
JNE3763-KR-XL,JNE3763,69,Kurta,XL,Teal,False,In Stock,False,Valid SKU
JNE3763-KR-XS,JNE3763,68,Kurta,XS,Teal,False,In Stock,False,Valid SKU
JNE3763-KR-XXL,JNE3763,113,Kurta,XXL,Teal,False,In Stock,False,Valid SKU
JNE3763-KR-XXXL,JNE3763,24,Kurta,XXXL,Teal,False,In Stock,False,Valid SKU
JNE3764-KR-L,JNE3764,75,Kurta,L,Magenta,False,In Stock,False,Valid SKU
JNE3764-KR-M,JNE3764,38,Kurta,M,Magenta,False,In Stock,False,Valid SKU
JNE3764-KR-S,JNE3764,18,Kurta,S,Magenta,False,In Stock,False,Valid SKU
JNE3764-KR-XL,JNE3764,33,Kurta,XL,Magenta,False,In Stock,False,Valid SKU
JNE3764-KR-XS,JNE3764,3,Kurta,XS,Magenta,False,Low Stock,False,Valid SKU
JNE3764-KR-XXL,JNE3764,5,Kurta,XXL,Magenta,False,Low Stock,False,Valid SKU
JNE3764-KR-XXXL,JNE3764,2,Kurta,XXXL,Magenta,False,Low Stock,False,Valid SKU
JNE3765-KR-L,JNE3765,141,Kurta,L,Mustard,False,In Stock,False,Valid SKU
JNE3765-KR-M,JNE3765,103,Kurta,M,Mustard,False,In Stock,False,Valid SKU
JNE3765-KR-S,JNE3765,112,Kurta,S,Mustard,False,In Stock,False,Valid SKU
JNE3765-KR-XL,JNE3765,131,Kurta,XL,Mustard,False,In Stock,False,Valid SKU
JNE3765-KR-XS,JNE3765,78,Kurta,XS,Mustard,False,In Stock,False,Valid SKU
JNE3765-KR-XXL,JNE3765,100,Kurta,XXL,Mustard,False,In Stock,False,Valid SKU
JNE3765-KR-XXXL,JNE3765,74,Kurta,XXXL,Mustard,False,In Stock,False,Valid SKU
JNE3766-KR-L,JNE3766,17,Kurta,L,Grey,False,In Stock,False,Valid SKU
JNE3766-KR-M,JNE3766,21,Kurta,M,Grey,False,In Stock,False,Valid SKU
JNE3766-KR-S,JNE3766,24,Kurta,S,Grey,False,In Stock,False,Valid SKU
JNE3766-KR-XL,JNE3766,19,Kurta,XL,Grey,False,In Stock,False,Valid SKU
JNE3766-KR-XS,JNE3766,25,Kurta,XS,Grey,False,In Stock,False,Valid SKU
JNE3766-KR-XXL,JNE3766,26,Kurta,XXL,Grey,False,In Stock,False,Valid SKU
JNE3766-KR-XXXL,JNE3766,13,Kurta,XXXL,Grey,False,In Stock,False,Valid SKU
JNE3767-KR-L,JNE3767,164,Kurta,L,Red,False,In Stock,False,Valid SKU
JNE3767-KR-M,JNE3767,99,Kurta,M,Red,False,In Stock,False,Valid SKU
JNE3767-KR-S,JNE3767,73,Kurta,S,Red,False,In Stock,False,Valid SKU
JNE3767-KR-XL,JNE3767,150,Kurta,XL,Red,False,In Stock,False,Valid SKU
JNE3767-KR-XS,JNE3767,21,Kurta,XS,Red,False,In Stock,False,Valid SKU
JNE3767-KR-XXL,JNE3767,77,Kurta,XXL,Red,False,In Stock,False,Valid SKU
JNE3767-KR-XXXL,JNE3767,17,Kurta,XXXL,Red,False,In Stock,False,Valid SKU
JNE3768-KR-L,JNE3768,70,Kurta,L,Peach,False,In Stock,False,Valid SKU
JNE3768-KR-M,JNE3768,47,Kurta,M,Peach,False,In Stock,False,Valid SKU
JNE3768-KR-S,JNE3768,30,Kurta,S,Peach,False,In Stock,False,Valid SKU
JNE3768-KR-XL,JNE3768,52,Kurta,XL,Peach,False,In Stock,False,Valid SKU
JNE3768-KR-XS,JNE3768,22,Kurta,XS,Peach,False,In Stock,False,Valid SKU
JNE3768-KR-XXL,JNE3768,15,Kurta,XXL,Peach,False,In Stock,False,Valid SKU
JNE3768-KR-XXXL,JNE3768,19,Kurta,XXXL,Peach,False,In Stock,False,Valid SKU
JNE3769-KR-L,JNE3769,3,Kurta,L,Blue,False,Low Stock,False,Valid SKU
JNE3769-KR-M,JNE3769,13,Kurta,M,Blue,False,In Stock,False,Valid SKU
JNE3769-KR-S,JNE3769,33,Kurta,S,Blue,False,In Stock,False,Valid SKU
JNE3769-KR-XL,JNE3769,9,Kurta,XL,Blue,False,In Stock,False,Valid SKU
JNE3769-KR-XS,JNE3769,8,Kurta,XS,Blue,False,In Stock,False,Valid SKU
JNE3769-KR-XXL,JNE3769,19,Kurta,XXL,Blue,False,In Stock,False,Valid SKU
JNE3769-KR-XXXL,JNE3769,9,Kurta,XXXL,Blue,False,In Stock,False,Valid SKU
JNE3770-KR-L,JNE3770,135,Kurta,L,Blue,False,In Stock,False,Valid SKU
JNE3770-KR-M,JNE3770,72,Kurta,M,Blue,False,In Stock,False,Valid SKU
JNE3770-KR-S,JNE3770,15,Kurta,S,Blue,False,In Stock,False,Valid SKU
JNE3770-KR-XL,JNE3770,41,Kurta,XL,Blue,False,In Stock,False,Valid SKU
JNE3770-KR-XS,JNE3770,82,Kurta,XS,Blue,False,In Stock,False,Valid SKU
JNE3770-KR-XXL,JNE3770,81,Kurta,XXL,Blue,False,In Stock,False,Valid SKU
JNE3770-KR-XXXL,JNE3770,62,Kurta,XXXL,Blue,False,In Stock,False,Valid SKU
JNE3771-KR-L,JNE3771,37,Kurta,L,Maroon,False,In Stock,False,Valid SKU
JNE3771-KR-M,JNE3771,32,Kurta,M,Maroon,False,In Stock,False,Valid SKU
JNE3771-KR-S,JNE3771,10,Kurta,S,Maroon,False,In Stock,False,Valid SKU
JNE3771-KR-XL,JNE3771,51,Kurta,XL,Maroon,False,In Stock,False,Valid SKU
JNE3771-KR-XS,JNE3771,14,Kurta,XS,Maroon,False,In Stock,False,Valid SKU
JNE3771-KR-XXL,JNE3771,47,Kurta,XXL,Maroon,False,In Stock,False,Valid SKU
JNE3771-KR-XXXL,JNE3771,11,Kurta,XXXL,Maroon,False,In Stock,False,Valid SKU
JNE3773-KR-L,JNE3773,3,Kurta,L,Grey,False,Low Stock,False,Valid SKU
JNE3773-KR-M,JNE3773,3,Kurta,M,Grey,False,Low Stock,False,Valid SKU
JNE3773-KR-S,JNE3773,4,Kurta,S,Grey,False,Low Stock,False,Valid SKU
JNE3773-KR-XL,JNE3773,3,Kurta,XL,Grey,False,Low Stock,False,Valid SKU
JNE3773-KR-XS,JNE3773,6,Kurta,XS,Grey,False,In Stock,False,Valid SKU
JNE3773-KR-XXL,JNE3773,5,Kurta,XXL,Grey,False,Low Stock,False,Valid SKU
JNE3773-KR-XXXL,JNE3773,2,Kurta,XXXL,Grey,False,Low Stock,False,Valid SKU
JNE3774-KR-L,JNE3774,3,Kurta,L,Teal,False,Low Stock,False,Valid SKU
JNE3774-KR-M,JNE3774,7,Kurta,M,Teal,False,In Stock,False,Valid SKU
JNE3774-KR-S,JNE3774,10,Kurta,S,Teal,False,In Stock,False,Valid SKU
JNE3774-KR-XL,JNE3774,4,Kurta,XL,Teal,False,Low Stock,False,Valid SKU
JNE3774-KR-XS,JNE3774,14,Kurta,XS,Teal,False,In Stock,False,Valid SKU
JNE3774-KR-XXL,JNE3774,10,Kurta,XXL,Teal,False,In Stock,False,Valid SKU
JNE3774-KR-XXXL,JNE3774,9,Kurta,XXXL,Teal,False,In Stock,False,Valid SKU
JNE3775-KR-L,JNE3775,72,Kurta,L,Teal,False,In Stock,False,Valid SKU
JNE3775-KR-M,JNE3775,70,Kurta,M,Teal,False,In Stock,False,Valid SKU
JNE3775-KR-S,JNE3775,99,Kurta,S,Teal,False,In Stock,False,Valid SKU
JNE3775-KR-XL,JNE3775,59,Kurta,XL,Teal,False,In Stock,False,Valid SKU
JNE3775-KR-XS,JNE3775,56,Kurta,XS,Teal,False,In Stock,False,Valid SKU
JNE3775-KR-XXL,JNE3775,72,Kurta,XXL,Teal,False,In Stock,False,Valid SKU
JNE3775-KR-XXXL,JNE3775,6,Kurta,XXXL,Teal,False,In Stock,False,Valid SKU
JNE3776-KR-L,JNE3776,3,Kurta,L,Green,False,Low Stock,False,Valid SKU
JNE3776-KR-M,JNE3776,6,Kurta,M,Green,False,In Stock,False,Valid SKU
JNE3776-KR-S,JNE3776,6,Kurta,S,Green,False,In Stock,False,Valid SKU
JNE3776-KR-XL,JNE3776,4,Kurta,XL,Green,False,Low Stock,False,Valid SKU
JNE3776-KR-XS,JNE3776,3,Kurta,XS,Green,False,Low Stock,False,Valid SKU
JNE3776-KR-XXL,JNE3776,8,Kurta,XXL,Green,False,In Stock,False,Valid SKU
JNE3776-KR-XXXL,JNE3776,2,Kurta,XXXL,Green,False,Low Stock,False,Valid SKU
JNE3777-KR-L,JNE3777,7,Kurta,L,Maroon,False,In Stock,False,Valid SKU
JNE3777-KR-M,JNE3777,9,Kurta,M,Maroon,False,In Stock,False,Valid SKU
JNE3777-KR-S,JNE3777,44,Kurta,S,Maroon,False,In Stock,False,Valid SKU
JNE3777-KR-XL,JNE3777,15,Kurta,XL,Maroon,False,In Stock,False,Valid SKU
JNE3777-KR-XS,JNE3777,45,Kurta,XS,Maroon,False,In Stock,False,Valid SKU
JNE3777-KR-XXL,JNE3777,56,Kurta,XXL,Maroon,False,In Stock,False,Valid SKU
JNE3777-KR-XXXL,JNE3777,8,Kurta,XXXL,Maroon,False,In Stock,False,Valid SKU
JNE3778-KR-L,JNE3778,38,Kurta,L,Green,False,In Stock,False,Valid SKU
JNE3778-KR-M,JNE3778,47,Kurta,M,Green,False,In Stock,False,Valid SKU
JNE3778-KR-S,JNE3778,57,Kurta,S,Green,False,In Stock,False,Valid SKU
JNE3778-KR-XL,JNE3778,26,Kurta,XL,Green,False,In Stock,False,Valid SKU
JNE3778-KR-XS,JNE3778,81,Kurta,XS,Green,False,In Stock,False,Valid SKU
JNE3778-KR-XXL,JNE3778,40,Kurta,XXL,Green,False,In Stock,False,Valid SKU
JNE3778-KR-XXXL,JNE3778,22,Kurta,XXXL,Green,False,In Stock,False,Valid SKU
JNE3779-KR-L,JNE3779,15,Kurta,L,Teal,False,In Stock,False,Valid SKU
JNE3779-KR-M,JNE3779,15,Kurta,M,Teal,False,In Stock,False,Valid SKU
JNE3779-KR-S,JNE3779,34,Kurta,S,Teal,False,In Stock,False,Valid SKU
JNE3779-KR-XL,JNE3779,18,Kurta,XL,Teal,False,In Stock,False,Valid SKU
JNE3779-KR-XS,JNE3779,31,Kurta,XS,Teal,False,In Stock,False,Valid SKU
JNE3779-KR-XXL,JNE3779,27,Kurta,XXL,Teal,False,In Stock,False,Valid SKU
JNE3779-KR-XXXL,JNE3779,33,Kurta,XXXL,Teal,False,In Stock,False,Valid SKU
JNE3780-KR-L,JNE3780,110,Kurta,L,Navy Blue,False,In Stock,False,Valid SKU
JNE3780-KR-M,JNE3780,112,Kurta,M,Navy Blue,False,In Stock,False,Valid SKU
JNE3780-KR-S,JNE3780,121,Kurta,S,Navy Blue,False,In Stock,False,Valid SKU
JNE3780-KR-XL,JNE3780,99,Kurta,XL,Navy Blue,False,In Stock,False,Valid SKU
JNE3780-KR-XS,JNE3780,54,Kurta,XS,Navy Blue,False,In Stock,False,Valid SKU
JNE3780-KR-XXL,JNE3780,112,Kurta,XXL,Navy Blue,False,In Stock,False,Valid SKU
JNE3780-KR-XXXL,JNE3780,40,Kurta,XXXL,Navy Blue,False,In Stock,False,Valid SKU
JNE3781-KR-L,JNE3781,86,Kurta,L,Green,False,In Stock,False,Valid SKU
JNE3781-KR-M,JNE3781,52,Kurta,M,Green,False,In Stock,False,Valid SKU
JNE3781-KR-S,JNE3781,26,Kurta,S,Green,False,In Stock,False,Valid SKU
JNE3781-KR-XL,JNE3781,83,Kurta,XL,Green,False,In Stock,False,Valid SKU
JNE3781-KR-XS,JNE3781,49,Kurta,XS,Green,False,In Stock,False,Valid SKU
JNE3781-KR-XXL,JNE3781,112,Kurta,XXL,Green,False,In Stock,False,Valid SKU
JNE3781-KR-XXXL,JNE3781,96,Kurta,XXXL,Green,False,In Stock,False,Valid SKU
JNE3782-KR-L,JNE3782,135,Kurta,L,Green,False,In Stock,False,Valid SKU
JNE3782-KR-M,JNE3782,170,Kurta,M,Green,False,In Stock,False,Valid SKU
JNE3782-KR-S,JNE3782,105,Kurta,S,Green,False,In Stock,False,Valid SKU
JNE3782-KR-XL,JNE3782,198,Kurta,XL,Green,False,In Stock,False,Valid SKU
JNE3782-KR-XS,JNE3782,39,Kurta,XS,Green,False,In Stock,False,Valid SKU
JNE3782-KR-XXL,JNE3782,60,Kurta,XXL,Green,False,In Stock,False,Valid SKU
JNE3782-KR-XXXL,JNE3782,71,Kurta,XXXL,Green,False,In Stock,False,Valid SKU
JNE3783-KR-L,JNE3783,0,Kurta,L,Brown,False,Out of Stock,False,Valid SKU
JNE3783-KR-M,JNE3783,0,Kurta,M,Brown,False,Out of Stock,False,Valid SKU
JNE3783-KR-S,JNE3783,0,Kurta,S,Brown,False,Out of Stock,False,Valid SKU
JNE3783-KR-XL,JNE3783,0,Kurta,XL,Brown,False,Out of Stock,False,Valid SKU
JNE3783-KR-XS,JNE3783,0,Kurta,XS,Brown,False,Out of Stock,False,Valid SKU
JNE3783-KR-XXL,JNE3783,0,Kurta,XXL,Brown,False,Out of Stock,False,Valid SKU
JNE3783-KR-XXXL,JNE3783,0,Kurta,XXXL,Brown,False,Out of Stock,False,Valid SKU
JNE3784-KR-L,JNE3784,139,Kurta,L,Green,False,In Stock,False,Valid SKU
JNE3784-KR-M,JNE3784,90,Kurta,M,Green,False,In Stock,False,Valid SKU
JNE3784-KR-S,JNE3784,116,Kurta,S,Green,False,In Stock,False,Valid SKU
JNE3784-KR-XL,JNE3784,163,Kurta,XL,Green,False,In Stock,False,Valid SKU
JNE3784-KR-XS,JNE3784,89,Kurta,XS,Green,False,In Stock,False,Valid SKU
JNE3784-KR-XXL,JNE3784,112,Kurta,XXL,Green,False,In Stock,False,Valid SKU
JNE3784-KR-XXXL,JNE3784,137,Kurta,XXXL,Green,False,In Stock,False,Valid SKU
JNE3785-KR-L,JNE3785,4,Kurta,L,Coral,False,Low Stock,False,Valid SKU
JNE3785-KR-M,JNE3785,5,Kurta,M,Coral,False,Low Stock,False,Valid SKU
JNE3785-KR-S,JNE3785,8,Kurta,S,Coral,False,In Stock,False,Valid SKU
JNE3785-KR-XL,JNE3785,5,Kurta,XL,Coral,False,Low Stock,False,Valid SKU
JNE3785-KR-XS,JNE3785,45,Kurta,XS,Coral,False,In Stock,False,Valid SKU
JNE3785-KR-XXL,JNE3785,5,Kurta,XXL,Coral,False,Low Stock,False,Valid SKU
JNE3785-KR-XXXL,JNE3785,4,Kurta,XXXL,Coral,False,Low Stock,False,Valid SKU
JNE3786-KR-L,JNE3786,2,Kurta,L,Black,False,Low Stock,False,Valid SKU
JNE3786-KR-M,JNE3786,0,Kurta,M,Black,False,Out of Stock,False,Valid SKU
JNE3786-KR-S,JNE3786,56,Kurta,S,Black,False,In Stock,False,Valid SKU
JNE3786-KR-XL,JNE3786,2,Kurta,XL,Black,False,Low Stock,False,Valid SKU
JNE3786-KR-XS,JNE3786,63,Kurta,XS,Black,False,In Stock,False,Valid SKU
JNE3786-KR-XXL,JNE3786,19,Kurta,XXL,Black,False,In Stock,False,Valid SKU
JNE3786-KR-XXXL,JNE3786,4,Kurta,XXXL,Black,False,Low Stock,False,Valid SKU
JNE3787-KR-L,JNE3787,3,Kurta,L,Blue,False,Low Stock,False,Valid SKU
JNE3787-KR-M,JNE3787,2,Kurta,M,Blue,False,Low Stock,False,Valid SKU
JNE3787-KR-S,JNE3787,0,Kurta,S,Blue,False,Out of Stock,False,Valid SKU
JNE3787-KR-XL,JNE3787,6,Kurta,XL,Blue,False,In Stock,False,Valid SKU
JNE3787-KR-XS,JNE3787,9,Kurta,XS,Blue,False,In Stock,False,Valid SKU
JNE3787-KR-XXL,JNE3787,5,Kurta,XXL,Blue,False,Low Stock,False,Valid SKU
JNE3787-KR-XXXL,JNE3787,7,Kurta,XXXL,Blue,False,In Stock,False,Valid SKU
JNE3788-KR-L,JNE3788,9,Kurta,L,Black,False,In Stock,False,Valid SKU
JNE3788-KR-M,JNE3788,12,Kurta,M,Black,False,In Stock,False,Valid SKU
JNE3788-KR-S,JNE3788,46,Kurta,S,Black,False,In Stock,False,Valid SKU
JNE3788-KR-XL,JNE3788,18,Kurta,XL,Black,False,In Stock,False,Valid SKU
JNE3788-KR-XS,JNE3788,23,Kurta,XS,Black,False,In Stock,False,Valid SKU
JNE3788-KR-XXL,JNE3788,25,Kurta,XXL,Black,False,In Stock,False,Valid SKU
JNE3788-KR-XXXL,JNE3788,6,Kurta,XXXL,Black,False,In Stock,False,Valid SKU
JNE3789-KR-L,JNE3789,42,Kurta,L,Teal,False,In Stock,False,Valid SKU
JNE3789-KR-M,JNE3789,73,Kurta,M,Teal,False,In Stock,False,Valid SKU
JNE3789-KR-S,JNE3789,34,Kurta,S,Teal,False,In Stock,False,Valid SKU
JNE3789-KR-XL,JNE3789,35,Kurta,XL,Teal,False,In Stock,False,Valid SKU
JNE3789-KR-XS,JNE3789,9,Kurta,XS,Teal,False,In Stock,False,Valid SKU
JNE3789-KR-XXL,JNE3789,56,Kurta,XXL,Teal,False,In Stock,False,Valid SKU
JNE3789-KR-XXXL,JNE3789,7,Kurta,XXXL,Teal,False,In Stock,False,Valid SKU
JNE3790-KR-L,JNE3790,20,Kurta,L,Navy Blue,False,In Stock,False,Valid SKU
JNE3790-KR-M,JNE3790,42,Kurta,M,Navy Blue,False,In Stock,False,Valid SKU
JNE3790-KR-S,JNE3790,68,Kurta,S,Navy Blue,False,In Stock,False,Valid SKU
JNE3790-KR-XL,JNE3790,12,Kurta,XL,Navy Blue,False,In Stock,False,Valid SKU
JNE3790-KR-XS,JNE3790,45,Kurta,XS,Navy Blue,False,In Stock,False,Valid SKU
JNE3790-KR-XXL,JNE3790,34,Kurta,XXL,Navy Blue,False,In Stock,False,Valid SKU
JNE3790-KR-XXXL,JNE3790,5,Kurta,XXXL,Navy Blue,False,Low Stock,False,Valid SKU
JNE3791-DR-L,JNE3791,8,Dress,L,Light Green,False,In Stock,False,Valid SKU
JNE3791-DR-M,JNE3791,14,Dress,M,Light Green,False,In Stock,False,Valid SKU
JNE3791-DR-S,JNE3791,6,Dress,S,Light Green,False,In Stock,False,Valid SKU
JNE3791-DR-XL,JNE3791,38,Dress,XL,Light Green,False,In Stock,False,Valid SKU
JNE3791-DR-XS,JNE3791,17,Dress,XS,Light Green,False,In Stock,False,Valid SKU
JNE3791-DR-XXL,JNE3791,33,Dress,XXL,Light Green,False,In Stock,False,Valid SKU
JNE3791-DR-XXXL,JNE3791,12,Dress,XXXL,Light Green,False,In Stock,False,Valid SKU
JNE3792-KR-L,JNE3792,35,Kurta,L,Green,False,In Stock,False,Valid SKU
JNE3792-KR-M,JNE3792,45,Kurta,M,Green,False,In Stock,False,Valid SKU
JNE3792-KR-S,JNE3792,69,Kurta,S,Green,False,In Stock,False,Valid SKU
JNE3792-KR-XL,JNE3792,49,Kurta,XL,Green,False,In Stock,False,Valid SKU
JNE3792-KR-XS,JNE3792,28,Kurta,XS,Green,False,In Stock,False,Valid SKU
JNE3792-KR-XXL,JNE3792,42,Kurta,XXL,Green,False,In Stock,False,Valid SKU
JNE3792-KR-XXXL,JNE3792,14,Kurta,XXXL,Green,False,In Stock,False,Valid SKU
JNE3793-KR-L,JNE3793,31,Kurta,L,Maroon,False,In Stock,False,Valid SKU
JNE3793-KR-M,JNE3793,67,Kurta,M,Maroon,False,In Stock,False,Valid SKU
JNE3793-KR-S,JNE3793,98,Kurta,S,Maroon,False,In Stock,False,Valid SKU
JNE3793-KR-XL,JNE3793,42,Kurta,XL,Maroon,False,In Stock,False,Valid SKU
JNE3793-KR-XS,JNE3793,75,Kurta,XS,Maroon,False,In Stock,False,Valid SKU
JNE3793-KR-XXL,JNE3793,12,Kurta,XXL,Maroon,False,In Stock,False,Valid SKU
JNE3793-KR-XXXL,JNE3793,5,Kurta,XXXL,Maroon,False,Low Stock,False,Valid SKU
JNE3794-KR-L,JNE3794,75,Kurta,L,Peach,False,In Stock,False,Valid SKU
JNE3794-KR-M,JNE3794,101,Kurta,M,Peach,False,In Stock,False,Valid SKU
JNE3794-KR-S,JNE3794,94,Kurta,S,Peach,False,In Stock,False,Valid SKU
JNE3794-KR-XL,JNE3794,104,Kurta,XL,Peach,False,In Stock,False,Valid SKU
JNE3794-KR-XS,JNE3794,26,Kurta,XS,Peach,False,In Stock,False,Valid SKU
JNE3794-KR-XXL,JNE3794,101,Kurta,XXL,Peach,False,In Stock,False,Valid SKU
JNE3794-KR-XXXL,JNE3794,104,Kurta,XXXL,Peach,False,In Stock,False,Valid SKU
JNE3795-KR-L,JNE3795,118,Kurta,L,Blue,False,In Stock,False,Valid SKU
JNE3795-KR-M,JNE3795,163,Kurta,M,Blue,False,In Stock,False,Valid SKU
JNE3795-KR-S,JNE3795,47,Kurta,S,Blue,False,In Stock,False,Valid SKU
JNE3795-KR-XL,JNE3795,180,Kurta,XL,Blue,False,In Stock,False,Valid SKU
JNE3795-KR-XS,JNE3795,57,Kurta,XS,Blue,False,In Stock,False,Valid SKU
JNE3795-KR-XXL,JNE3795,151,Kurta,XXL,Blue,False,In Stock,False,Valid SKU
JNE3795-KR-XXXL,JNE3795,122,Kurta,XXXL,Blue,False,In Stock,False,Valid SKU
JNE3796-KR-L,JNE3796,5,Kurta,L,Peach,False,Low Stock,False,Valid SKU
JNE3796-KR-M,JNE3796,5,Kurta,M,Peach,False,Low Stock,False,Valid SKU
JNE3796-KR-S,JNE3796,6,Kurta,S,Peach,False,In Stock,False,Valid SKU
JNE3796-KR-XL,JNE3796,5,Kurta,XL,Peach,False,Low Stock,False,Valid SKU
JNE3796-KR-XS,JNE3796,12,Kurta,XS,Peach,False,In Stock,False,Valid SKU
JNE3796-KR-XXL,JNE3796,9,Kurta,XXL,Peach,False,In Stock,False,Valid SKU
JNE3796-KR-XXXL,JNE3796,3,Kurta,XXXL,Peach,False,Low Stock,False,Valid SKU
JNE3797-KR-L,JNE3797,5,Kurta,L,Green,False,Low Stock,False,Valid SKU
JNE3797-KR-M,JNE3797,6,Kurta,M,Green,False,In Stock,False,Valid SKU
JNE3797-KR-S,JNE3797,2,Kurta,S,Green,False,Low Stock,False,Valid SKU
JNE3797-KR-XL,JNE3797,13,Kurta,XL,Green,False,In Stock,False,Valid SKU
JNE3797-KR-XS,JNE3797,101,Kurta,XS,Green,False,In Stock,False,Valid SKU
JNE3797-KR-XXL,JNE3797,0,Kurta,XXL,Green,False,Out of Stock,False,Valid SKU
JNE3797-KR-XXXL,JNE3797,4,Kurta,XXXL,Green,False,Low Stock,False,Valid SKU
JNE3798-KR-L,JNE3798,3,Kurta,L,Teal,False,Low Stock,False,Valid SKU
JNE3798-KR-M,JNE3798,2,Kurta,M,Teal,False,Low Stock,False,Valid SKU
JNE3798-KR-S,JNE3798,5,Kurta,S,Teal,False,Low Stock,False,Valid SKU
JNE3798-KR-XL,JNE3798,4,Kurta,XL,Teal,False,Low Stock,False,Valid SKU
JNE3798-KR-XS,JNE3798,13,Kurta,XS,Teal,False,In Stock,False,Valid SKU
JNE3798-KR-XXL,JNE3798,8,Kurta,XXL,Teal,False,In Stock,False,Valid SKU
JNE3798-KR-XXXL,JNE3798,9,Kurta,XXXL,Teal,False,In Stock,False,Valid SKU
JNE3799-KR-L,JNE3799,48,Kurta,L,Wine,False,In Stock,False,Valid SKU
JNE3799-KR-M,JNE3799,28,Kurta,M,Wine,False,In Stock,False,Valid SKU
JNE3799-KR-S,JNE3799,41,Kurta,S,Wine,False,In Stock,False,Valid SKU
JNE3799-KR-XL,JNE3799,8,Kurta,XL,Wine,False,In Stock,False,Valid SKU
JNE3799-KR-XS,JNE3799,17,Kurta,XS,Wine,False,In Stock,False,Valid SKU
JNE3799-KR-XXL,JNE3799,7,Kurta,XXL,Wine,False,In Stock,False,Valid SKU
JNE3799-KR-XXXL,JNE3799,14,Kurta,XXXL,Wine,False,In Stock,False,Valid SKU
JNE3800-KR-L,JNE3800,37,Kurta,L,Mustard,False,In Stock,False,Valid SKU
JNE3800-KR-M,JNE3800,3,Kurta,M,Mustard,False,Low Stock,False,Valid SKU
JNE3800-KR-S,JNE3800,13,Kurta,S,Mustard,False,In Stock,False,Valid SKU
JNE3800-KR-XL,JNE3800,62,Kurta,XL,Mustard,False,In Stock,False,Valid SKU
JNE3800-KR-XS,JNE3800,89,Kurta,XS,Mustard,False,In Stock,False,Valid SKU
JNE3800-KR-XXL,JNE3800,0,Kurta,XXL,Mustard,False,Out of Stock,False,Valid SKU
JNE3800-KR-XXXL,JNE3800,93,Kurta,XXXL,Mustard,False,In Stock,False,Valid SKU
JNE3801-KR-L,JNE3801,3,Kurta,L,Pink,False,Low Stock,False,Valid SKU
JNE3801-KR-M,JNE3801,4,Kurta,M,Pink,False,Low Stock,False,Valid SKU
JNE3801-KR-S,JNE3801,3,Kurta,S,Pink,False,Low Stock,False,Valid SKU
JNE3801-KR-XL,JNE3801,1,Kurta,XL,Pink,False,Low Stock,False,Valid SKU
JNE3801-KR-XS,JNE3801,5,Kurta,XS,Pink,False,Low Stock,False,Valid SKU
JNE3801-KR-XXL,JNE3801,2,Kurta,XXL,Pink,False,Low Stock,False,Valid SKU
JNE3801-KR-XXXL,JNE3801,8,Kurta,XXXL,Pink,False,In Stock,False,Valid SKU
JNE3802-KR-L,JNE3802,6,Kurta,L,Orange,False,In Stock,False,Valid SKU
JNE3802-KR-M,JNE3802,7,Kurta,M,Orange,False,In Stock,False,Valid SKU
JNE3802-KR-S,JNE3802,4,Kurta,S,Orange,False,Low Stock,False,Valid SKU
JNE3802-KR-XL,JNE3802,6,Kurta,XL,Orange,False,In Stock,False,Valid SKU
JNE3802-KR-XS,JNE3802,46,Kurta,XS,Orange,False,In Stock,False,Valid SKU
JNE3802-KR-XXL,JNE3802,15,Kurta,XXL,Orange,False,In Stock,False,Valid SKU
JNE3802-KR-XXXL,JNE3802,7,Kurta,XXXL,Orange,False,In Stock,False,Valid SKU
JNE3803-KR-L,JNE3803,15,Kurta,L,Pink,False,In Stock,False,Valid SKU
JNE3803-KR-M,JNE3803,16,Kurta,M,Pink,False,In Stock,False,Valid SKU
JNE3803-KR-S,JNE3803,20,Kurta,S,Pink,False,In Stock,False,Valid SKU
JNE3803-KR-XL,JNE3803,9,Kurta,XL,Pink,False,In Stock,False,Valid SKU
JNE3803-KR-XS,JNE3803,13,Kurta,XS,Pink,False,In Stock,False,Valid SKU
JNE3803-KR-XXL,JNE3803,46,Kurta,XXL,Pink,False,In Stock,False,Valid SKU
JNE3803-KR-XXXL,JNE3803,74,Kurta,XXXL,Pink,False,In Stock,False,Valid SKU
JNE3804-KR-L,JNE3804,130,Kurta,L,Grey,False,In Stock,False,Valid SKU
JNE3804-KR-M,JNE3804,55,Kurta,M,Grey,False,In Stock,False,Valid SKU
JNE3804-KR-S,JNE3804,23,Kurta,S,Grey,False,In Stock,False,Valid SKU
JNE3804-KR-XL,JNE3804,64,Kurta,XL,Grey,False,In Stock,False,Valid SKU
JNE3804-KR-XS,JNE3804,28,Kurta,XS,Grey,False,In Stock,False,Valid SKU
JNE3804-KR-XXL,JNE3804,30,Kurta,XXL,Grey,False,In Stock,False,Valid SKU
JNE3804-KR-XXXL,JNE3804,7,Kurta,XXXL,Grey,False,In Stock,False,Valid SKU
JNE3805-KR-L,JNE3805,68,Kurta,L,Green,False,In Stock,False,Valid SKU
JNE3805-KR-M,JNE3805,89,Kurta,M,Green,False,In Stock,False,Valid SKU
JNE3805-KR-S,JNE3805,106,Kurta,S,Green,False,In Stock,False,Valid SKU
JNE3805-KR-XL,JNE3805,95,Kurta,XL,Green,False,In Stock,False,Valid SKU
JNE3805-KR-XS,JNE3805,84,Kurta,XS,Green,False,In Stock,False,Valid SKU
JNE3805-KR-XXL,JNE3805,116,Kurta,XXL,Green,False,In Stock,False,Valid SKU
JNE3805-KR-XXXL,JNE3805,77,Kurta,XXXL,Green,False,In Stock,False,Valid SKU
JNE3806-KR-L,JNE3806,10,Kurta,L,Blue,False,In Stock,False,Valid SKU
JNE3806-KR-M,JNE3806,9,Kurta,M,Blue,False,In Stock,False,Valid SKU
JNE3806-KR-S,JNE3806,37,Kurta,S,Blue,False,In Stock,False,Valid SKU
JNE3806-KR-XL,JNE3806,4,Kurta,XL,Blue,False,Low Stock,False,Valid SKU
JNE3806-KR-XS,JNE3806,36,Kurta,XS,Blue,False,In Stock,False,Valid SKU
JNE3806-KR-XXL,JNE3806,11,Kurta,XXL,Blue,False,In Stock,False,Valid SKU
JNE3806-KR-XXXL,JNE3806,6,Kurta,XXXL,Blue,False,In Stock,False,Valid SKU
JNE3807-KR-L,JNE3807,9,Kurta,L,Beige,False,In Stock,False,Valid SKU
JNE3807-KR-M,JNE3807,62,Kurta,M,Beige,False,In Stock,False,Valid SKU
JNE3807-KR-S,JNE3807,10,Kurta,S,Beige,False,In Stock,False,Valid SKU
JNE3807-KR-XL,JNE3807,7,Kurta,XL,Beige,False,In Stock,False,Valid SKU
JNE3807-KR-XS,JNE3807,5,Kurta,XS,Beige,False,Low Stock,False,Valid SKU
JNE3807-KR-XXL,JNE3807,2,Kurta,XXL,Beige,False,Low Stock,False,Valid SKU
JNE3807-KR-XXXL,JNE3807,12,Kurta,XXXL,Beige,False,In Stock,False,Valid SKU
JNE3810-KR-L,JNE3810,0,Kurta,L,Black,False,Out of Stock,False,Valid SKU
JNE3810-KR-M,JNE3810,13,Kurta,M,Black,False,In Stock,False,Valid SKU
JNE3810-KR-S,JNE3810,37,Kurta,S,Black,False,In Stock,False,Valid SKU
JNE3810-KR-XL,JNE3810,1,Kurta,XL,Black,False,Low Stock,False,Valid SKU
JNE3810-KR-XS,JNE3810,37,Kurta,XS,Black,False,In Stock,False,Valid SKU
JNE3810-KR-XXL,JNE3810,16,Kurta,XXL,Black,False,In Stock,False,Valid SKU
JNE3810-KR-XXXL,JNE3810,21,Kurta,XXXL,Black,False,In Stock,False,Valid SKU
JNE3811-KR-L,JNE3811,7,Kurta,L,Navy Blue,False,In Stock,False,Valid SKU
JNE3811-KR-M,JNE3811,6,Kurta,M,Navy Blue,False,In Stock,False,Valid SKU
JNE3811-KR-S,JNE3811,5,Kurta,S,Navy Blue,False,Low Stock,False,Valid SKU
JNE3811-KR-XL,JNE3811,7,Kurta,XL,Navy Blue,False,In Stock,False,Valid SKU
JNE3811-KR-XS,JNE3811,5,Kurta,XS,Navy Blue,False,Low Stock,False,Valid SKU
JNE3811-KR-XXL,JNE3811,18,Kurta,XXL,Navy Blue,False,In Stock,False,Valid SKU
JNE3811-KR-XXXL,JNE3811,12,Kurta,XXXL,Navy Blue,False,In Stock,False,Valid SKU
JNE3813-KR-L,JNE3813,1,Kurta,L,Teal,False,Low Stock,False,Valid SKU
JNE3813-KR-M,JNE3813,0,Kurta,M,Teal,False,Out of Stock,False,Valid SKU
JNE3813-KR-S,JNE3813,15,Kurta,S,Teal,False,In Stock,False,Valid SKU
JNE3813-KR-XL,JNE3813,0,Kurta,XL,Teal,False,Out of Stock,False,Valid SKU
JNE3813-KR-XS,JNE3813,17,Kurta,XS,Teal,False,In Stock,False,Valid SKU
JNE3813-KR-XXL,JNE3813,2,Kurta,XXL,Teal,False,Low Stock,False,Valid SKU
JNE3813-KR-XXXL,JNE3813,0,Kurta,XXXL,Teal,False,Out of Stock,False,Valid SKU
JNE3816-KR-L,JNE3816,5,Kurta,L,Sea Green,False,Low Stock,False,Valid SKU
JNE3816-KR-M,JNE3816,7,Kurta,M,Sea Green,False,In Stock,False,Valid SKU
JNE3816-KR-S,JNE3816,6,Kurta,S,Sea Green,False,In Stock,False,Valid SKU
JNE3816-KR-XL,JNE3816,2,Kurta,XL,Sea Green,False,Low Stock,False,Valid SKU
JNE3816-KR-XS,JNE3816,9,Kurta,XS,Sea Green,False,In Stock,False,Valid SKU
JNE3816-KR-XXL,JNE3816,7,Kurta,XXL,Sea Green,False,In Stock,False,Valid SKU
JNE3816-KR-XXXL,JNE3816,4,Kurta,XXXL,Sea Green,False,Low Stock,False,Valid SKU
JNE3817-KR-L,JNE3817,4,Kurta,L,Cream,False,Low Stock,False,Valid SKU
JNE3817-KR-M,JNE3817,4,Kurta,M,Cream,False,Low Stock,False,Valid SKU
JNE3817-KR-S,JNE3817,4,Kurta,S,Cream,False,Low Stock,False,Valid SKU
JNE3817-KR-XL,JNE3817,4,Kurta,XL,Cream,False,Low Stock,False,Valid SKU
JNE3817-KR-XS,JNE3817,4,Kurta,XS,Cream,False,Low Stock,False,Valid SKU
JNE3817-KR-XXL,JNE3817,4,Kurta,XXL,Cream,False,Low Stock,False,Valid SKU
JNE3817-KR-XXXL,JNE3817,1,Kurta,XXXL,Cream,False,Low Stock,False,Valid SKU
JNE3818-KR-L,JNE3818,4,Kurta,L,Orange,False,Low Stock,False,Valid SKU
JNE3818-KR-M,JNE3818,5,Kurta,M,Orange,False,Low Stock,False,Valid SKU
JNE3818-KR-S,JNE3818,4,Kurta,S,Orange,False,Low Stock,False,Valid SKU
JNE3818-KR-XL,JNE3818,3,Kurta,XL,Orange,False,Low Stock,False,Valid SKU
JNE3818-KR-XS,JNE3818,16,Kurta,XS,Orange,False,In Stock,False,Valid SKU
JNE3818-KR-XXL,JNE3818,2,Kurta,XXL,Orange,False,Low Stock,False,Valid SKU
JNE3818-KR-XXXL,JNE3818,4,Kurta,XXXL,Orange,False,Low Stock,False,Valid SKU
JNE3819-KR-L,JNE3819,8,Kurta,L,Blue,False,In Stock,False,Valid SKU
JNE3819-KR-M,JNE3819,7,Kurta,M,Blue,False,In Stock,False,Valid SKU
JNE3819-KR-S,JNE3819,11,Kurta,S,Blue,False,In Stock,False,Valid SKU
JNE3819-KR-XL,JNE3819,2,Kurta,XL,Blue,False,Low Stock,False,Valid SKU
JNE3819-KR-XS,JNE3819,6,Kurta,XS,Blue,False,In Stock,False,Valid SKU
JNE3819-KR-XXL,JNE3819,9,Kurta,XXL,Blue,False,In Stock,False,Valid SKU
JNE3819-KR-XXXL,JNE3819,3,Kurta,XXXL,Blue,False,Low Stock,False,Valid SKU
JNE3820-KR-L,JNE3820,3,Kurta,L,Green,False,Low Stock,False,Valid SKU
JNE3820-KR-M,JNE3820,3,Kurta,M,Green,False,Low Stock,False,Valid SKU
JNE3820-KR-S,JNE3820,10,Kurta,S,Green,False,In Stock,False,Valid SKU
JNE3820-KR-XL,JNE3820,2,Kurta,XL,Green,False,Low Stock,False,Valid SKU
JNE3820-KR-XS,JNE3820,16,Kurta,XS,Green,False,In Stock,False,Valid SKU
JNE3820-KR-XXL,JNE3820,3,Kurta,XXL,Green,False,Low Stock,False,Valid SKU
JNE3820-KR-XXXL,JNE3820,2,Kurta,XXXL,Green,False,Low Stock,False,Valid SKU
JNE3821-KR-L,JNE3821,4,Kurta,L,Sea Green,False,Low Stock,False,Valid SKU
JNE3821-KR-M,JNE3821,4,Kurta,M,Sea Green,False,Low Stock,False,Valid SKU
JNE3821-KR-S,JNE3821,4,Kurta,S,Sea Green,False,Low Stock,False,Valid SKU
JNE3821-KR-XL,JNE3821,2,Kurta,XL,Sea Green,False,Low Stock,False,Valid SKU
JNE3821-KR-XS,JNE3821,7,Kurta,XS,Sea Green,False,In Stock,False,Valid SKU
JNE3821-KR-XXL,JNE3821,4,Kurta,XXL,Sea Green,False,Low Stock,False,Valid SKU
JNE3821-KR-XXXL,JNE3821,4,Kurta,XXXL,Sea Green,False,Low Stock,False,Valid SKU
JNE3822-KR-L,JNE3822,6,Kurta,L,Blue,False,In Stock,False,Valid SKU
JNE3822-KR-M,JNE3822,6,Kurta,M,Blue,False,In Stock,False,Valid SKU
JNE3822-KR-S,JNE3822,67,Kurta,S,Blue,False,In Stock,False,Valid SKU
JNE3822-KR-XL,JNE3822,18,Kurta,XL,Blue,False,In Stock,False,Valid SKU
JNE3822-KR-XS,JNE3822,51,Kurta,XS,Blue,False,In Stock,False,Valid SKU
JNE3822-KR-XXL,JNE3822,7,Kurta,XXL,Blue,False,In Stock,False,Valid SKU
JNE3822-KR-XXXL,JNE3822,2,Kurta,XXXL,Blue,False,Low Stock,False,Valid SKU
JNE3823-KR-L,JNE3823,4,Kurta,L,Blue,False,Low Stock,False,Valid SKU
JNE3823-KR-M,JNE3823,3,Kurta,M,Blue,False,Low Stock,False,Valid SKU
JNE3823-KR-S,JNE3823,6,Kurta,S,Blue,False,In Stock,False,Valid SKU
JNE3823-KR-XL,JNE3823,2,Kurta,XL,Blue,False,Low Stock,False,Valid SKU
JNE3823-KR-XS,JNE3823,9,Kurta,XS,Blue,False,In Stock,False,Valid SKU
JNE3823-KR-XXL,JNE3823,3,Kurta,XXL,Blue,False,Low Stock,False,Valid SKU
JNE3823-KR-XXXL,JNE3823,2,Kurta,XXXL,Blue,False,Low Stock,False,Valid SKU
JNE3825-KR-L,JNE3825,2,Kurta,L,Yellow,False,Low Stock,False,Valid SKU
JNE3825-KR-M,JNE3825,4,Kurta,M,Yellow,False,Low Stock,False,Valid SKU
JNE3825-KR-S,JNE3825,6,Kurta,S,Yellow,False,In Stock,False,Valid SKU
JNE3825-KR-XL,JNE3825,0,Kurta,XL,Yellow,False,Out of Stock,False,Valid SKU
JNE3825-KR-XS,JNE3825,10,Kurta,XS,Yellow,False,In Stock,False,Valid SKU
JNE3825-KR-XXL,JNE3825,2,Kurta,XXL,Yellow,False,Low Stock,False,Valid SKU
JNE3825-KR-XXXL,JNE3825,1,Kurta,XXXL,Yellow,False,Low Stock,False,Valid SKU
JNE3826-KR-L,JNE3826,19,Kurta,L,Black,False,In Stock,False,Valid SKU
JNE3826-KR-M,JNE3826,14,Kurta,M,Black,False,In Stock,False,Valid SKU
JNE3826-KR-S,JNE3826,22,Kurta,S,Black,False,In Stock,False,Valid SKU
JNE3826-KR-XL,JNE3826,14,Kurta,XL,Black,False,In Stock,False,Valid SKU
JNE3826-KR-XXL,JNE3826,21,Kurta,XXL,Black,False,In Stock,False,Valid SKU
JNE3827-KR-L,JNE3827,14,Kurta,L,Peach,False,In Stock,False,Valid SKU
JNE3827-KR-M,JNE3827,12,Kurta,M,Peach,False,In Stock,False,Valid SKU
JNE3827-KR-S,JNE3827,8,Kurta,S,Peach,False,In Stock,False,Valid SKU
JNE3827-KR-XL,JNE3827,20,Kurta,XL,Peach,False,In Stock,False,Valid SKU
JNE3827-KR-XXL,JNE3827,2,Kurta,XXL,Peach,False,Low Stock,False,Valid SKU
JNE3828-KR-L,JNE3828,7,Kurta,L,Navy Blue,False,In Stock,False,Valid SKU
JNE3828-KR-M,JNE3828,26,Kurta,M,Navy Blue,False,In Stock,False,Valid SKU
JNE3828-KR-S,JNE3828,18,Kurta,S,Navy Blue,False,In Stock,False,Valid SKU
JNE3828-KR-XL,JNE3828,1,Kurta,XL,Navy Blue,False,Low Stock,False,Valid SKU
JNE3828-KR-XXL,JNE3828,1,Kurta,XXL,Navy Blue,False,Low Stock,False,Valid SKU
JNE3829-KR-L,JNE3829,20,Kurta,L,Brown,False,In Stock,False,Valid SKU
JNE3829-KR-M,JNE3829,4,Kurta,M,Brown,False,Low Stock,False,Valid SKU
JNE3829-KR-S,JNE3829,5,Kurta,S,Brown,False,Low Stock,False,Valid SKU
JNE3829-KR-XL,JNE3829,7,Kurta,XL,Brown,False,In Stock,False,Valid SKU
JNE3829-KR-XXL,JNE3829,3,Kurta,XXL,Brown,False,Low Stock,False,Valid SKU
JNE3830-KR-L,JNE3830,2,Kurta,L,Peach,False,Low Stock,False,Valid SKU
JNE3830-KR-M,JNE3830,1,Kurta,M,Peach,False,Low Stock,False,Valid SKU
JNE3830-KR-S,JNE3830,3,Kurta,S,Peach,False,Low Stock,False,Valid SKU
JNE3830-KR-XL,JNE3830,3,Kurta,XL,Peach,False,Low Stock,False,Valid SKU
JNE3830-KR-XXL,JNE3830,12,Kurta,XXL,Peach,False,In Stock,False,Valid SKU
JNE3831-KR-L,JNE3831,1,Kurta,L,Teal,False,Low Stock,False,Valid SKU
JNE3831-KR-M,JNE3831,4,Kurta,M,Teal,False,Low Stock,False,Valid SKU
JNE3831-KR-S,JNE3831,9,Kurta,S,Teal,False,In Stock,False,Valid SKU
JNE3831-KR-XL,JNE3831,7,Kurta,XL,Teal,False,In Stock,False,Valid SKU
JNE3831-KR-XXL,JNE3831,3,Kurta,XXL,Teal,False,Low Stock,False,Valid SKU
JNE3832-KR-L,JNE3832,14,Kurta,L,Green,False,In Stock,False,Valid SKU
JNE3832-KR-M,JNE3832,42,Kurta,M,Green,False,In Stock,False,Valid SKU
JNE3832-KR-S,JNE3832,34,Kurta,S,Green,False,In Stock,False,Valid SKU
JNE3832-KR-XL,JNE3832,7,Kurta,XL,Green,False,In Stock,False,Valid SKU
JNE3832-KR-XXL,JNE3832,9,Kurta,XXL,Green,False,In Stock,False,Valid SKU
JNE3833-KR-L,JNE3833,45,Kurta,L,Blue,False,In Stock,False,Valid SKU
JNE3833-KR-M,JNE3833,42,Kurta,M,Blue,False,In Stock,False,Valid SKU
JNE3833-KR-S,JNE3833,43,Kurta,S,Blue,False,In Stock,False,Valid SKU
JNE3833-KR-XL,JNE3833,42,Kurta,XL,Blue,False,In Stock,False,Valid SKU
JNE3833-KR-XS,JNE3833,43,Kurta,XS,Blue,False,In Stock,False,Valid SKU
JNE3833-KR-XXL,JNE3833,46,Kurta,XXL,Blue,False,In Stock,False,Valid SKU
JNE3833-KR-XXXL,JNE3833,35,Kurta,XXXL,Blue,False,In Stock,False,Valid SKU
JNE3834-KR-L,JNE3834,49,Kurta,L,Orange,False,In Stock,False,Valid SKU
JNE3834-KR-M,JNE3834,41,Kurta,M,Orange,False,In Stock,False,Valid SKU
JNE3834-KR-S,JNE3834,54,Kurta,S,Orange,False,In Stock,False,Valid SKU
JNE3834-KR-XL,JNE3834,51,Kurta,XL,Orange,False,In Stock,False,Valid SKU
JNE3834-KR-XS,JNE3834,42,Kurta,XS,Orange,False,In Stock,False,Valid SKU
JNE3834-KR-XXL,JNE3834,44,Kurta,XXL,Orange,False,In Stock,False,Valid SKU
JNE3834-KR-XXXL,JNE3834,10,Kurta,XXXL,Orange,False,In Stock,False,Valid SKU
JNE3835-KR-L,JNE3835,35,Kurta,L,Black,False,In Stock,False,Valid SKU
JNE3835-KR-M,JNE3835,46,Kurta,M,Black,False,In Stock,False,Valid SKU
JNE3835-KR-S,JNE3835,37,Kurta,S,Black,False,In Stock,False,Valid SKU
JNE3835-KR-XL,JNE3835,25,Kurta,XL,Black,False,In Stock,False,Valid SKU
JNE3835-KR-XS,JNE3835,44,Kurta,XS,Black,False,In Stock,False,Valid SKU
JNE3835-KR-XXL,JNE3835,55,Kurta,XXL,Black,False,In Stock,False,Valid SKU
JNE3835-KR-XXXL,JNE3835,42,Kurta,XXXL,Black,False,In Stock,False,Valid SKU
JNE3836-KR-L,JNE3836,49,Kurta,L,Sea Green,False,In Stock,False,Valid SKU
JNE3836-KR-M,JNE3836,47,Kurta,M,Sea Green,False,In Stock,False,Valid SKU
JNE3836-KR-S,JNE3836,21,Kurta,S,Sea Green,False,In Stock,False,Valid SKU
JNE3836-KR-XL,JNE3836,47,Kurta,XL,Sea Green,False,In Stock,False,Valid SKU
JNE3836-KR-XS,JNE3836,36,Kurta,XS,Sea Green,False,In Stock,False,Valid SKU
JNE3836-KR-XXL,JNE3836,25,Kurta,XXL,Sea Green,False,In Stock,False,Valid SKU
JNE3836-KR-XXXL,JNE3836,34,Kurta,XXXL,Sea Green,False,In Stock,False,Valid SKU
JNE3837-KR-L,JNE3837,16,Kurta,L,Black,False,In Stock,False,Valid SKU
JNE3837-KR-M,JNE3837,9,Kurta,M,Black,False,In Stock,False,Valid SKU
JNE3837-KR-S,JNE3837,40,Kurta,S,Black,False,In Stock,False,Valid SKU
JNE3837-KR-XL,JNE3837,19,Kurta,XL,Black,False,In Stock,False,Valid SKU
JNE3837-KR-XS,JNE3837,55,Kurta,XS,Black,False,In Stock,False,Valid SKU
JNE3837-KR-XXL,JNE3837,29,Kurta,XXL,Black,False,In Stock,False,Valid SKU
JNE3837-KR-XXXL,JNE3837,18,Kurta,XXXL,Black,False,In Stock,False,Valid SKU
JNE3838-KR-L,JNE3838,5,Kurta,L,Black,False,Low Stock,False,Valid SKU
JNE3838-KR-M,JNE3838,5,Kurta,M,Black,False,Low Stock,False,Valid SKU
JNE3838-KR-S,JNE3838,41,Kurta,S,Black,False,In Stock,False,Valid SKU
JNE3838-KR-XL,JNE3838,2,Kurta,XL,Black,False,Low Stock,False,Valid SKU
JNE3838-KR-XS,JNE3838,35,Kurta,XS,Black,False,In Stock,False,Valid SKU
JNE3838-KR-XXL,JNE3838,2,Kurta,XXL,Black,False,Low Stock,False,Valid SKU
JNE3838-KR-XXXL,JNE3838,2,Kurta,XXXL,Black,False,Low Stock,False,Valid SKU
JNE3839-KR-L,JNE3839,27,Kurta,L,Rust,False,In Stock,False,Valid SKU
JNE3839-KR-M,JNE3839,27,Kurta,M,Rust,False,In Stock,False,Valid SKU
JNE3839-KR-S,JNE3839,65,Kurta,S,Rust,False,In Stock,False,Valid SKU
JNE3839-KR-XL,JNE3839,28,Kurta,XL,Rust,False,In Stock,False,Valid SKU
JNE3839-KR-XXL,JNE3839,32,Kurta,XXL,Rust,False,In Stock,False,Valid SKU
JNE3840-KR-L,JNE3840,10,Kurta,L,Wine,False,In Stock,False,Valid SKU
JNE3840-KR-M,JNE3840,6,Kurta,M,Wine,False,In Stock,False,Valid SKU
JNE3840-KR-S,JNE3840,9,Kurta,S,Wine,False,In Stock,False,Valid SKU
JNE3840-KR-XL,JNE3840,10,Kurta,XL,Wine,False,In Stock,False,Valid SKU
JNE3840-KR-XXL,JNE3840,9,Kurta,XXL,Wine,False,In Stock,False,Valid SKU
JNE3841-KR-L,JNE3841,3,Kurta,L,Yellow,False,Low Stock,False,Valid SKU
JNE3841-KR-M,JNE3841,5,Kurta,M,Yellow,False,Low Stock,False,Valid SKU
JNE3841-KR-S,JNE3841,6,Kurta,S,Yellow,False,In Stock,False,Valid SKU
JNE3841-KR-XL,JNE3841,5,Kurta,XL,Yellow,False,Low Stock,False,Valid SKU
JNE3841-KR-XXL,JNE3841,5,Kurta,XXL,Yellow,False,Low Stock,False,Valid SKU
JNE3842-KR-L,JNE3842,27,Kurta,L,Green,False,In Stock,False,Valid SKU
JNE3842-KR-M,JNE3842,27,Kurta,M,Green,False,In Stock,False,Valid SKU
JNE3842-KR-S,JNE3842,29,Kurta,S,Green,False,In Stock,False,Valid SKU
JNE3842-KR-XL,JNE3842,25,Kurta,XL,Green,False,In Stock,False,Valid SKU
JNE3842-KR-XXL,JNE3842,28,Kurta,XXL,Green,False,In Stock,False,Valid SKU
JNE3843-KR-L,JNE3843,13,Kurta,L,Green,False,In Stock,False,Valid SKU
JNE3843-KR-M,JNE3843,13,Kurta,M,Green,False,In Stock,False,Valid SKU
JNE3843-KR-S,JNE3843,17,Kurta,S,Green,False,In Stock,False,Valid SKU
JNE3843-KR-XL,JNE3843,10,Kurta,XL,Green,False,In Stock,False,Valid SKU
JNE3843-KR-XXL,JNE3843,9,Kurta,XXL,Green,False,In Stock,False,Valid SKU
JNE3844-KR-L,JNE3844,5,Kurta,L,Teal,False,Low Stock,False,Valid SKU
JNE3844-KR-M,JNE3844,7,Kurta,M,Teal,False,In Stock,False,Valid SKU
JNE3844-KR-S,JNE3844,12,Kurta,S,Teal,False,In Stock,False,Valid SKU
JNE3844-KR-XL,JNE3844,10,Kurta,XL,Teal,False,In Stock,False,Valid SKU
JNE3844-KR-XXL,JNE3844,7,Kurta,XXL,Teal,False,In Stock,False,Valid SKU
JNE3845-KR-L,JNE3845,12,Kurta,L,Pink,False,In Stock,False,Valid SKU
JNE3845-KR-M,JNE3845,9,Kurta,M,Pink,False,In Stock,False,Valid SKU
JNE3845-KR-S,JNE3845,13,Kurta,S,Pink,False,In Stock,False,Valid SKU
JNE3845-KR-XL,JNE3845,14,Kurta,XL,Pink,False,In Stock,False,Valid SKU
JNE3845-KR-XXL,JNE3845,14,Kurta,XXL,Pink,False,In Stock,False,Valid SKU
JNE3846-KR-L,JNE3846,9,Kurta,L,Magenta,False,In Stock,False,Valid SKU
JNE3846-KR-M,JNE3846,12,Kurta,M,Magenta,False,In Stock,False,Valid SKU
JNE3846-KR-S,JNE3846,20,Kurta,S,Magenta,False,In Stock,False,Valid SKU
JNE3846-KR-XL,JNE3846,8,Kurta,XL,Magenta,False,In Stock,False,Valid SKU
JNE3846-KR-XXL,JNE3846,5,Kurta,XXL,Magenta,False,Low Stock,False,Valid SKU
JNE3847-KR-L,JNE3847,2,Kurta,L,Teal Green,False,Low Stock,False,Valid SKU
JNE3847-KR-M,JNE3847,4,Kurta,M,Teal Green,False,Low Stock,False,Valid SKU
JNE3847-KR-S,JNE3847,6,Kurta,S,Teal Green,False,In Stock,False,Valid SKU
JNE3847-KR-XL,JNE3847,6,Kurta,XL,Teal Green,False,In Stock,False,Valid SKU
JNE3847-KR-XXL,JNE3847,5,Kurta,XXL,Teal Green,False,Low Stock,False,Valid SKU
JNE3848-KR-L,JNE3848,6,Kurta,L,Black,False,In Stock,False,Valid SKU
JNE3848-KR-M,JNE3848,9,Kurta,M,Black,False,In Stock,False,Valid SKU
JNE3848-KR-S,JNE3848,9,Kurta,S,Black,False,In Stock,False,Valid SKU
JNE3848-KR-XL,JNE3848,17,Kurta,XL,Black,False,In Stock,False,Valid SKU
JNE3848-KR-XXL,JNE3848,13,Kurta,XXL,Black,False,In Stock,False,Valid SKU
JNE3849-KR-L,JNE3849,3,Kurta,L,Navy Blue,False,Low Stock,False,Valid SKU
JNE3849-KR-M,JNE3849,8,Kurta,M,Navy Blue,False,In Stock,False,Valid SKU
JNE3849-KR-S,JNE3849,15,Kurta,S,Navy Blue,False,In Stock,False,Valid SKU
JNE3849-KR-XL,JNE3849,5,Kurta,XL,Navy Blue,False,Low Stock,False,Valid SKU
JNE3849-KR-XXL,JNE3849,2,Kurta,XXL,Navy Blue,False,Low Stock,False,Valid SKU
JNE3850-KR-L,JNE3850,16,Kurta,L,Green,False,In Stock,False,Valid SKU
JNE3850-KR-M,JNE3850,17,Kurta,M,Green,False,In Stock,False,Valid SKU
JNE3850-KR-S,JNE3850,3,Kurta,S,Green,False,Low Stock,False,Valid SKU
JNE3850-KR-XL,JNE3850,1,Kurta,XL,Green,False,Low Stock,False,Valid SKU
JNE3850-KR-XXL,JNE3850,6,Kurta,XXL,Green,False,In Stock,False,Valid SKU
JNE3851-KR-L,JNE3851,7,Kurta,L,Green,False,In Stock,False,Valid SKU
JNE3851-KR-M,JNE3851,24,Kurta,M,Green,False,In Stock,False,Valid SKU
JNE3851-KR-S,JNE3851,35,Kurta,S,Green,False,In Stock,False,Valid SKU
JNE3851-KR-XL,JNE3851,6,Kurta,XL,Green,False,In Stock,False,Valid SKU
JNE3851-KR-XXL,JNE3851,3,Kurta,XXL,Green,False,Low Stock,False,Valid SKU
JNE3852-KR-L,JNE3852,8,Kurta,L,Wine,False,In Stock,False,Valid SKU
JNE3852-KR-M,JNE3852,30,Kurta,M,Wine,False,In Stock,False,Valid SKU
JNE3852-KR-S,JNE3852,27,Kurta,S,Wine,False,In Stock,False,Valid SKU
JNE3852-KR-XXL,JNE3852,33,Kurta,XXL,Wine,False,In Stock,False,Valid SKU
JNE3853-KR-L,JNE3853,8,Kurta,L,Magenta,False,In Stock,False,Valid SKU
JNE3853-KR-M,JNE3853,14,Kurta,M,Magenta,False,In Stock,False,Valid SKU
JNE3853-KR-S,JNE3853,30,Kurta,S,Magenta,False,In Stock,False,Valid SKU
JNE3853-KR-XXL,JNE3853,6,Kurta,XXL,Magenta,False,In Stock,False,Valid SKU
JNE3854-KR-L,JNE3854,4,Kurta,L,Olive Green,False,Low Stock,False,Valid SKU
JNE3854-KR-M,JNE3854,14,Kurta,M,Olive Green,False,In Stock,False,Valid SKU
JNE3854-KR-S,JNE3854,9,Kurta,S,Olive Green,False,In Stock,False,Valid SKU
JNE3854-KR-XL,JNE3854,16,Kurta,XL,Olive Green,False,In Stock,False,Valid SKU
JNE3854-KR-XXL,JNE3854,5,Kurta,XXL,Olive Green,False,Low Stock,False,Valid SKU
JNE3855-KR-L,JNE3855,5,Kurta,L,Green,False,Low Stock,False,Valid SKU
JNE3855-KR-M,JNE3855,12,Kurta,M,Green,False,In Stock,False,Valid SKU
JNE3855-KR-S,JNE3855,12,Kurta,S,Green,False,In Stock,False,Valid SKU
JNE3855-KR-XL,JNE3855,8,Kurta,XL,Green,False,In Stock,False,Valid SKU
JNE3855-KR-XXL,JNE3855,9,Kurta,XXL,Green,False,In Stock,False,Valid SKU
JNE3856-KR-L,JNE3856,27,Kurta,L,Pink,False,In Stock,False,Valid SKU
JNE3856-KR-M,JNE3856,34,Kurta,M,Pink,False,In Stock,False,Valid SKU
JNE3856-KR-S,JNE3856,24,Kurta,S,Pink,False,In Stock,False,Valid SKU
JNE3856-KR-XL,JNE3856,17,Kurta,XL,Pink,False,In Stock,False,Valid SKU
JNE3856-KR-XS,JNE3856,21,Kurta,XS,Pink,False,In Stock,False,Valid SKU
JNE3856-KR-XXL,JNE3856,32,Kurta,XXL,Pink,False,In Stock,False,Valid SKU
JNE3856-KR-XXXL,JNE3856,16,Kurta,XXXL,Pink,False,In Stock,False,Valid SKU
JNE3857-KR-L,JNE3857,6,Kurta,L,Maroon,False,In Stock,False,Valid SKU
JNE3857-KR-M,JNE3857,2,Kurta,M,Maroon,False,Low Stock,False,Valid SKU
JNE3857-KR-S,JNE3857,1,Kurta,S,Maroon,False,Low Stock,False,Valid SKU
JNE3857-KR-XL,JNE3857,8,Kurta,XL,Maroon,False,In Stock,False,Valid SKU
JNE3857-KR-XXL,JNE3857,5,Kurta,XXL,Maroon,False,Low Stock,False,Valid SKU
JNE3858-KR-L,JNE3858,26,Kurta,L,Olive Green,False,In Stock,False,Valid SKU
JNE3858-KR-M,JNE3858,2,Kurta,M,Olive Green,False,Low Stock,False,Valid SKU
JNE3858-KR-S,JNE3858,4,Kurta,S,Olive Green,False,Low Stock,False,Valid SKU
JNE3858-KR-XL,JNE3858,26,Kurta,XL,Olive Green,False,In Stock,False,Valid SKU
JNE3858-KR-XXL,JNE3858,20,Kurta,XXL,Olive Green,False,In Stock,False,Valid SKU
JNE3859-KR-L,JNE3859,4,Kurta,L,Blue,False,Low Stock,False,Valid SKU
JNE3859-KR-M,JNE3859,7,Kurta,M,Blue,False,In Stock,False,Valid SKU
JNE3859-KR-S,JNE3859,11,Kurta,S,Blue,False,In Stock,False,Valid SKU
JNE3859-KR-XL,JNE3859,5,Kurta,XL,Blue,False,Low Stock,False,Valid SKU
JNE3859-KR-XXL,JNE3859,6,Kurta,XXL,Blue,False,In Stock,False,Valid SKU
JNE3860-DR-L,JNE3860,8,Dress,L,Blue,False,In Stock,False,Valid SKU
JNE3860-DR-M,JNE3860,13,Dress,M,Blue,False,In Stock,False,Valid SKU
JNE3860-DR-S,JNE3860,47,Dress,S,Blue,False,In Stock,False,Valid SKU
JNE3860-DR-XL,JNE3860,6,Dress,XL,Blue,False,In Stock,False,Valid SKU
JNE3860-DR-XS,JNE3860,54,Dress,XS,Blue,False,In Stock,False,Valid SKU
JNE3860-DR-XXL,JNE3860,15,Dress,XXL,Blue,False,In Stock,False,Valid SKU
JNE3860-DR-XXXL,JNE3860,6,Dress,XXXL,Blue,False,In Stock,False,Valid SKU
JNE3861-DR-L,JNE3861,0,Dress,L,Red,False,Out of Stock,False,Valid SKU
JNE3861-DR-M,JNE3861,1,Dress,M,Red,False,Low Stock,False,Valid SKU
JNE3861-DR-S,JNE3861,12,Dress,S,Red,False,In Stock,False,Valid SKU
JNE3861-DR-XL,JNE3861,3,Dress,XL,Red,False,Low Stock,False,Valid SKU
JNE3861-DR-XS,JNE3861,32,Dress,XS,Red,False,In Stock,False,Valid SKU
JNE3861-DR-XXL,JNE3861,10,Dress,XXL,Red,False,In Stock,False,Valid SKU
JNE3861-DR-XXXL,JNE3861,4,Dress,XXXL,Red,False,Low Stock,False,Valid SKU
JNE3862-TU-L,JNE3862,3,Tunic,L,Maroon,False,Low Stock,False,Valid SKU
JNE3862-TU-M,JNE3862,4,Tunic,M,Maroon,False,Low Stock,False,Valid SKU
JNE3862-TU-S,JNE3862,12,Tunic,S,Maroon,False,In Stock,False,Valid SKU
JNE3862-TU-XL,JNE3862,6,Tunic,XL,Maroon,False,In Stock,False,Valid SKU
JNE3862-TU-XS,JNE3862,25,Tunic,XS,Maroon,False,In Stock,False,Valid SKU
JNE3862-TU-XXL,JNE3862,5,Tunic,XXL,Maroon,False,Low Stock,False,Valid SKU
JNE3862-TU-XXXL,JNE3862,3,Tunic,XXXL,Maroon,False,Low Stock,False,Valid SKU
JNE3863-TU-L,JNE3863,4,Tunic,L,Light Blue,False,Low Stock,False,Valid SKU
JNE3863-TU-M,JNE3863,3,Tunic,M,Light Blue,False,Low Stock,False,Valid SKU
JNE3863-TU-S,JNE3863,19,Tunic,S,Light Blue,False,In Stock,False,Valid SKU
JNE3863-TU-XL,JNE3863,2,Tunic,XL,Light Blue,False,Low Stock,False,Valid SKU
JNE3863-TU-XS,JNE3863,42,Tunic,XS,Light Blue,False,In Stock,False,Valid SKU
JNE3863-TU-XXL,JNE3863,3,Tunic,XXL,Light Blue,False,Low Stock,False,Valid SKU
JNE3863-TU-XXXL,JNE3863,1,Tunic,XXXL,Light Blue,False,Low Stock,False,Valid SKU
JNE3864-TU-L,JNE3864,6,Tunic,L,Blue,False,In Stock,False,Valid SKU
JNE3864-TU-M,JNE3864,5,Tunic,M,Blue,False,Low Stock,False,Valid SKU
JNE3864-TU-S,JNE3864,42,Tunic,S,Blue,False,In Stock,False,Valid SKU
JNE3864-TU-XL,JNE3864,2,Tunic,XL,Blue,False,Low Stock,False,Valid SKU
JNE3864-TU-XS,JNE3864,59,Tunic,XS,Blue,False,In Stock,False,Valid SKU
JNE3864-TU-XXL,JNE3864,5,Tunic,XXL,Blue,False,Low Stock,False,Valid SKU
JNE3864-TU-XXXL,JNE3864,3,Tunic,XXXL,Blue,False,Low Stock,False,Valid SKU
JNE3865-TP-L,JNE3865,3,Top,L,White,False,Low Stock,False,Valid SKU
JNE3865-TP-M,JNE3865,2,Top,M,White,False,Low Stock,False,Valid SKU
JNE3865-TP-S,JNE3865,6,Top,S,White,False,In Stock,False,Valid SKU
JNE3865-TP-XL,JNE3865,3,Top,XL,White,False,Low Stock,False,Valid SKU
JNE3865-TP-XS,JNE3865,13,Top,XS,White,False,In Stock,False,Valid SKU
JNE3865-TP-XXL,JNE3865,4,Top,XXL,White,False,Low Stock,False,Valid SKU
JNE3865-TP-XXXL,JNE3865,1,Top,XXXL,White,False,Low Stock,False,Valid SKU
JNE3866-KR-L,JNE3866,58,Kurta,L,Black,False,In Stock,False,Valid SKU
JNE3866-KR-M,JNE3866,59,Kurta,M,Black,False,In Stock,False,Valid SKU
JNE3866-KR-S,JNE3866,85,Kurta,S,Black,False,In Stock,False,Valid SKU
JNE3866-KR-XL,JNE3866,66,Kurta,XL,Black,False,In Stock,False,Valid SKU
JNE3866-KR-XS,JNE3866,76,Kurta,XS,Black,False,In Stock,False,Valid SKU
JNE3866-KR-XXL,JNE3866,75,Kurta,XXL,Black,False,In Stock,False,Valid SKU
JNE3866-KR-XXXL,JNE3866,64,Kurta,XXXL,Black,False,In Stock,False,Valid SKU
JNE3869-DR-L,JNE3869,6,Dress,L,Pink,False,In Stock,False,Valid SKU
JNE3869-DR-M,JNE3869,3,Dress,M,Pink,False,Low Stock,False,Valid SKU
JNE3869-DR-S,JNE3869,4,Dress,S,Pink,False,Low Stock,False,Valid SKU
JNE3869-DR-XL,JNE3869,3,Dress,XL,Pink,False,Low Stock,False,Valid SKU
JNE3869-DR-XS,JNE3869,6,Dress,XS,Pink,False,In Stock,False,Valid SKU
JNE3869-DR-XXL,JNE3869,2,Dress,XXL,Pink,False,Low Stock,False,Valid SKU
JNE3869-DR-XXXL,JNE3869,2,Dress,XXXL,Pink,False,Low Stock,False,Valid SKU
JNE3870-DR-L,JNE3870,2,Dress,L,Orange,False,Low Stock,False,Valid SKU
JNE3870-DR-M,JNE3870,4,Dress,M,Orange,False,Low Stock,False,Valid SKU
JNE3870-DR-S,JNE3870,3,Dress,S,Orange,False,Low Stock,False,Valid SKU
JNE3870-DR-XL,JNE3870,1,Dress,XL,Orange,False,Low Stock,False,Valid SKU
JNE3870-DR-XS,JNE3870,6,Dress,XS,Orange,False,In Stock,False,Valid SKU
JNE3870-DR-XXL,JNE3870,2,Dress,XXL,Orange,False,Low Stock,False,Valid SKU
JNE3870-DR-XXXL,JNE3870,5,Dress,XXXL,Orange,False,Low Stock,False,Valid SKU
JNE3871-KR-L,JNE3871,95,Kurta,L,Yellow,False,In Stock,False,Valid SKU
JNE3871-KR-M,JNE3871,92,Kurta,M,Yellow,False,In Stock,False,Valid SKU
JNE3871-KR-S,JNE3871,103,Kurta,S,Yellow,False,In Stock,False,Valid SKU
JNE3871-KR-XL,JNE3871,96,Kurta,XL,Yellow,False,In Stock,False,Valid SKU
JNE3871-KR-XS,JNE3871,78,Kurta,XS,Yellow,False,In Stock,False,Valid SKU
JNE3871-KR-XXL,JNE3871,97,Kurta,XXL,Yellow,False,In Stock,False,Valid SKU
JNE3871-KR-XXXL,JNE3871,76,Kurta,XXXL,Yellow,False,In Stock,False,Valid SKU
JNE3872-KR-L,JNE3872,89,Kurta,L,Navy,False,In Stock,False,Valid SKU
JNE3872-KR-M,JNE3872,91,Kurta,M,Navy,False,In Stock,False,Valid SKU
JNE3872-KR-S,JNE3872,88,Kurta,S,Navy,False,In Stock,False,Valid SKU
JNE3872-KR-XL,JNE3872,86,Kurta,XL,Navy,False,In Stock,False,Valid SKU
JNE3872-KR-XS,JNE3872,80,Kurta,XS,Navy,False,In Stock,False,Valid SKU
JNE3872-KR-XXL,JNE3872,92,Kurta,XXL,Navy,False,In Stock,False,Valid SKU
JNE3872-KR-XXXL,JNE3872,74,Kurta,XXXL,Navy,False,In Stock,False,Valid SKU
JNE3875-KR-L,JNE3875,90,Kurta,L,Green,False,In Stock,False,Valid SKU
JNE3875-KR-M,JNE3875,84,Kurta,M,Green,False,In Stock,False,Valid SKU
JNE3875-KR-S,JNE3875,89,Kurta,S,Green,False,In Stock,False,Valid SKU
JNE3875-KR-XL,JNE3875,95,Kurta,XL,Green,False,In Stock,False,Valid SKU
JNE3875-KR-XS,JNE3875,66,Kurta,XS,Green,False,In Stock,False,Valid SKU
JNE3875-KR-XXL,JNE3875,95,Kurta,XXL,Green,False,In Stock,False,Valid SKU
JNE3875-KR-XXXL,JNE3875,59,Kurta,XXXL,Green,False,In Stock,False,Valid SKU
JNE3878-KR-L,JNE3878,24,Kurta,L,Wine,False,In Stock,False,Valid SKU
JNE3878-KR-M,JNE3878,55,Kurta,M,Wine,False,In Stock,False,Valid SKU
JNE3878-KR-S,JNE3878,59,Kurta,S,Wine,False,In Stock,False,Valid SKU
JNE3878-KR-XL,JNE3878,16,Kurta,XL,Wine,False,In Stock,False,Valid SKU
JNE3878-KR-XS,JNE3878,63,Kurta,XS,Wine,False,In Stock,False,Valid SKU
JNE3878-KR-XXL,JNE3878,27,Kurta,XXL,Wine,False,In Stock,False,Valid SKU
JNE3878-KR-XXXL,JNE3878,3,Kurta,XXXL,Wine,False,Low Stock,False,Valid SKU
JNE3879-DR-L,JNE3879,16,Dress,L,Turquoise,False,In Stock,False,Valid SKU
JNE3879-DR-M,JNE3879,20,Dress,M,Turquoise,False,In Stock,False,Valid SKU
JNE3879-DR-S,JNE3879,45,Dress,S,Turquoise,False,In Stock,False,Valid SKU
JNE3879-DR-XL,JNE3879,17,Dress,XL,Turquoise,False,In Stock,False,Valid SKU
JNE3879-DR-XS,JNE3879,46,Dress,XS,Turquoise,False,In Stock,False,Valid SKU
JNE3879-DR-XXL,JNE3879,12,Dress,XXL,Turquoise,False,In Stock,False,Valid SKU
JNE3879-DR-XXXL,JNE3879,5,Dress,XXXL,Turquoise,False,Low Stock,False,Valid SKU
JNE3880-DR-L,JNE3880,33,Dress,L,Peach,False,In Stock,False,Valid SKU
JNE3880-DR-M,JNE3880,36,Dress,M,Peach,False,In Stock,False,Valid SKU
JNE3880-DR-S,JNE3880,42,Dress,S,Peach,False,In Stock,False,Valid SKU
JNE3880-DR-XL,JNE3880,32,Dress,XL,Peach,False,In Stock,False,Valid SKU
JNE3880-DR-XS,JNE3880,49,Dress,XS,Peach,False,In Stock,False,Valid SKU
JNE3880-DR-XXL,JNE3880,34,Dress,XXL,Peach,False,In Stock,False,Valid SKU
JNE3880-DR-XXXL,JNE3880,17,Dress,XXXL,Peach,False,In Stock,False,Valid SKU
JNE3881-DR-L,JNE3881,2,Dress,L,Blue,False,Low Stock,False,Valid SKU
JNE3881-DR-M,JNE3881,3,Dress,M,Blue,False,Low Stock,False,Valid SKU
JNE3881-DR-S,JNE3881,2,Dress,S,Blue,False,Low Stock,False,Valid SKU
JNE3881-DR-XL,JNE3881,0,Dress,XL,Blue,False,Out of Stock,False,Valid SKU
JNE3881-DR-XS,JNE3881,6,Dress,XS,Blue,False,In Stock,False,Valid SKU
JNE3881-DR-XXL,JNE3881,1,Dress,XXL,Blue,False,Low Stock,False,Valid SKU
JNE3881-DR-XXXL,JNE3881,1,Dress,XXXL,Blue,False,Low Stock,False,Valid SKU
JNE3885-KR-L,JNE3885,52,Kurta,L,Cream,False,In Stock,False,Valid SKU
JNE3885-KR-M,JNE3885,61,Kurta,M,Cream,False,In Stock,False,Valid SKU
JNE3885-KR-S,JNE3885,71,Kurta,S,Cream,False,In Stock,False,Valid SKU
JNE3885-KR-XL,JNE3885,41,Kurta,XL,Cream,False,In Stock,False,Valid SKU
JNE3885-KR-XS,JNE3885,56,Kurta,XS,Cream,False,In Stock,False,Valid SKU
JNE3885-KR-XXL,JNE3885,60,Kurta,XXL,Cream,False,In Stock,False,Valid SKU
JNE3885-KR-XXXL,JNE3885,36,Kurta,XXXL,Cream,False,In Stock,False,Valid SKU
JNE3886-KR-L,JNE3886,67,Kurta,L,Red,False,In Stock,False,Valid SKU
JNE3886-KR-M,JNE3886,68,Kurta,M,Red,False,In Stock,False,Valid SKU
JNE3886-KR-S,JNE3886,72,Kurta,S,Red,False,In Stock,False,Valid SKU
JNE3886-KR-XL,JNE3886,72,Kurta,XL,Red,False,In Stock,False,Valid SKU
JNE3886-KR-XS,JNE3886,60,Kurta,XS,Red,False,In Stock,False,Valid SKU
JNE3886-KR-XXL,JNE3886,68,Kurta,XXL,Red,False,In Stock,False,Valid SKU
JNE3886-KR-XXXL,JNE3886,46,Kurta,XXXL,Red,False,In Stock,False,Valid SKU
JNE3887-KR-L,JNE3887,17,Kurta,L,White,False,In Stock,False,Valid SKU
JNE3887-KR-M,JNE3887,16,Kurta,M,White,False,In Stock,False,Valid SKU
JNE3887-KR-S,JNE3887,56,Kurta,S,White,False,In Stock,False,Valid SKU
JNE3887-KR-XL,JNE3887,30,Kurta,XL,White,False,In Stock,False,Valid SKU
JNE3887-KR-XS,JNE3887,39,Kurta,XS,White,False,In Stock,False,Valid SKU
JNE3887-KR-XXL,JNE3887,48,Kurta,XXL,White,False,In Stock,False,Valid SKU
JNE3887-KR-XXXL,JNE3887,29,Kurta,XXXL,White,False,In Stock,False,Valid SKU
JNE3888-KR-L,JNE3888,41,Kurta,L,Multicolor,False,In Stock,False,Valid SKU
JNE3888-KR-M,JNE3888,35,Kurta,M,Multicolor,False,In Stock,False,Valid SKU
JNE3888-KR-S,JNE3888,48,Kurta,S,Multicolor,False,In Stock,False,Valid SKU
JNE3888-KR-XL,JNE3888,28,Kurta,XL,Multicolor,False,In Stock,False,Valid SKU
JNE3888-KR-XS,JNE3888,49,Kurta,XS,Multicolor,False,In Stock,False,Valid SKU
JNE3888-KR-XXL,JNE3888,39,Kurta,XXL,Multicolor,False,In Stock,False,Valid SKU
JNE3888-KR-XXXL,JNE3888,30,Kurta,XXXL,Multicolor,False,In Stock,False,Valid SKU
JNE3889-KR-L,JNE3889,43,Kurta,L,Green,False,In Stock,False,Valid SKU
JNE3889-KR-M,JNE3889,58,Kurta,M,Green,False,In Stock,False,Valid SKU
JNE3889-KR-S,JNE3889,50,Kurta,S,Green,False,In Stock,False,Valid SKU
JNE3889-KR-XL,JNE3889,48,Kurta,XL,Green,False,In Stock,False,Valid SKU
JNE3889-KR-XS,JNE3889,50,Kurta,XS,Green,False,In Stock,False,Valid SKU
JNE3889-KR-XXL,JNE3889,41,Kurta,XXL,Green,False,In Stock,False,Valid SKU
JNE3889-KR-XXXL,JNE3889,54,Kurta,XXXL,Green,False,In Stock,False,Valid SKU
JNE3890-TP-L,JNE3890,51,Top,L,Cream,False,In Stock,False,Valid SKU
JNE3890-TP-M,JNE3890,60,Top,M,Cream,False,In Stock,False,Valid SKU
JNE3890-TP-S,JNE3890,77,Top,S,Cream,False,In Stock,False,Valid SKU
JNE3890-TP-XL,JNE3890,61,Top,XL,Cream,False,In Stock,False,Valid SKU
JNE3890-TP-XS,JNE3890,60,Top,XS,Cream,False,In Stock,False,Valid SKU
JNE3890-TP-XXL,JNE3890,58,Top,XXL,Cream,False,In Stock,False,Valid SKU
JNE3890-TP-XXXL,JNE3890,51,Top,XXXL,Cream,False,In Stock,False,Valid SKU
JNE3891-TP-L,JNE3891,57,Top,L,Light Green,False,In Stock,False,Valid SKU
JNE3891-TP-M,JNE3891,57,Top,M,Light Green,False,In Stock,False,Valid SKU
JNE3891-TP-S,JNE3891,68,Top,S,Light Green,False,In Stock,False,Valid SKU
JNE3891-TP-XL,JNE3891,58,Top,XL,Light Green,False,In Stock,False,Valid SKU
JNE3891-TP-XS,JNE3891,69,Top,XS,Light Green,False,In Stock,False,Valid SKU
JNE3891-TP-XXL,JNE3891,66,Top,XXL,Light Green,False,In Stock,False,Valid SKU
JNE3891-TP-XXXL,JNE3891,64,Top,XXXL,Light Green,False,In Stock,False,Valid SKU
JNE3892-TP-L,JNE3892,40,Top,L,Light Pink,False,In Stock,False,Valid SKU
JNE3892-TP-M,JNE3892,43,Top,M,Light Pink,False,In Stock,False,Valid SKU
JNE3892-TP-S,JNE3892,68,Top,S,Light Pink,False,In Stock,False,Valid SKU
JNE3892-TP-XL,JNE3892,32,Top,XL,Light Pink,False,In Stock,False,Valid SKU
JNE3892-TP-XS,JNE3892,70,Top,XS,Light Pink,False,In Stock,False,Valid SKU
JNE3892-TP-XXL,JNE3892,46,Top,XXL,Light Pink,False,In Stock,False,Valid SKU
JNE3892-TP-XXXL,JNE3892,42,Top,XXXL,Light Pink,False,In Stock,False,Valid SKU
JNE3893-TP-L,JNE3893,62,Top,L,Yellow,False,In Stock,False,Valid SKU
JNE3893-TP-M,JNE3893,56,Top,M,Yellow,False,In Stock,False,Valid SKU
JNE3893-TP-S,JNE3893,74,Top,S,Yellow,False,In Stock,False,Valid SKU
JNE3893-TP-XL,JNE3893,55,Top,XL,Yellow,False,In Stock,False,Valid SKU
JNE3893-TP-XS,JNE3893,68,Top,XS,Yellow,False,In Stock,False,Valid SKU
JNE3893-TP-XXL,JNE3893,58,Top,XXL,Yellow,False,In Stock,False,Valid SKU
JNE3893-TP-XXXL,JNE3893,47,Top,XXXL,Yellow,False,In Stock,False,Valid SKU
JNE3894-TP-L,JNE3894,0,Top,L,Blue,False,Out of Stock,False,Valid SKU
JNE3894-TP-M,JNE3894,0,Top,M,Blue,False,Out of Stock,False,Valid SKU
JNE3894-TP-S,JNE3894,37,Top,S,Blue,False,In Stock,False,Valid SKU
JNE3894-TP-XL,JNE3894,0,Top,XL,Blue,False,Out of Stock,False,Valid SKU
JNE3894-TP-XS,JNE3894,53,Top,XS,Blue,False,In Stock,False,Valid SKU
JNE3894-TP-XXL,JNE3894,0,Top,XXL,Blue,False,Out of Stock,False,Valid SKU
JNE3894-TP-XXXL,JNE3894,0,Top,XXXL,Blue,False,Out of Stock,False,Valid SKU
JNE3895-TP-L,JNE3895,60,Top,L,Beige,False,In Stock,False,Valid SKU
JNE3895-TP-M,JNE3895,41,Top,M,Beige,False,In Stock,False,Valid SKU
JNE3895-TP-S,JNE3895,67,Top,S,Beige,False,In Stock,False,Valid SKU
JNE3895-TP-XL,JNE3895,37,Top,XL,Beige,False,In Stock,False,Valid SKU
JNE3895-TP-XS,JNE3895,61,Top,XS,Beige,False,In Stock,False,Valid SKU
JNE3895-TP-XXL,JNE3895,61,Top,XXL,Beige,False,In Stock,False,Valid SKU
JNE3895-TP-XXXL,JNE3895,57,Top,XXXL,Beige,False,In Stock,False,Valid SKU
JNE3896-KR-L,JNE3896,5,Kurta,L,Wine,False,Low Stock,False,Valid SKU
JNE3896-KR-M,JNE3896,12,Kurta,M,Wine,False,In Stock,False,Valid SKU
JNE3896-KR-S,JNE3896,14,Kurta,S,Wine,False,In Stock,False,Valid SKU
JNE3896-KR-XL,JNE3896,12,Kurta,XL,Wine,False,In Stock,False,Valid SKU
JNE3896-KR-XS,JNE3896,9,Kurta,XS,Wine,False,In Stock,False,Valid SKU
JNE3896-KR-XXL,JNE3896,14,Kurta,XXL,Wine,False,In Stock,False,Valid SKU
JNE3896-KR-XXXL,JNE3896,7,Kurta,XXXL,Wine,False,In Stock,False,Valid SKU
JNE3897-KR-L,JNE3897,17,Kurta,L,Rust,False,In Stock,False,Valid SKU
JNE3897-KR-M,JNE3897,33,Kurta,M,Rust,False,In Stock,False,Valid SKU
JNE3897-KR-S,JNE3897,39,Kurta,S,Rust,False,In Stock,False,Valid SKU
JNE3897-KR-XL,JNE3897,28,Kurta,XL,Rust,False,In Stock,False,Valid SKU
JNE3897-KR-XS,JNE3897,22,Kurta,XS,Rust,False,In Stock,False,Valid SKU
JNE3897-KR-XXL,JNE3897,30,Kurta,XXL,Rust,False,In Stock,False,Valid SKU
JNE3897-KR-XXXL,JNE3897,20,Kurta,XXXL,Rust,False,In Stock,False,Valid SKU
JNE3898-KR-L,JNE3898,17,Kurta,L,Sea Green,False,In Stock,False,Valid SKU
JNE3898-KR-M,JNE3898,19,Kurta,M,Sea Green,False,In Stock,False,Valid SKU
JNE3898-KR-S,JNE3898,38,Kurta,S,Sea Green,False,In Stock,False,Valid SKU
JNE3898-KR-XL,JNE3898,23,Kurta,XL,Sea Green,False,In Stock,False,Valid SKU
JNE3898-KR-XS,JNE3898,23,Kurta,XS,Sea Green,False,In Stock,False,Valid SKU
JNE3898-KR-XXL,JNE3898,21,Kurta,XXL,Sea Green,False,In Stock,False,Valid SKU
JNE3898-KR-XXXL,JNE3898,24,Kurta,XXXL,Sea Green,False,In Stock,False,Valid SKU
JNE3899-KR-L,JNE3899,12,Kurta,L,Yellow,False,In Stock,False,Valid SKU
JNE3899-KR-M,JNE3899,24,Kurta,M,Yellow,False,In Stock,False,Valid SKU
JNE3899-KR-S,JNE3899,22,Kurta,S,Yellow,False,In Stock,False,Valid SKU
JNE3899-KR-XL,JNE3899,22,Kurta,XL,Yellow,False,In Stock,False,Valid SKU
JNE3899-KR-XS,JNE3899,22,Kurta,XS,Yellow,False,In Stock,False,Valid SKU
JNE3899-KR-XXL,JNE3899,17,Kurta,XXL,Yellow,False,In Stock,False,Valid SKU
JNE3899-KR-XXXL,JNE3899,12,Kurta,XXXL,Yellow,False,In Stock,False,Valid SKU
JNE3900-KR-L,JNE3900,28,Kurta,L,Teal,False,In Stock,False,Valid SKU
JNE3900-KR-M,JNE3900,21,Kurta,M,Teal,False,In Stock,False,Valid SKU
JNE3900-KR-S,JNE3900,28,Kurta,S,Teal,False,In Stock,False,Valid SKU
JNE3900-KR-XL,JNE3900,20,Kurta,XL,Teal,False,In Stock,False,Valid SKU
JNE3900-KR-XS,JNE3900,22,Kurta,XS,Teal,False,In Stock,False,Valid SKU
JNE3900-KR-XXL,JNE3900,23,Kurta,XXL,Teal,False,In Stock,False,Valid SKU
JNE3900-KR-XXXL,JNE3900,19,Kurta,XXXL,Teal,False,In Stock,False,Valid SKU
JNE3901-KR-L,JNE3901,71,Kurti,L,Teal,False,In Stock,False,Valid SKU
JNE3901-KR-M,JNE3901,70,Kurti,M,Teal,False,In Stock,False,Valid SKU
JNE3901-KR-S,JNE3901,71,Kurti,S,Teal,False,In Stock,False,Valid SKU
JNE3901-KR-XL,JNE3901,72,Kurti,XL,Teal,False,In Stock,False,Valid SKU
JNE3901-KR-XS,JNE3901,58,Kurti,XS,Teal,False,In Stock,False,Valid SKU
JNE3901-KR-XXL,JNE3901,70,Kurti,XXL,Teal,False,In Stock,False,Valid SKU
JNE3901-KR-XXXL,JNE3901,58,Kurti,XXXL,Teal,False,In Stock,False,Valid SKU
JNE3902-KR-L,JNE3902,15,Kurta,L,Pink,False,In Stock,False,Valid SKU
JNE3902-KR-M,JNE3902,17,Kurta,M,Pink,False,In Stock,False,Valid SKU
JNE3902-KR-S,JNE3902,15,Kurta,S,Pink,False,In Stock,False,Valid SKU
JNE3902-KR-XL,JNE3902,19,Kurta,XL,Pink,False,In Stock,False,Valid SKU
JNE3902-KR-XS,JNE3902,26,Kurta,XS,Pink,False,In Stock,False,Valid SKU
JNE3902-KR-XXL,JNE3902,11,Kurta,XXL,Pink,False,In Stock,False,Valid SKU
JNE3902-KR-XXXL,JNE3902,15,Kurta,XXXL,Pink,False,In Stock,False,Valid SKU
JNE3903-KR-L,JNE3903,39,Kurti,L,Brown,False,In Stock,False,Valid SKU
JNE3903-KR-M,JNE3903,40,Kurti,M,Brown,False,In Stock,False,Valid SKU
JNE3903-KR-S,JNE3903,41,Kurti,S,Brown,False,In Stock,False,Valid SKU
JNE3903-KR-XL,JNE3903,33,Kurti,XL,Brown,False,In Stock,False,Valid SKU
JNE3903-KR-XS,JNE3903,35,Kurti,XS,Brown,False,In Stock,False,Valid SKU
JNE3903-KR-XXL,JNE3903,32,Kurti,XXL,Brown,False,In Stock,False,Valid SKU
JNE3903-KR-XXXL,JNE3903,30,Kurti,XXXL,Brown,False,In Stock,False,Valid SKU
JNE3904-DR-L,JNE3904,10,Dress,L,Light Pink,False,In Stock,False,Valid SKU
JNE3904-DR-M,JNE3904,7,Dress,M,Light Pink,False,In Stock,False,Valid SKU
JNE3904-DR-S,JNE3904,12,Dress,S,Light Pink,False,In Stock,False,Valid SKU
JNE3904-DR-XL,JNE3904,5,Dress,XL,Light Pink,False,Low Stock,False,Valid SKU
JNE3904-DR-XS,JNE3904,29,Dress,XS,Light Pink,False,In Stock,False,Valid SKU
JNE3904-DR-XXL,JNE3904,12,Dress,XXL,Light Pink,False,In Stock,False,Valid SKU
JNE3904-DR-XXXL,JNE3904,11,Dress,XXXL,Light Pink,False,In Stock,False,Valid SKU
JNE3905-DR-L,JNE3905,4,Dress,L,Off White,False,Low Stock,False,Valid SKU
JNE3905-DR-M,JNE3905,4,Dress,M,Off White,False,Low Stock,False,Valid SKU
JNE3905-DR-S,JNE3905,5,Dress,S,Off White,False,Low Stock,False,Valid SKU
JNE3905-DR-XL,JNE3905,3,Dress,XL,Off White,False,Low Stock,False,Valid SKU
JNE3905-DR-XS,JNE3905,12,Dress,XS,Off White,False,In Stock,False,Valid SKU
JNE3905-DR-XXL,JNE3905,2,Dress,XXL,Off White,False,Low Stock,False,Valid SKU
JNE3905-DR-XXXL,JNE3905,4,Dress,XXXL,Off White,False,Low Stock,False,Valid SKU
JNE3906-KR-L,JNE3906,66,Kurti,L,Navy Blue,False,In Stock,False,Valid SKU
JNE3906-KR-M,JNE3906,68,Kurti,M,Navy Blue,False,In Stock,False,Valid SKU
JNE3906-KR-S,JNE3906,72,Kurti,S,Navy Blue,False,In Stock,False,Valid SKU
JNE3906-KR-XL,JNE3906,71,Kurti,XL,Navy Blue,False,In Stock,False,Valid SKU
JNE3906-KR-XS,JNE3906,58,Kurti,XS,Navy Blue,False,In Stock,False,Valid SKU
JNE3906-KR-XXL,JNE3906,70,Kurti,XXL,Navy Blue,False,In Stock,False,Valid SKU
JNE3906-KR-XXXL,JNE3906,56,Kurti,XXXL,Navy Blue,False,In Stock,False,Valid SKU
JNE3907-KR-L,JNE3907,69,Kurta,L,Navy Blue,False,In Stock,False,Valid SKU
JNE3907-KR-M,JNE3907,69,Kurta,M,Navy Blue,False,In Stock,False,Valid SKU
JNE3907-KR-S,JNE3907,67,Kurta,S,Navy Blue,False,In Stock,False,Valid SKU
JNE3907-KR-XL,JNE3907,71,Kurta,XL,Navy Blue,False,In Stock,False,Valid SKU
JNE3907-KR-XS,JNE3907,57,Kurta,XS,Navy Blue,False,In Stock,False,Valid SKU
JNE3907-KR-XXL,JNE3907,70,Kurta,XXL,Navy Blue,False,In Stock,False,Valid SKU
JNE3907-KR-XXXL,JNE3907,56,Kurta,XXXL,Navy Blue,False,In Stock,False,Valid SKU
JNE3908-KR-L,JNE3908,54,Kurta,L,Navy Blue,False,In Stock,False,Valid SKU
JNE3908-KR-M,JNE3908,64,Kurta,M,Navy Blue,False,In Stock,False,Valid SKU
JNE3908-KR-S,JNE3908,67,Kurta,S,Navy Blue,False,In Stock,False,Valid SKU
JNE3908-KR-XL,JNE3908,47,Kurta,XL,Navy Blue,False,In Stock,False,Valid SKU
JNE3908-KR-XS,JNE3908,38,Kurta,XS,Navy Blue,False,In Stock,False,Valid SKU
JNE3908-KR-XXL,JNE3908,69,Kurta,XXL,Navy Blue,False,In Stock,False,Valid SKU
JNE3908-KR-XXXL,JNE3908,41,Kurta,XXXL,Navy Blue,False,In Stock,False,Valid SKU
JNE3909-KR-L,JNE3909,66,Kurta,L,Dark Blue,False,In Stock,False,Valid SKU
JNE3909-KR-M,JNE3909,62,Kurta,M,Dark Blue,False,In Stock,False,Valid SKU
JNE3909-KR-S,JNE3909,63,Kurta,S,Dark Blue,False,In Stock,False,Valid SKU
JNE3909-KR-XL,JNE3909,61,Kurta,XL,Dark Blue,False,In Stock,False,Valid SKU
JNE3909-KR-XS,JNE3909,58,Kurta,XS,Dark Blue,False,In Stock,False,Valid SKU
JNE3909-KR-XXL,JNE3909,69,Kurta,XXL,Dark Blue,False,In Stock,False,Valid SKU
JNE3909-KR-XXXL,JNE3909,57,Kurta,XXXL,Dark Blue,False,In Stock,False,Valid SKU
JNE3910-KR-L,JNE3910,59,Kurta,L,Navy Blue,False,In Stock,False,Valid SKU
JNE3910-KR-M,JNE3910,66,Kurta,M,Navy Blue,False,In Stock,False,Valid SKU
JNE3910-KR-S,JNE3910,52,Kurta,S,Navy Blue,False,In Stock,False,Valid SKU
JNE3910-KR-XL,JNE3910,68,Kurta,XL,Navy Blue,False,In Stock,False,Valid SKU
JNE3910-KR-XS,JNE3910,51,Kurta,XS,Navy Blue,False,In Stock,False,Valid SKU
JNE3910-KR-XXL,JNE3910,70,Kurta,XXL,Navy Blue,False,In Stock,False,Valid SKU
JNE3910-KR-XXXL,JNE3910,55,Kurta,XXXL,Navy Blue,False,In Stock,False,Valid SKU
JNE3924-TU-L,JNE3924,32,Top,L,Mint,False,In Stock,False,Valid SKU
JNE3924-TU-M,JNE3924,35,Top,M,Mint,False,In Stock,False,Valid SKU
JNE3924-TU-S,JNE3924,41,Top,S,Mint,False,In Stock,False,Valid SKU
JNE3924-TU-XL,JNE3924,32,Top,XL,Mint,False,In Stock,False,Valid SKU
JNE3924-TU-XS,JNE3924,34,Top,XS,Mint,False,In Stock,False,Valid SKU
JNE3924-TU-XXL,JNE3924,34,Top,XXL,Mint,False,In Stock,False,Valid SKU
JNE3924-TU-XXXL,JNE3924,27,Top,XXXL,Mint,False,In Stock,False,Valid SKU
JNE3925-TU-L,JNE3925,47,Top,L,Pink,False,In Stock,False,Valid SKU
JNE3925-TU-M,JNE3925,46,Top,M,Pink,False,In Stock,False,Valid SKU
JNE3925-TU-S,JNE3925,54,Top,S,Pink,False,In Stock,False,Valid SKU
JNE3925-TU-XL,JNE3925,49,Top,XL,Pink,False,In Stock,False,Valid SKU
JNE3925-TU-XS,JNE3925,41,Top,XS,Pink,False,In Stock,False,Valid SKU
JNE3925-TU-XXL,JNE3925,48,Top,XXL,Pink,False,In Stock,False,Valid SKU
JNE3925-TU-XXXL,JNE3925,35,Top,XXXL,Pink,False,In Stock,False,Valid SKU
JNE3926-KR-L,JNE3926,58,Kurta,L,Beige,False,In Stock,False,Valid SKU
JNE3926-KR-M,JNE3926,61,Kurta,M,Beige,False,In Stock,False,Valid SKU
JNE3926-KR-S,JNE3926,49,Kurta,S,Beige,False,In Stock,False,Valid SKU
JNE3926-KR-XL,JNE3926,51,Kurta,XL,Beige,False,In Stock,False,Valid SKU
JNE3926-KR-XS,JNE3926,43,Kurta,XS,Beige,False,In Stock,False,Valid SKU
JNE3926-KR-XXL,JNE3926,51,Kurta,XXL,Beige,False,In Stock,False,Valid SKU
JNE3926-KR-XXXL,JNE3926,42,Kurta,XXXL,Beige,False,In Stock,False,Valid SKU
JNE3927-KR-L,JNE3927,60,Kurti,L,Pink,False,In Stock,False,Valid SKU
JNE3927-KR-M,JNE3927,65,Kurti,M,Pink,False,In Stock,False,Valid SKU
JNE3927-KR-S,JNE3927,68,Kurti,S,Pink,False,In Stock,False,Valid SKU
JNE3927-KR-XL,JNE3927,62,Kurti,XL,Pink,False,In Stock,False,Valid SKU
JNE3927-KR-XS,JNE3927,52,Kurti,XS,Pink,False,In Stock,False,Valid SKU
JNE3927-KR-XXL,JNE3927,67,Kurti,XXL,Pink,False,In Stock,False,Valid SKU
JNE3927-KR-XXXL,JNE3927,50,Kurti,XXXL,Pink,False,In Stock,False,Valid SKU
JNE3928-KR-L,JNE3928,3,Kurta,L,Off White,False,Low Stock,False,Valid SKU
JNE3928-KR-M,JNE3928,4,Kurta,M,Off White,False,Low Stock,False,Valid SKU
JNE3928-KR-S,JNE3928,4,Kurta,S,Off White,False,Low Stock,False,Valid SKU
JNE3928-KR-XL,JNE3928,5,Kurta,XL,Off White,False,Low Stock,False,Valid SKU
JNE3928-KR-XS,JNE3928,4,Kurta,XS,Off White,False,Low Stock,False,Valid SKU
JNE3928-KR-XXL,JNE3928,5,Kurta,XXL,Off White,False,Low Stock,False,Valid SKU
JNE3928-KR-XXXL,JNE3928,3,Kurta,XXXL,Off White,False,Low Stock,False,Valid SKU
AN208-MUSTARD-L,LEGG-AN208-MUSTARD,18,Leggings,L,Mustard,False,In Stock,False,Valid SKU
AN208-MUSTARD-M,LEGG-AN208-MUSTARD,5,Leggings,M,Mustard,False,Low Stock,False,Valid SKU
AN208-MUSTARD-S,LEGG-AN208-MUSTARD,23,Leggings,S,Mustard,False,In Stock,False,Valid SKU
AN208-MUSTARD-XL,LEGG-AN208-MUSTARD,21,Leggings,XL,Mustard,False,In Stock,False,Valid SKU
AN208-MUSTARD-XXL,LEGG-AN208-MUSTARD,17,Leggings,XXL,Mustard,False,In Stock,False,Valid SKU
MEN5001-KR-L,MEN5001,42,Kurta,L,Blue,False,In Stock,False,Valid SKU
MEN5001-KR-M,MEN5001,38,Kurta,M,Blue,False,In Stock,False,Valid SKU
MEN5001-KR-S,MEN5001,11,Kurta,S,Blue,False,In Stock,False,Valid SKU
MEN5001-KR-XL,MEN5001,37,Kurta,XL,Blue,False,In Stock,False,Valid SKU
MEN5001-KR-XXL,MEN5001,4,Kurta,XXL,Blue,False,Low Stock,False,Valid SKU
MEN5001-KR-XXXL,MEN5001,1,Kurta,XXXL,Blue,False,Low Stock,False,Valid SKU
MEN5002-KR-L,MEN5002,12,Kurta,L,Blue,False,In Stock,False,Valid SKU
MEN5002-KR-M,MEN5002,19,Kurta,M,Blue,False,In Stock,False,Valid SKU
MEN5002-KR-S,MEN5002,6,Kurta,S,Blue,False,In Stock,False,Valid SKU
MEN5002-KR-XL,MEN5002,12,Kurta,XL,Blue,False,In Stock,False,Valid SKU
MEN5002-KR-XXL,MEN5002,4,Kurta,XXL,Blue,False,Low Stock,False,Valid SKU
MEN5002-KR-XXXL,MEN5002,5,Kurta,XXXL,Blue,False,Low Stock,False,Valid SKU
MEN5003-KR-L,MEN5003,21,Kurta,L,Black,False,In Stock,False,Valid SKU
MEN5003-KR-M,MEN5003,31,Kurta,M,Black,False,In Stock,False,Valid SKU
MEN5003-KR-S,MEN5003,18,Kurta,S,Black,False,In Stock,False,Valid SKU
MEN5003-KR-XL,MEN5003,17,Kurta,XL,Black,False,In Stock,False,Valid SKU
MEN5003-KR-XXL,MEN5003,4,Kurta,XXL,Black,False,Low Stock,False,Valid SKU
MEN5003-KR-XXXL,MEN5003,11,Kurta,XXXL,Black,False,In Stock,False,Valid SKU
MEN5004-KR-L,MEN5004,5,Kurta,L,Blue,False,Low Stock,False,Valid SKU
MEN5004-KR-M,MEN5004,3,Kurta,M,Blue,False,Low Stock,False,Valid SKU
MEN5004-KR-S,MEN5004,9,Kurta,S,Blue,False,In Stock,False,Valid SKU
MEN5004-KR-XL,MEN5004,11,Kurta,XL,Blue,False,In Stock,False,Valid SKU
MEN5004-KR-XXL,MEN5004,3,Kurta,XXL,Blue,False,Low Stock,False,Valid SKU
MEN5004-KR-XXXL,MEN5004,2,Kurta,XXXL,Blue,False,Low Stock,False,Valid SKU
MEN5005-KR-L,MEN5005,4,Kurta,L,Multicolor,False,Low Stock,False,Valid SKU
MEN5005-KR-M,MEN5005,3,Kurta,M,Multicolor,False,Low Stock,False,Valid SKU
MEN5005-KR-S,MEN5005,2,Kurta,S,Multicolor,False,Low Stock,False,Valid SKU
MEN5005-KR-XL,MEN5005,2,Kurta,XL,Multicolor,False,Low Stock,False,Valid SKU
MEN5005-KR-XXL,MEN5005,6,Kurta,XXL,Multicolor,False,In Stock,False,Valid SKU
MEN5005-KR-XXXL,MEN5005,7,Kurta,XXXL,Multicolor,False,In Stock,False,Valid SKU
MEN5006-KR-L,MEN5006,20,Kurta,L,Brown,False,In Stock,False,Valid SKU
MEN5006-KR-M,MEN5006,25,Kurta,M,Brown,False,In Stock,False,Valid SKU
MEN5006-KR-S,MEN5006,26,Kurta,S,Brown,False,In Stock,False,Valid SKU
MEN5006-KR-XL,MEN5006,16,Kurta,XL,Brown,False,In Stock,False,Valid SKU
MEN5006-KR-XXL,MEN5006,26,Kurta,XXL,Brown,False,In Stock,False,Valid SKU
MEN5006-KR-XXXL,MEN5006,2,Kurta,XXXL,Brown,False,Low Stock,False,Valid SKU
MEN5007-KR-L,MEN5007,30,Kurta,L,Blue,False,In Stock,False,Valid SKU
MEN5007-KR-M,MEN5007,31,Kurta,M,Blue,False,In Stock,False,Valid SKU
MEN5007-KR-S,MEN5007,4,Kurta,S,Blue,False,Low Stock,False,Valid SKU
MEN5007-KR-XL,MEN5007,30,Kurta,XL,Blue,False,In Stock,False,Valid SKU
MEN5007-KR-XXL,MEN5007,24,Kurta,XXL,Blue,False,In Stock,False,Valid SKU
MEN5007-KR-XXXL,MEN5007,3,Kurta,XXXL,Blue,False,Low Stock,False,Valid SKU
MEN5008-KR-L,MEN5008,11,Kurta,L,Blue,False,In Stock,False,Valid SKU
MEN5008-KR-M,MEN5008,3,Kurta,M,Blue,False,Low Stock,False,Valid SKU
MEN5008-KR-S,MEN5008,5,Kurta,S,Blue,False,Low Stock,False,Valid SKU
MEN5008-KR-XL,MEN5008,32,Kurta,XL,Blue,False,In Stock,False,Valid SKU
MEN5008-KR-XXL,MEN5008,5,Kurta,XXL,Blue,False,Low Stock,False,Valid SKU
MEN5008-KR-XXXL,MEN5008,2,Kurta,XXXL,Blue,False,Low Stock,False,Valid SKU
MEN5009-KR-L,MEN5009,12,Kurta,L,Maroon,False,In Stock,False,Valid SKU
MEN5009-KR-M,MEN5009,16,Kurta,M,Maroon,False,In Stock,False,Valid SKU
MEN5009-KR-S,MEN5009,2,Kurta,S,Maroon,False,Low Stock,False,Valid SKU
MEN5009-KR-XL,MEN5009,8,Kurta,XL,Maroon,False,In Stock,False,Valid SKU
MEN5009-KR-XXL,MEN5009,5,Kurta,XXL,Maroon,False,Low Stock,False,Valid SKU
MEN5009-KR-XXXL,MEN5009,3,Kurta,XXXL,Maroon,False,Low Stock,False,Valid SKU
MEN5010-KR-L,MEN5010,2,Kurta,L,Blue,False,Low Stock,False,Valid SKU
MEN5010-KR-M,MEN5010,9,Kurta,M,Blue,False,In Stock,False,Valid SKU
MEN5010-KR-S,MEN5010,8,Kurta,S,Blue,False,In Stock,False,Valid SKU
MEN5010-KR-XL,MEN5010,3,Kurta,XL,Blue,False,Low Stock,False,Valid SKU
MEN5010-KR-XXL,MEN5010,5,Kurta,XXL,Blue,False,Low Stock,False,Valid SKU
MEN5010-KR-XXXL,MEN5010,4,Kurta,XXXL,Blue,False,Low Stock,False,Valid SKU
MEN5011-KR-L,MEN5011,7,Kurta,L,Blue,False,In Stock,False,Valid SKU
MEN5011-KR-M,MEN5011,9,Kurta,M,Blue,False,In Stock,False,Valid SKU
MEN5011-KR-S,MEN5011,4,Kurta,S,Blue,False,Low Stock,False,Valid SKU
MEN5011-KR-XL,MEN5011,9,Kurta,XL,Blue,False,In Stock,False,Valid SKU
MEN5011-KR-XXL,MEN5011,4,Kurta,XXL,Blue,False,Low Stock,False,Valid SKU
MEN5011-KR-XXXL,MEN5011,3,Kurta,XXXL,Blue,False,Low Stock,False,Valid SKU
MEN5012-KR-L,MEN5012,58,Kurta,L,Blue,False,In Stock,False,Valid SKU
MEN5012-KR-M,MEN5012,62,Kurta,M,Blue,False,In Stock,False,Valid SKU
MEN5012-KR-S,MEN5012,21,Kurta,S,Blue,False,In Stock,False,Valid SKU
MEN5012-KR-XL,MEN5012,40,Kurta,XL,Blue,False,In Stock,False,Valid SKU
MEN5012-KR-XXL,MEN5012,2,Kurta,XXL,Blue,False,Low Stock,False,Valid SKU
MEN5012-KR-XXXL,MEN5012,3,Kurta,XXXL,Blue,False,Low Stock,False,Valid SKU
MEN5013-KR-L,MEN5013,7,Kurta,L,Maroon,False,In Stock,False,Valid SKU
MEN5013-KR-M,MEN5013,5,Kurta,M,Maroon,False,Low Stock,False,Valid SKU
MEN5013-KR-S,MEN5013,5,Kurta,S,Maroon,False,Low Stock,False,Valid SKU
MEN5013-KR-XL,MEN5013,11,Kurta,XL,Maroon,False,In Stock,False,Valid SKU
MEN5013-KR-XXL,MEN5013,6,Kurta,XXL,Maroon,False,In Stock,False,Valid SKU
MEN5013-KR-XXXL,MEN5013,2,Kurta,XXXL,Maroon,False,Low Stock,False,Valid SKU
MEN5014-KR-L,MEN5014,26,Kurta,L,Orange,False,In Stock,False,Valid SKU
MEN5014-KR-M,MEN5014,34,Kurta,M,Orange,False,In Stock,False,Valid SKU
MEN5014-KR-S,MEN5014,28,Kurta,S,Orange,False,In Stock,False,Valid SKU
MEN5014-KR-XL,MEN5014,14,Kurta,XL,Orange,False,In Stock,False,Valid SKU
MEN5014-KR-XXL,MEN5014,8,Kurta,XXL,Orange,False,In Stock,False,Valid SKU
MEN5014-KR-XXXL,MEN5014,8,Kurta,XXXL,Orange,False,In Stock,False,Valid SKU
MEN5015-KR-L,MEN5015,11,Kurta,L,Pink,False,In Stock,False,Valid SKU
MEN5015-KR-M,MEN5015,26,Kurta,M,Pink,False,In Stock,False,Valid SKU
MEN5015-KR-S,MEN5015,34,Kurta,S,Pink,False,In Stock,False,Valid SKU
MEN5015-KR-XL,MEN5015,16,Kurta,XL,Pink,False,In Stock,False,Valid SKU
MEN5015-KR-XXL,MEN5015,4,Kurta,XXL,Pink,False,Low Stock,False,Valid SKU
MEN5015-KR-XXXL,MEN5015,1,Kurta,XXXL,Pink,False,Low Stock,False,Valid SKU
MEN5016-KR-L,MEN5016,1,Kurta,L,Teal,False,Low Stock,False,Valid SKU
MEN5016-KR-M,MEN5016,4,Kurta,M,Teal,False,Low Stock,False,Valid SKU
MEN5016-KR-S,MEN5016,7,Kurta,S,Teal,False,In Stock,False,Valid SKU
MEN5016-KR-XL,MEN5016,2,Kurta,XL,Teal,False,Low Stock,False,Valid SKU
MEN5016-KR-XXL,MEN5016,3,Kurta,XXL,Teal,False,Low Stock,False,Valid SKU
MEN5016-KR-XXXL,MEN5016,7,Kurta,XXXL,Teal,False,In Stock,False,Valid SKU
MEN5017-KR-L,MEN5017,2,Kurta,L,Black,False,Low Stock,False,Valid SKU
MEN5017-KR-M,MEN5017,4,Kurta,M,Black,False,Low Stock,False,Valid SKU
MEN5017-KR-S,MEN5017,11,Kurta,S,Black,False,In Stock,False,Valid SKU
MEN5017-KR-XL,MEN5017,4,Kurta,XL,Black,False,Low Stock,False,Valid SKU
MEN5017-KR-XXL,MEN5017,2,Kurta,XXL,Black,False,Low Stock,False,Valid SKU
MEN5017-KR-XXXL,MEN5017,3,Kurta,XXXL,Black,False,Low Stock,False,Valid SKU
MEN5018-KR-L,MEN5018,12,Kurta,L,Blue,False,In Stock,False,Valid SKU
MEN5018-KR-M,MEN5018,33,Kurta,M,Blue,False,In Stock,False,Valid SKU
MEN5018-KR-S,MEN5018,23,Kurta,S,Blue,False,In Stock,False,Valid SKU
MEN5018-KR-XL,MEN5018,23,Kurta,XL,Blue,False,In Stock,False,Valid SKU
MEN5018-KR-XXL,MEN5018,32,Kurta,XXL,Blue,False,In Stock,False,Valid SKU
MEN5018-KR-XXXL,MEN5018,35,Kurta,XXXL,Blue,False,In Stock,False,Valid SKU
MEN5019-KR-L,MEN5019,23,Kurta,L,Navy Blue,False,In Stock,False,Valid SKU
MEN5019-KR-M,MEN5019,11,Kurta,M,Navy Blue,False,In Stock,False,Valid SKU
MEN5019-KR-S,MEN5019,6,Kurta,S,Navy Blue,False,In Stock,False,Valid SKU
MEN5019-KR-XL,MEN5019,5,Kurta,XL,Navy Blue,False,Low Stock,False,Valid SKU
MEN5019-KR-XXL,MEN5019,3,Kurta,XXL,Navy Blue,False,Low Stock,False,Valid SKU
MEN5019-KR-XXXL,MEN5019,3,Kurta,XXXL,Navy Blue,False,Low Stock,False,Valid SKU
MEN5020-KR-L,MEN5020,3,Kurta,L,Brown,False,Low Stock,False,Valid SKU
MEN5020-KR-M,MEN5020,2,Kurta,M,Brown,False,Low Stock,False,Valid SKU
MEN5020-KR-S,MEN5020,6,Kurta,S,Brown,False,In Stock,False,Valid SKU
MEN5020-KR-XL,MEN5020,2,Kurta,XL,Brown,False,Low Stock,False,Valid SKU
MEN5020-KR-XXL,MEN5020,2,Kurta,XXL,Brown,False,Low Stock,False,Valid SKU
MEN5020-KR-XXXL,MEN5020,4,Kurta,XXXL,Brown,False,Low Stock,False,Valid SKU
MEN5021-KR-L,MEN5021,7,Kurta,L,Orange,False,In Stock,False,Valid SKU
MEN5021-KR-M,MEN5021,7,Kurta,M,Orange,False,In Stock,False,Valid SKU
MEN5021-KR-S,MEN5021,8,Kurta,S,Orange,False,In Stock,False,Valid SKU
MEN5021-KR-XL,MEN5021,6,Kurta,XL,Orange,False,In Stock,False,Valid SKU
MEN5021-KR-XXL,MEN5021,7,Kurta,XXL,Orange,False,In Stock,False,Valid SKU
MEN5021-KR-XXXL,MEN5021,8,Kurta,XXXL,Orange,False,In Stock,False,Valid SKU
MEN5022-KR-L,MEN5022,4,Kurta,L,Green,False,Low Stock,False,Valid SKU
MEN5022-KR-M,MEN5022,2,Kurta,M,Green,False,Low Stock,False,Valid SKU
MEN5022-KR-S,MEN5022,12,Kurta,S,Green,False,In Stock,False,Valid SKU
MEN5022-KR-XL,MEN5022,2,Kurta,XL,Green,False,Low Stock,False,Valid SKU
MEN5022-KR-XXL,MEN5022,27,Kurta,XXL,Green,False,In Stock,False,Valid SKU
MEN5022-KR-XXXL,MEN5022,6,Kurta,XXXL,Green,False,In Stock,False,Valid SKU
MEN5023-KR-L,MEN5023,2,Kurta,L,Blue,False,Low Stock,False,Valid SKU
MEN5023-KR-M,MEN5023,5,Kurta,M,Blue,False,Low Stock,False,Valid SKU
MEN5023-KR-S,MEN5023,8,Kurta,S,Blue,False,In Stock,False,Valid SKU
MEN5023-KR-XL,MEN5023,11,Kurta,XL,Blue,False,In Stock,False,Valid SKU
MEN5023-KR-XXL,MEN5023,3,Kurta,XXL,Blue,False,Low Stock,False,Valid SKU
MEN5023-KR-XXXL,MEN5023,6,Kurta,XXXL,Blue,False,In Stock,False,Valid SKU
MEN5024-KR-L,MEN5024,11,Kurta,L,Blue,False,In Stock,False,Valid SKU
MEN5024-KR-M,MEN5024,8,Kurta,M,Blue,False,In Stock,False,Valid SKU
MEN5024-KR-S,MEN5024,10,Kurta,S,Blue,False,In Stock,False,Valid SKU
MEN5024-KR-XL,MEN5024,25,Kurta,XL,Blue,False,In Stock,False,Valid SKU
MEN5024-KR-XXL,MEN5024,31,Kurta,XXL,Blue,False,In Stock,False,Valid SKU
MEN5024-KR-XXXL,MEN5024,8,Kurta,XXXL,Blue,False,In Stock,False,Valid SKU
MEN5025-KR-L,MEN5025,4,Kurta,L,Blue,False,Low Stock,False,Valid SKU
MEN5025-KR-M,MEN5025,3,Kurta,M,Blue,False,Low Stock,False,Valid SKU
MEN5025-KR-S,MEN5025,10,Kurta,S,Blue,False,In Stock,False,Valid SKU
MEN5025-KR-XL,MEN5025,4,Kurta,XL,Blue,False,Low Stock,False,Valid SKU
MEN5025-KR-XXL,MEN5025,4,Kurta,XXL,Blue,False,Low Stock,False,Valid SKU
MEN5025-KR-XXXL,MEN5025,4,Kurta,XXXL,Blue,False,Low Stock,False,Valid SKU
MEN5026-KR-L,MEN5026,5,Kurta,L,Blue,False,Low Stock,False,Valid SKU
MEN5026-KR-M,MEN5026,3,Kurta,M,Blue,False,Low Stock,False,Valid SKU
MEN5026-KR-S,MEN5026,9,Kurta,S,Blue,False,In Stock,False,Valid SKU
MEN5026-KR-XL,MEN5026,7,Kurta,XL,Blue,False,In Stock,False,Valid SKU
MEN5026-KR-XXL,MEN5026,12,Kurta,XXL,Blue,False,In Stock,False,Valid SKU
MEN5026-KR-XXXL,MEN5026,8,Kurta,XXXL,Blue,False,In Stock,False,Valid SKU
MEN5027-KR-L,MEN5027,18,Kurta,L,Red,False,In Stock,False,Valid SKU
MEN5027-KR-M,MEN5027,27,Kurta,M,Red,False,In Stock,False,Valid SKU
MEN5027-KR-S,MEN5027,3,Kurta,S,Red,False,Low Stock,False,Valid SKU
MEN5027-KR-XL,MEN5027,25,Kurta,XL,Red,False,In Stock,False,Valid SKU
MEN5027-KR-XXL,MEN5027,12,Kurta,XXL,Red,False,In Stock,False,Valid SKU
MEN5027-KR-XXXL,MEN5027,2,Kurta,XXXL,Red,False,Low Stock,False,Valid SKU
MEN5028-KR-L,MEN5028,19,Kurta,L,Brown,False,In Stock,False,Valid SKU
MEN5028-KR-M,MEN5028,7,Kurta,M,Brown,False,In Stock,False,Valid SKU
MEN5028-KR-S,MEN5028,15,Kurta,S,Brown,False,In Stock,False,Valid SKU
MEN5028-KR-XL,MEN5028,9,Kurta,XL,Brown,False,In Stock,False,Valid SKU
MEN5028-KR-XXL,MEN5028,15,Kurta,XXL,Brown,False,In Stock,False,Valid SKU
MEN5028-KR-XXXL,MEN5028,4,Kurta,XXXL,Brown,False,Low Stock,False,Valid SKU
MEN5029-KR-L,MEN5029,24,Kurta,L,Blue,False,In Stock,False,Valid SKU
MEN5029-KR-M,MEN5029,32,Kurta,M,Blue,False,In Stock,False,Valid SKU
MEN5029-KR-S,MEN5029,9,Kurta,S,Blue,False,In Stock,False,Valid SKU
MEN5029-KR-XL,MEN5029,19,Kurta,XL,Blue,False,In Stock,False,Valid SKU
MEN5029-KR-XXL,MEN5029,16,Kurta,XXL,Blue,False,In Stock,False,Valid SKU
MEN5029-KR-XXXL,MEN5029,5,Kurta,XXXL,Blue,False,Low Stock,False,Valid SKU
MEN5030-KR-L,MEN5030,3,Kurta,L,Olive,False,Low Stock,False,Valid SKU
MEN5030-KR-M,MEN5030,6,Kurta,M,Olive,False,In Stock,False,Valid SKU
MEN5030-KR-S,MEN5030,30,Kurta,S,Olive,False,In Stock,False,Valid SKU
MEN5030-KR-XL,MEN5030,2,Kurta,XL,Olive,False,Low Stock,False,Valid SKU
MEN5030-KR-XXL,MEN5030,3,Kurta,XXL,Olive,False,Low Stock,False,Valid SKU
MEN5030-KR-XXXL,MEN5030,4,Kurta,XXXL,Olive,False,Low Stock,False,Valid SKU
MEN5031-KR-L,MEN5031,39,Kurta,L,Maroon,False,In Stock,False,Valid SKU
MEN5031-KR-M,MEN5031,21,Kurta,M,Maroon,False,In Stock,False,Valid SKU
MEN5031-KR-S,MEN5031,14,Kurta,S,Maroon,False,In Stock,False,Valid SKU
MEN5031-KR-XL,MEN5031,21,Kurta,XL,Maroon,False,In Stock,False,Valid SKU
MEN5031-KR-XXL,MEN5031,28,Kurta,XXL,Maroon,False,In Stock,False,Valid SKU
MEN5031-KR-XXXL,MEN5031,10,Kurta,XXXL,Maroon,False,In Stock,False,Valid SKU
MEN5032-KR-L,MEN5032,4,Kurta,L,Blue,False,Low Stock,False,Valid SKU
MEN5032-KR-M,MEN5032,3,Kurta,M,Blue,False,Low Stock,False,Valid SKU
MEN5032-KR-S,MEN5032,8,Kurta,S,Blue,False,In Stock,False,Valid SKU
MEN5032-KR-XL,MEN5032,2,Kurta,XL,Blue,False,Low Stock,False,Valid SKU
MEN5032-KR-XXL,MEN5032,15,Kurta,XXL,Blue,False,In Stock,False,Valid SKU
MEN5032-KR-XXXL,MEN5032,2,Kurta,XXXL,Blue,False,Low Stock,False,Valid SKU
NW001-TP-PJ-L,NW001,4,Night Wear,L,Light Pink,False,Low Stock,False,Valid SKU
NW001-TP-PJ-M,NW001,6,Night Wear,M,Light Pink,False,In Stock,False,Valid SKU
NW001-TP-PJ-S,NW001,26,Night Wear,S,Light Pink,False,In Stock,False,Valid SKU
NW001-TP-PJ-XL,NW001,3,Night Wear,XL,Light Pink,False,Low Stock,False,Valid SKU
NW001-TP-PJ-XS,NW001,42,Night Wear,XS,Light Pink,False,In Stock,False,Valid SKU
NW001-TP-PJ-XXL,NW001,9,Night Wear,XXL,Light Pink,False,In Stock,False,Valid SKU
NW001-TP-PJ-XXXL,NW001,7,Night Wear,XXXL,Light Pink,False,In Stock,False,Valid SKU
NW002-TP-PJ-L,NW002,36,Night Wear,L,Turquoise Blue,False,In Stock,False,Valid SKU
NW002-TP-PJ-M,NW002,25,Night Wear,M,Turquoise Blue,False,In Stock,False,Valid SKU
NW002-TP-PJ-S,NW002,39,Night Wear,S,Turquoise Blue,False,In Stock,False,Valid SKU
NW002-TP-PJ-XL,NW002,29,Night Wear,XL,Turquoise Blue,False,In Stock,False,Valid SKU
NW002-TP-PJ-XS,NW002,19,Night Wear,XS,Turquoise Blue,False,In Stock,False,Valid SKU
NW002-TP-PJ-XXL,NW002,26,Night Wear,XXL,Turquoise Blue,False,In Stock,False,Valid SKU
NW002-TP-PJ-XXXL,NW002,53,Night Wear,XXXL,Turquoise Blue,False,In Stock,False,Valid SKU
NW003-TP-PJ-L,NW003,6,Night Wear,L,Maroon,False,In Stock,False,Valid SKU
NW003-TP-PJ-M,NW003,15,Night Wear,M,Maroon,False,In Stock,False,Valid SKU
NW003-TP-PJ-S,NW003,8,Night Wear,S,Maroon,False,In Stock,False,Valid SKU
NW003-TP-PJ-XL,NW003,12,Night Wear,XL,Maroon,False,In Stock,False,Valid SKU
NW003-TP-PJ-XS,NW003,14,Night Wear,XS,Maroon,False,In Stock,False,Valid SKU
NW003-TP-PJ-XXL,NW003,26,Night Wear,XXL,Maroon,False,In Stock,False,Valid SKU
NW003-TP-PJ-XXXL,NW003,25,Night Wear,XXXL,Maroon,False,In Stock,False,Valid SKU
NW004-TP-PJ-L,NW004,40,Night Wear,L,Navy Blue,False,In Stock,False,Valid SKU
NW004-TP-PJ-M,NW004,61,Night Wear,M,Navy Blue,False,In Stock,False,Valid SKU
NW004-TP-PJ-S,NW004,56,Night Wear,S,Navy Blue,False,In Stock,False,Valid SKU
NW004-TP-PJ-XL,NW004,50,Night Wear,XL,Navy Blue,False,In Stock,False,Valid SKU
NW004-TP-PJ-XS,NW004,72,Night Wear,XS,Navy Blue,False,In Stock,False,Valid SKU
NW004-TP-PJ-XXL,NW004,41,Night Wear,XXL,Navy Blue,False,In Stock,False,Valid SKU
NW004-TP-PJ-XXXL,NW004,12,Night Wear,XXXL,Navy Blue,False,In Stock,False,Valid SKU
NW005-ST-PJ-L,NW005,3,Night Wear,L,White,False,Low Stock,False,Valid SKU
NW005-ST-PJ-M,NW005,6,Night Wear,M,White,False,In Stock,False,Valid SKU
NW005-ST-PJ-S,NW005,31,Night Wear,S,White,False,In Stock,False,Valid SKU
NW005-ST-PJ-XL,NW005,11,Night Wear,XL,White,False,In Stock,False,Valid SKU
NW005-ST-PJ-XS,NW005,5,Night Wear,XS,White,False,Low Stock,False,Valid SKU
NW005-ST-PJ-XXL,NW005,9,Night Wear,XXL,White,False,In Stock,False,Valid SKU
NW005-ST-PJ-XXXL,NW005,10,Night Wear,XXXL,White,False,In Stock,False,Valid SKU
NW006-ST-SR-L,NW006,35,Night Wear,L,Beige,False,In Stock,False,Valid SKU
NW006-ST-SR-M,NW006,27,Night Wear,M,Beige,False,In Stock,False,Valid SKU
NW006-ST-SR-S,NW006,13,Night Wear,S,Beige,False,In Stock,False,Valid SKU
NW006-ST-SR-XL,NW006,31,Night Wear,XL,Beige,False,In Stock,False,Valid SKU
NW006-ST-SR-XS,NW006,28,Night Wear,XS,Beige,False,In Stock,False,Valid SKU
NW006-ST-SR-XXL,NW006,26,Night Wear,XXL,Beige,False,In Stock,False,Valid SKU
NW006-ST-SR-XXXL,NW006,7,Night Wear,XXXL,Beige,False,In Stock,False,Valid SKU
NW007-ST-CP-L,NW007,23,Night Wear,L,White,False,In Stock,False,Valid SKU
NW007-ST-CP-M,NW007,32,Night Wear,M,White,False,In Stock,False,Valid SKU
NW007-ST-CP-S,NW007,37,Night Wear,S,White,False,In Stock,False,Valid SKU
NW007-ST-CP-XL,NW007,26,Night Wear,XL,White,False,In Stock,False,Valid SKU
NW007-ST-CP-XS,NW007,24,Night Wear,XS,White,False,In Stock,False,Valid SKU
NW007-ST-CP-XXL,NW007,18,Night Wear,XXL,White,False,In Stock,False,Valid SKU
NW007-ST-CP-XXXL,NW007,8,Night Wear,XXXL,White,False,In Stock,False,Valid SKU
NW008-ST-CP-L,NW008,28,Night Wear,L,Off White,False,In Stock,False,Valid SKU
NW008-ST-CP-M,NW008,51,Night Wear,M,Off White,False,In Stock,False,Valid SKU
NW008-ST-CP-S,NW008,41,Night Wear,S,Off White,False,In Stock,False,Valid SKU
NW008-ST-CP-XL,NW008,58,Night Wear,XL,Off White,False,In Stock,False,Valid SKU
NW008-ST-CP-XS,NW008,26,Night Wear,XS,Off White,False,In Stock,False,Valid SKU
NW008-ST-CP-XXL,NW008,43,Night Wear,XXL,Off White,False,In Stock,False,Valid SKU
NW008-ST-CP-XXXL,NW008,29,Night Wear,XXXL,Off White,False,In Stock,False,Valid SKU
NW009-ST-CP-L,NW009,11,Night Wear,L,Turquoise,False,In Stock,False,Valid SKU
NW009-ST-CP-M,NW009,7,Night Wear,M,Turquoise,False,In Stock,False,Valid SKU
NW009-ST-CP-S,NW009,18,Night Wear,S,Turquoise,False,In Stock,False,Valid SKU
NW009-ST-CP-XL,NW009,12,Night Wear,XL,Turquoise,False,In Stock,False,Valid SKU
NW009-ST-CP-XS,NW009,16,Night Wear,XS,Turquoise,False,In Stock,False,Valid SKU
NW009-ST-CP-XXL,NW009,5,Night Wear,XXL,Turquoise,False,Low Stock,False,Valid SKU
NW009-ST-CP-XXXL,NW009,2,Night Wear,XXXL,Turquoise,False,Low Stock,False,Valid SKU
NW012-TP-PJ-L,NW012,2,Night Wear,L,Green,False,Low Stock,False,Valid SKU
NW012-TP-PJ-M,NW012,5,Night Wear,M,Green,False,Low Stock,False,Valid SKU
NW012-TP-PJ-S,NW012,3,Night Wear,S,Green,False,Low Stock,False,Valid SKU
NW012-TP-PJ-XL,NW012,4,Night Wear,XL,Green,False,Low Stock,False,Valid SKU
NW012-TP-PJ-XS,NW012,9,Night Wear,XS,Green,False,In Stock,False,Valid SKU
NW012-TP-PJ-XXL,NW012,4,Night Wear,XXL,Green,False,Low Stock,False,Valid SKU
NW012-TP-PJ-XXXL,NW012,2,Night Wear,XXXL,Green,False,Low Stock,False,Valid SKU
NW013-ST-SR-L,NW013,11,Night Wear,L,Turquoise,False,In Stock,False,Valid SKU
NW013-ST-SR-M,NW013,12,Night Wear,M,Turquoise,False,In Stock,False,Valid SKU
NW013-ST-SR-S,NW013,13,Night Wear,S,Turquoise,False,In Stock,False,Valid SKU
NW013-ST-SR-XL,NW013,33,Night Wear,XL,Turquoise,False,In Stock,False,Valid SKU
NW013-ST-SR-XS,NW013,6,Night Wear,XS,Turquoise,False,In Stock,False,Valid SKU
NW013-ST-SR-XXL,NW013,18,Night Wear,XXL,Turquoise,False,In Stock,False,Valid SKU
NW013-ST-SR-XXXL,NW013,2,Night Wear,XXXL,Turquoise,False,Low Stock,False,Valid SKU
NW014-ST-SR-L,NW014,8,Night Wear,L,Blue,False,In Stock,False,Valid SKU
NW014-ST-SR-M,NW014,44,Night Wear,M,Blue,False,In Stock,False,Valid SKU
NW014-ST-SR-S,NW014,9,Night Wear,S,Blue,False,In Stock,False,Valid SKU
NW014-ST-SR-XL,NW014,22,Night Wear,XL,Blue,False,In Stock,False,Valid SKU
NW014-ST-SR-XS,NW014,25,Night Wear,XS,Blue,False,In Stock,False,Valid SKU
NW014-ST-SR-XXL,NW014,26,Night Wear,XXL,Blue,False,In Stock,False,Valid SKU
NW014-ST-SR-XXXL,NW014,23,Night Wear,XXXL,Blue,False,In Stock,False,Valid SKU
NW015-TP-PJ-L,NW015,2,Night Wear,L,Grey,False,Low Stock,False,Valid SKU
NW015-TP-PJ-M,NW015,3,Night Wear,M,Grey,False,Low Stock,False,Valid SKU
NW015-TP-PJ-S,NW015,20,Night Wear,S,Grey,False,In Stock,False,Valid SKU
NW015-TP-PJ-XL,NW015,2,Night Wear,XL,Grey,False,Low Stock,False,Valid SKU
NW015-TP-PJ-XS,NW015,42,Night Wear,XS,Grey,False,In Stock,False,Valid SKU
NW015-TP-PJ-XXL,NW015,6,Night Wear,XXL,Grey,False,In Stock,False,Valid SKU
NW015-TP-PJ-XXXL,NW015,2,Night Wear,XXXL,Grey,False,Low Stock,False,Valid SKU
NW016-ST-SR-L,NW016,8,Night Wear,L,White,False,In Stock,False,Valid SKU
NW016-ST-SR-M,NW016,2,Night Wear,M,White,False,Low Stock,False,Valid SKU
NW016-ST-SR-S,NW016,4,Night Wear,S,White,False,Low Stock,False,Valid SKU
NW016-ST-SR-XL,NW016,7,Night Wear,XL,White,False,In Stock,False,Valid SKU
NW016-ST-SR-XS,NW016,5,Night Wear,XS,White,False,Low Stock,False,Valid SKU
NW016-ST-SR-XXL,NW016,16,Night Wear,XXL,White,False,In Stock,False,Valid SKU
NW016-ST-SR-XXXL,NW016,25,Night Wear,XXXL,White,False,In Stock,False,Valid SKU
NW020-ST-SR-L,NW020,2,Night Wear,L,Peach,False,Low Stock,False,Valid SKU
NW020-ST-SR-M,NW020,2,Night Wear,M,Peach,False,Low Stock,False,Valid SKU
NW020-ST-SR-S,NW020,3,Night Wear,S,Peach,False,Low Stock,False,Valid SKU
NW020-ST-SR-XL,NW020,6,Night Wear,XL,Peach,False,In Stock,False,Valid SKU
NW020-ST-SR-XS,NW020,3,Night Wear,XS,Peach,False,Low Stock,False,Valid SKU
NW020-ST-SR-XXL,NW020,9,Night Wear,XXL,Peach,False,In Stock,False,Valid SKU
NW020-ST-SR-XXXL,NW020,9,Night Wear,XXXL,Peach,False,In Stock,False,Valid SKU
NW022-TP-PJ-L,NW022,2,Night Wear,L,Blue,False,Low Stock,False,Valid SKU
NW022-TP-PJ-M,NW022,3,Night Wear,M,Blue,False,Low Stock,False,Valid SKU
NW022-TP-PJ-S,NW022,2,Night Wear,S,Blue,False,Low Stock,False,Valid SKU
NW022-TP-PJ-XL,NW022,3,Night Wear,XL,Blue,False,Low Stock,False,Valid SKU
NW022-TP-PJ-XS,NW022,7,Night Wear,XS,Blue,False,In Stock,False,Valid SKU
NW022-TP-PJ-XXL,NW022,11,Night Wear,XXL,Blue,False,In Stock,False,Valid SKU
NW022-TP-PJ-XXXL,NW022,2,Night Wear,XXXL,Blue,False,Low Stock,False,Valid SKU
NW023-ST-SR-L,NW023,32,Night Wear,L,Blue,False,In Stock,False,Valid SKU
NW023-ST-SR-M,NW023,33,Night Wear,M,Blue,False,In Stock,False,Valid SKU
NW023-ST-SR-S,NW023,36,Night Wear,S,Blue,False,In Stock,False,Valid SKU
NW023-ST-SR-XL,NW023,41,Night Wear,XL,Blue,False,In Stock,False,Valid SKU
NW023-ST-SR-XS,NW023,45,Night Wear,XS,Blue,False,In Stock,False,Valid SKU
NW023-ST-SR-XXL,NW023,37,Night Wear,XXL,Blue,False,In Stock,False,Valid SKU
NW023-ST-SR-XXXL,NW023,29,Night Wear,XXXL,Blue,False,In Stock,False,Valid SKU
NW024-TP-PJ-L,NW024,2,Night Wear,L,Blue,False,Low Stock,False,Valid SKU
NW024-TP-PJ-M,NW024,1,Night Wear,M,Blue,False,Low Stock,False,Valid SKU
NW024-TP-PJ-S,NW024,8,Night Wear,S,Blue,False,In Stock,False,Valid SKU
NW024-TP-PJ-XL,NW024,3,Night Wear,XL,Blue,False,Low Stock,False,Valid SKU
NW024-TP-PJ-XS,NW024,29,Night Wear,XS,Blue,False,In Stock,False,Valid SKU
NW024-TP-PJ-XXL,NW024,4,Night Wear,XXL,Blue,False,Low Stock,False,Valid SKU
NW024-TP-PJ-XXXL,NW024,2,Night Wear,XXXL,Blue,False,Low Stock,False,Valid SKU
NW027-TP-PJ-L,NW027,2,Night Wear,L,Pink,False,Low Stock,False,Valid SKU
NW027-TP-PJ-M,NW027,3,Night Wear,M,Pink,False,Low Stock,False,Valid SKU
NW027-TP-PJ-S,NW027,3,Night Wear,S,Pink,False,Low Stock,False,Valid SKU
NW027-TP-PJ-XL,NW027,2,Night Wear,XL,Pink,False,Low Stock,False,Valid SKU
NW027-TP-PJ-XS,NW027,7,Night Wear,XS,Pink,False,In Stock,False,Valid SKU
NW027-TP-PJ-XXL,NW027,10,Night Wear,XXL,Pink,False,In Stock,False,Valid SKU
NW027-TP-PJ-XXXL,NW027,2,Night Wear,XXXL,Pink,False,Low Stock,False,Valid SKU
NW028-TP-PJ-L,NW028,1,Night Wear,L,Grey,False,Low Stock,False,Valid SKU
NW028-TP-PJ-M,NW028,9,Night Wear,M,Grey,False,In Stock,False,Valid SKU
NW028-TP-PJ-S,NW028,23,Night Wear,S,Grey,False,In Stock,False,Valid SKU
NW028-TP-PJ-XL,NW028,5,Night Wear,XL,Grey,False,Low Stock,False,Valid SKU
NW028-TP-PJ-XS,NW028,30,Night Wear,XS,Grey,False,In Stock,False,Valid SKU
NW028-TP-PJ-XXL,NW028,4,Night Wear,XXL,Grey,False,Low Stock,False,Valid SKU
NW028-TP-PJ-XXXL,NW028,2,Night Wear,XXXL,Grey,False,Low Stock,False,Valid SKU
NW029-ST-SR-L,NW029,7,Night Wear,L,Grey,False,In Stock,False,Valid SKU
NW029-ST-SR-M,NW029,1,Night Wear,M,Grey,False,Low Stock,False,Valid SKU
NW029-ST-SR-S,NW029,3,Night Wear,S,Grey,False,Low Stock,False,Valid SKU
NW029-ST-SR-XL,NW029,24,Night Wear,XL,Grey,False,In Stock,False,Valid SKU
NW029-ST-SR-XS,NW029,27,Night Wear,XS,Grey,False,In Stock,False,Valid SKU
NW029-ST-SR-XXL,NW029,26,Night Wear,XXL,Grey,False,In Stock,False,Valid SKU
NW029-ST-SR-XXXL,NW029,8,Night Wear,XXXL,Grey,False,In Stock,False,Valid SKU
NW030-TP-PJ-L,NW030,4,Night Wear,L,Light Pink,False,Low Stock,False,Valid SKU
NW030-TP-PJ-M,NW030,2,Night Wear,M,Light Pink,False,Low Stock,False,Valid SKU
NW030-TP-PJ-S,NW030,4,Night Wear,S,Light Pink,False,Low Stock,False,Valid SKU
NW030-TP-PJ-XL,NW030,2,Night Wear,XL,Light Pink,False,Low Stock,False,Valid SKU
NW030-TP-PJ-XS,NW030,18,Night Wear,XS,Light Pink,False,In Stock,False,Valid SKU
NW030-TP-PJ-XXL,NW030,3,Night Wear,XXL,Light Pink,False,Low Stock,False,Valid SKU
NW030-TP-PJ-XXXL,NW030,3,Night Wear,XXXL,Light Pink,False,Low Stock,False,Valid SKU
NW031-TP-PJ-L,NW031,2,Night Wear,L,Cream,False,Low Stock,False,Valid SKU
NW031-TP-PJ-M,NW031,3,Night Wear,M,Cream,False,Low Stock,False,Valid SKU
NW031-TP-PJ-S,NW031,26,Night Wear,S,Cream,False,In Stock,False,Valid SKU
NW031-TP-PJ-XL,NW031,3,Night Wear,XL,Cream,False,Low Stock,False,Valid SKU
NW031-TP-PJ-XS,NW031,41,Night Wear,XS,Cream,False,In Stock,False,Valid SKU
NW031-TP-PJ-XXL,NW031,3,Night Wear,XXL,Cream,False,Low Stock,False,Valid SKU
NW031-TP-PJ-XXXL,NW031,2,Night Wear,XXXL,Cream,False,Low Stock,False,Valid SKU
NW032-ST-CP-L,NW032,19,Night Wear,L,White,False,In Stock,False,Valid SKU
NW032-ST-CP-M,NW032,24,Night Wear,M,White,False,In Stock,False,Valid SKU
NW032-ST-CP-S,NW032,21,Night Wear,S,White,False,In Stock,False,Valid SKU
NW032-ST-CP-XL,NW032,24,Night Wear,XL,White,False,In Stock,False,Valid SKU
NW032-ST-CP-XS,NW032,17,Night Wear,XS,White,False,In Stock,False,Valid SKU
NW032-ST-CP-XXL,NW032,14,Night Wear,XXL,White,False,In Stock,False,Valid SKU
NW032-ST-CP-XXXL,NW032,7,Night Wear,XXXL,White,False,In Stock,False,Valid SKU
NW033-ST-CP-L,NW033,30,Night Wear,L,Yellow,False,In Stock,False,Valid SKU
NW033-ST-CP-M,NW033,25,Night Wear,M,Yellow,False,In Stock,False,Valid SKU
NW033-ST-CP-S,NW033,30,Night Wear,S,Yellow,False,In Stock,False,Valid SKU
NW033-ST-CP-XL,NW033,22,Night Wear,XL,Yellow,False,In Stock,False,Valid SKU
NW033-ST-CP-XS,NW033,19,Night Wear,XS,Yellow,False,In Stock,False,Valid SKU
NW033-ST-CP-XXL,NW033,22,Night Wear,XXL,Yellow,False,In Stock,False,Valid SKU
NW033-ST-CP-XXXL,NW033,19,Night Wear,XXXL,Yellow,False,In Stock,False,Valid SKU
NW034-TP-PJ-L,NW034,2,Night Wear,L,Peach,False,Low Stock,False,Valid SKU
NW034-TP-PJ-M,NW034,2,Night Wear,M,Peach,False,Low Stock,False,Valid SKU
NW034-TP-PJ-S,NW034,3,Night Wear,S,Peach,False,Low Stock,False,Valid SKU
NW034-TP-PJ-XL,NW034,2,Night Wear,XL,Peach,False,Low Stock,False,Valid SKU
NW034-TP-PJ-XS,NW034,7,Night Wear,XS,Peach,False,In Stock,False,Valid SKU
NW034-TP-PJ-XXL,NW034,6,Night Wear,XXL,Peach,False,In Stock,False,Valid SKU
NW034-TP-PJ-XXXL,NW034,3,Night Wear,XXXL,Peach,False,Low Stock,False,Valid SKU
NW035-ST-CP-L,NW035,14,Night Wear,L,Grey,False,In Stock,False,Valid SKU
NW035-ST-CP-M,NW035,6,Night Wear,M,Grey,False,In Stock,False,Valid SKU
NW035-ST-CP-S,NW035,13,Night Wear,S,Grey,False,In Stock,False,Valid SKU
NW035-ST-CP-XL,NW035,18,Night Wear,XL,Grey,False,In Stock,False,Valid SKU
NW035-ST-CP-XS,NW035,9,Night Wear,XS,Grey,False,In Stock,False,Valid SKU
NW035-ST-CP-XXL,NW035,20,Night Wear,XXL,Grey,False,In Stock,False,Valid SKU
NW035-ST-CP-XXXL,NW035,6,Night Wear,XXXL,Grey,False,In Stock,False,Valid SKU
NW036-ST-SR-L,NW036,24,Night Wear,L,White,False,In Stock,False,Valid SKU
NW036-ST-SR-M,NW036,21,Night Wear,M,White,False,In Stock,False,Valid SKU
NW036-ST-SR-S,NW036,11,Night Wear,S,White,False,In Stock,False,Valid SKU
NW036-ST-SR-XL,NW036,18,Night Wear,XL,White,False,In Stock,False,Valid SKU
NW036-ST-SR-XS,NW036,19,Night Wear,XS,White,False,In Stock,False,Valid SKU
NW036-ST-SR-XXL,NW036,20,Night Wear,XXL,White,False,In Stock,False,Valid SKU
NW036-ST-SR-XXXL,NW036,13,Night Wear,XXXL,White,False,In Stock,False,Valid SKU
NW037-TP-SR-L,NW037,3,Night Wear,L,Pink,False,Low Stock,False,Valid SKU
NW037-TP-SR-M,NW037,7,Night Wear,M,Pink,False,In Stock,False,Valid SKU
NW037-TP-SR-S,NW037,10,Night Wear,S,Pink,False,In Stock,False,Valid SKU
NW037-TP-SR-XL,NW037,9,Night Wear,XL,Pink,False,In Stock,False,Valid SKU
NW037-TP-SR-XS,NW037,10,Night Wear,XS,Pink,False,In Stock,False,Valid SKU
NW037-TP-SR-XXL,NW037,9,Night Wear,XXL,Pink,False,In Stock,False,Valid SKU
NW037-TP-SR-XXXL,NW037,3,Night Wear,XXXL,Pink,False,Low Stock,False,Valid SKU
NW038-ST-SR-L,NW038,2,Night Wear,L,Blue,False,Low Stock,False,Valid SKU
NW038-ST-SR-M,NW038,2,Night Wear,M,Blue,False,Low Stock,False,Valid SKU
NW038-ST-SR-S,NW038,2,Night Wear,S,Blue,False,Low Stock,False,Valid SKU
NW038-ST-SR-XL,NW038,15,Night Wear,XL,Blue,False,In Stock,False,Valid SKU
NW038-ST-SR-XS,NW038,3,Night Wear,XS,Blue,False,Low Stock,False,Valid SKU
NW038-ST-SR-XXL,NW038,9,Night Wear,XXL,Blue,False,In Stock,False,Valid SKU
NW038-ST-SR-XXXL,NW038,6,Night Wear,XXXL,Blue,False,In Stock,False,Valid SKU
NW039-TP-SR-L,NW039,7,Night Wear,L,Yellow,False,In Stock,False,Valid SKU
NW039-TP-SR-M,NW039,8,Night Wear,M,Yellow,False,In Stock,False,Valid SKU
NW039-TP-SR-S,NW039,4,Night Wear,S,Yellow,False,Low Stock,False,Valid SKU
NW039-TP-SR-XL,NW039,6,Night Wear,XL,Yellow,False,In Stock,False,Valid SKU
NW039-TP-SR-XS,NW039,7,Night Wear,XS,Yellow,False,In Stock,False,Valid SKU
NW039-TP-SR-XXL,NW039,9,Night Wear,XXL,Yellow,False,In Stock,False,Valid SKU
NW039-TP-SR-XXXL,NW039,2,Night Wear,XXXL,Yellow,False,Low Stock,False,Valid SKU
PJ0096-KR-4XL,PJ0096,70,Kurta,4XL,Blue,False,In Stock,False,Valid SKU
PJ0096-KR-5XL,PJ0096,90,Kurta,5XL,Blue,False,In Stock,False,Valid SKU
PJ0096-KR-6XL,PJ0096,85,Kurta,6XL,Blue,False,In Stock,False,Valid SKU
PJNE1906-KR-4XL,PJNE1906,8,Kurta,4XL,Black,False,In Stock,False,Valid SKU
PJNE1906-KR-5XL,PJNE1906,36,Kurta,5XL,Black,False,In Stock,False,Valid SKU
PJNE1906-KR-6XL,PJNE1906,55,Kurta,6XL,Black,False,In Stock,False,Valid SKU
PJNE2014-KR-4XL,PJNE2014,30,Kurta,4XL,Multicolor,False,In Stock,False,Valid SKU
PJNE2014-KR-5XL,PJNE2014,57,Kurta,5XL,Multicolor,False,In Stock,False,Valid SKU
PJNE2014-KR-6XL,PJNE2014,87,Kurta,6XL,Multicolor,False,In Stock,False,Valid SKU
PJNE2100-KR-4XL,PJNE2100,70,Kurta,4XL,Teal,False,In Stock,False,Valid SKU
PJNE2100-KR-5XL,PJNE2100,47,Kurta,5XL,Teal,False,In Stock,False,Valid SKU
PJNE2100-KR-6XL,PJNE2100,104,Kurta,6XL,Teal,False,In Stock,False,Valid SKU
PJNE2171-KR-4XL,PJNE2171,38,Kurta,4XL,White,False,In Stock,False,Valid SKU
PJNE2171-KR-5XL,PJNE2171,43,Kurta,5XL,White,False,In Stock,False,Valid SKU
PJNE2171-KR-6XL,PJNE2171,61,Kurta,6XL,White,False,In Stock,False,Valid SKU
PJNE2199-KR-4XL,PJNE2199,53,Kurta,4XL,Pink,False,In Stock,False,Valid SKU
PJNE2199-KR-5XL,PJNE2199,54,Kurta,5XL,Pink,False,In Stock,False,Valid SKU
PJNE2199-KR-6XL,PJNE2199,11,Kurta,6XL,Pink,False,In Stock,False,Valid SKU
PJNE2270-KR-4XL,PJNE2270,24,Kurta,4XL,Beige,False,In Stock,False,Valid SKU
PJNE2270-KR-5XL,PJNE2270,6,Kurta,5XL,Beige,False,In Stock,False,Valid SKU
PJNE2270-KR-6XL,PJNE2270,3,Kurta,6XL,Beige,False,Low Stock,False,Valid SKU
PJNE3068-KR-4XL,PJNE3068,25,Kurta,4XL,Black,False,In Stock,False,Valid SKU
PJNE3068-KR-5XL,PJNE3068,31,Kurta,5XL,Black,False,In Stock,False,Valid SKU
PJNE3068-KR-6XL,PJNE3068,27,Kurta,6XL,Black,False,In Stock,False,Valid SKU
PJNE3252-KR-4XL,PJNE3252,56,Kurta,4XL,Pink,False,In Stock,False,Valid SKU
PJNE3252-KR-5XL,PJNE3252,48,Kurta,5XL,Pink,False,In Stock,False,Valid SKU
PJNE3252-KR-6XL,PJNE3252,94,Kurta,6XL,Pink,False,In Stock,False,Valid SKU
PJNE3291-KR-4XL,PJNE3291,22,Kurta,4XL,Green,False,In Stock,False,Valid SKU
PJNE3291-KR-5XL,PJNE3291,47,Kurta,5XL,Green,False,In Stock,False,Valid SKU
PJNE3291-KR-6XL,PJNE3291,24,Kurta,6XL,Green,False,In Stock,False,Valid SKU
PJNE3363-KR-4XL,PJNE3363,90,Kurta,4XL,Dark Blue,False,In Stock,False,Valid SKU
PJNE3363-KR-5XL,PJNE3363,164,Kurta,5XL,Dark Blue,False,In Stock,False,Valid SKU
PJNE3363-KR-6XL,PJNE3363,138,Kurta,6XL,Dark Blue,False,In Stock,False,Valid SKU
PJNE3364-KR-4XL,PJNE3364,9,Kurta,4XL,Green,False,In Stock,False,Valid SKU
PJNE3364-KR-5XL,PJNE3364,9,Kurta,5XL,Green,False,In Stock,False,Valid SKU
PJNE3364-KR-6XL,PJNE3364,8,Kurta,6XL,Green,False,In Stock,False,Valid SKU
PJNE3368-KR-4XL,PJNE3368,12,Kurta,4XL,Light Green,False,In Stock,False,Valid SKU
PJNE3368-KR-5XL,PJNE3368,6,Kurta,5XL,Light Green,False,In Stock,False,Valid SKU
PJNE3368-KR-6XL,PJNE3368,34,Kurta,6XL,Light Green,False,In Stock,False,Valid SKU
PJNE3373-KR-4XL,PJNE3373,8,Kurta,4XL,Black,False,In Stock,False,Valid SKU
PJNE3373-KR-5XL,PJNE3373,2,Kurta,5XL,Black,False,Low Stock,False,Valid SKU
PJNE3373-KR-6XL,PJNE3373,17,Kurta,6XL,Black,False,In Stock,False,Valid SKU
PJNE3399-KR-4XL,PJNE3399,12,Kurta,4XL,Turquoise Blue,False,In Stock,False,Valid SKU
PJNE3399-KR-5XL,PJNE3399,19,Kurta,5XL,Turquoise Blue,False,In Stock,False,Valid SKU
PJNE3399-KR-6XL,PJNE3399,24,Kurta,6XL,Turquoise Blue,False,In Stock,False,Valid SKU
PJNE3404-KR-4XL,PJNE3404,23,Kurta,4XL,Mauve,False,In Stock,True,Duplicate / Conflicting SKU
PJNE3404-KR-5XL,PJNE3404,2,Kurta,5XL,Mauve,False,Low Stock,True,Duplicate / Conflicting SKU
PJNE3404-KR-6XL,PJNE3404,3,Kurta,6XL,Mauve,False,Low Stock,False,Valid SKU
PJNE3405-KR-4XL,PJNE3405,100,Kurta,4XL,Pink,False,In Stock,False,Valid SKU
PJNE3405-KR-5XL,PJNE3405,158,Kurta,5XL,Pink,False,In Stock,True,Duplicate / Conflicting SKU
PJNE3405-KR-6XL,PJNE3405,149,Kurta,6XL,Pink,False,In Stock,True,Duplicate / Conflicting SKU
PJNE3421-KR-4XL,PJNE3421,64,Kurta,4XL,Grey,False,In Stock,False,Valid SKU
PJNE3421-KR-5XL,PJNE3421,41,Kurta,5XL,Grey,False,In Stock,False,Valid SKU
PJNE3421-KR-6XL,PJNE3421,14,Kurta,6XL,Grey,False,In Stock,False,Valid SKU
PJNE3423-KR-4XL,PJNE3423,15,Kurta,4XL,Black,False,In Stock,False,Valid SKU
PJNE3423-KR-5XL,PJNE3423,43,Kurta,5XL,Black,False,In Stock,False,Valid SKU
PJNE3423-KR-6XL,PJNE3423,6,Kurta,6XL,Black,False,In Stock,False,Valid SKU
PJNE3439-KR-4XL,PJNE3439,27,Kurta,4XL,Navy Blue,False,In Stock,False,Valid SKU
PJNE3439-KR-5XL,PJNE3439,14,Kurta,5XL,Navy Blue,False,In Stock,False,Valid SKU
PJNE3439-KR-6XL,PJNE3439,19,Kurta,6XL,Navy Blue,False,In Stock,False,Valid SKU
PJNE3440-KR-4XL,PJNE3440,47,Kurta,4XL,White,False,In Stock,False,Valid SKU
PJNE3440-KR-5XL,PJNE3440,21,Kurta,5XL,White,False,In Stock,False,Valid SKU
PJNE3440-KR-6XL,PJNE3440,4,Kurta,6XL,White,False,Low Stock,False,Valid SKU
PJNE3445-KR-4XL,PJNE3445,41,Kurta,4XL,White,False,In Stock,False,Valid SKU
PJNE3445-KR-5XL,PJNE3445,14,Kurta,5XL,White,False,In Stock,False,Valid SKU
PJNE3445-KR-6XL,PJNE3445,10,Kurta,6XL,White,False,In Stock,False,Valid SKU
PJNE3567-KR-4XL,PJNE3567,42,Kurta,4XL,Blue,False,In Stock,False,Valid SKU
PJNE3567-KR-5XL,PJNE3567,32,Kurta,5XL,Blue,False,In Stock,False,Valid SKU
PJNE3567-KR-6XL,PJNE3567,46,Kurta,6XL,Blue,False,In Stock,False,Valid SKU
PJNE3568-KR-4XL,PJNE3568,3,Kurta,4XL,Yellow,False,Low Stock,False,Valid SKU
PJNE3568-KR-5XL,PJNE3568,7,Kurta,5XL,Yellow,False,In Stock,False,Valid SKU
PJNE3568-KR-6XL,PJNE3568,4,Kurta,6XL,Yellow,False,Low Stock,False,Valid SKU
PJNE3607-KR-4XL,PJNE3607,7,Kurta,4XL,Maroon,False,In Stock,False,Valid SKU
PJNE3607-KR-5XL,PJNE3607,2,Kurta,5XL,Maroon,False,Low Stock,False,Valid SKU
PJNE3607-KR-6XL,PJNE3607,21,Kurta,6XL,Maroon,False,In Stock,False,Valid SKU
PSET043-KR-NP-4XL,PSET043,2,Set,4XL,Teal,False,Low Stock,False,Valid SKU
PSET043-KR-NP-5XL,PSET043,0,Set,5XL,Teal,False,Out of Stock,False,Valid SKU
PSET043-KR-NP-6XL,PSET043,0,Set,6XL,Teal,False,Out of Stock,False,Valid SKU
PSET058-KR-NP-4XL,PSET058,2,Set,4XL,Teal,False,Low Stock,False,Valid SKU
PSET058-KR-NP-5XL,PSET058,2,Set,5XL,Teal,False,Low Stock,False,Valid SKU
PSET058-KR-NP-6XL,PSET058,0,Set,6XL,Teal,False,Out of Stock,False,Valid SKU
PSET264-KR-NP-4XL,PSET264,30,Set,4XL,Gold,False,In Stock,False,Valid SKU
PSET264-KR-NP-5XL,PSET264,39,Set,5XL,Gold,False,In Stock,False,Valid SKU
PSET264-KR-NP-6XL,PSET264,24,Set,6XL,Gold,False,In Stock,False,Valid SKU
,PSET264,0,Set,XXXL,Gold,True,Out of Stock,False,Missing / Invalid SKU
PSET268-KR-NP-4XL,PSET268,45,Set,4XL,Off White,False,In Stock,False,Valid SKU
PSET268-KR-NP-5XL,PSET268,26,Set,5XL,Off White,False,In Stock,False,Valid SKU
PSET268-KR-NP-6XL,PSET268,37,Set,6XL,Off White,False,In Stock,False,Valid SKU
SAR023,SAR023,5,Saree,Free,Green,False,Low Stock,False,Valid SKU
SAR024,SAR024,4,Saree,Free,Gold,False,Low Stock,False,Valid SKU
SAR025,SAR025,1,Saree,Free,Brown,False,Low Stock,False,Valid SKU
SAR026,SAR026,4,Saree,Free,Peach,False,Low Stock,False,Valid SKU
SAR027,SAR027,3,Saree,Free,Mauve,False,Low Stock,False,Valid SKU
SAR028,SAR028,19,Saree,Free,Grey,False,In Stock,False,Valid SKU
SAR029,SAR029,3,Saree,Free,Brown,False,Low Stock,False,Valid SKU
SAR030,SAR030,10,Saree,Free,Beige,False,In Stock,False,Valid SKU
SAR031,SAR031,0,Saree,Free,Green,False,Out of Stock,False,Valid SKU
SAR032,SAR032,2,Saree,Free,Mauve,False,Low Stock,False,Valid SKU
SAR033,SAR033,8,Saree,Free,Sea Green,False,In Stock,False,Valid SKU
SAR034,SAR034,0,Saree,Free,Peach,False,Out of Stock,False,Valid SKU
SAR035,SAR035,3,Saree,Free,Pink,False,Low Stock,False,Valid SKU
SAR036,SAR036,8,Saree,Free,Brown,False,In Stock,False,Valid SKU
SAR037,SAR037,3,Saree,Free,Mauve,False,Low Stock,False,Valid SKU
SAR038,SAR038,4,Saree,Free,Green,False,Low Stock,False,Valid SKU
SAR039,SAR039,2,Saree,Free,Grey,False,Low Stock,False,Valid SKU
SAR040,SAR040,3,Saree,Free,Brown,False,Low Stock,False,Valid SKU
SAR041,SAR041,6,Saree,Free,Black,False,In Stock,False,Valid SKU
SAR042,SAR042,2,Saree,Free,Cream,False,Low Stock,False,Valid SKU
SAR043,SAR043,29,Saree,Free,Grey,False,In Stock,False,Valid SKU
SAR044,SAR044,83,Saree,Free,Pink,False,In Stock,False,Valid SKU
SAR045,SAR045,19,Saree,Free,Mustard,False,In Stock,False,Valid SKU
SAR046,SAR046,93,Saree,Free,Green,False,In Stock,False,Valid SKU
SAR047,SAR047,32,Saree,Free,Mustard,False,In Stock,False,Valid SKU
SAR048,SAR048,30,Saree,Free,Grey,False,In Stock,False,Valid SKU
SAR049,SAR049,79,Saree,Free,Teal,False,In Stock,False,Valid SKU
SAR050,SAR050,1,Saree,Free,Maroon,False,Low Stock,False,Valid SKU
SAR051,SAR051,46,Saree,Free,Black,False,In Stock,False,Valid SKU
SAR052,SAR052,33,Saree,Free,Green,False,In Stock,False,Valid SKU
SAR053,SAR053,37,Saree,Free,Pink,False,In Stock,False,Valid SKU
SAR054,SAR054,42,Saree,Free,Red,False,In Stock,False,Valid SKU
SAR055,SAR055,2,Saree,Free,Maroon,False,Low Stock,False,Valid SKU
SAR056,SAR056,2,Saree,Free,Beige,False,Low Stock,False,Valid SKU
SAR057,SAR057,2,Saree,Free,Green,False,Low Stock,False,Valid SKU
SAR058,SAR058,2,Saree,Free,Black,False,Low Stock,False,Valid SKU
SAR059,SAR059,26,Saree,Free,Brown,False,In Stock,False,Valid SKU
SAR060,SAR060,40,Saree,Free,Green,False,In Stock,False,Valid SKU
SAR061,SAR061,25,Saree,Free,Red,False,In Stock,False,Valid SKU
SAR062,SAR062,18,Saree,Free,Black,False,In Stock,False,Valid SKU
SAR063,SAR063,0,Saree,Free,Maroon,False,Out of Stock,False,Valid SKU
SAR064,SAR064,2,Saree,Free,Grey,False,Low Stock,False,Valid SKU
SAR065,SAR065,0,Saree,Free,Purple,False,Out of Stock,False,Valid SKU
SAR066,SAR066,0,Saree,Free,Teal,False,Out of Stock,False,Valid SKU
SAR067,SAR067,0,Saree,Free,Green,False,Out of Stock,False,Valid SKU
SAR068,SAR068,5,Saree,Free,Brown,False,Low Stock,False,Valid SKU
SAR069,SAR069,20,Saree,Free,Pink,False,In Stock,False,Valid SKU
SAR070,SAR070,30,Saree,Free,Blue,False,In Stock,False,Valid SKU
SAR071,SAR071,6,Saree,Free,Green,False,In Stock,False,Valid SKU
SAR072,SAR072,2,Saree,Free,Black,False,Low Stock,False,Valid SKU
SAR073,SAR073,2,Saree,Free,Green,False,Low Stock,False,Valid SKU
SAR074,SAR074,5,Saree,Free,Brown,False,Low Stock,False,Valid SKU
SAR075,SAR075,6,Saree,Free,Black,False,In Stock,False,Valid SKU
SAR076,SAR076,3,Saree,Free,Red,False,Low Stock,False,Valid SKU
SAR079,SAR079,0,Saree,Free,Red,False,Out of Stock,False,Valid SKU
SAR081,SAR081,0,Saree,Free,Red,False,Out of Stock,False,Valid SKU
SAR088,SAR088,0,Saree,Free,Beige,False,Out of Stock,False,Valid SKU
SAR090,SAR090,19,Saree,Free,Blue,False,In Stock,False,Valid SKU
SAR091,SAR091,50,Saree,Free,Green,False,In Stock,False,Valid SKU
SAR092,SAR092,14,Saree,Free,Blue,False,In Stock,False,Valid SKU
SAR093,SAR093,4,Saree,Free,Red,False,Low Stock,False,Valid SKU
SAR094,SAR094,9,Saree,Free,Red,False,In Stock,False,Valid SKU
SAR095,SAR095,46,Saree,Free,Blue,False,In Stock,False,Valid SKU
SAR096,SAR096,47,Saree,Free,Maroon,False,In Stock,False,Valid SKU
SAR097,SAR097,52,Saree,Free,Pink,False,In Stock,False,Valid SKU
SAR098,SAR098,5,Saree,Free,Blue,False,Low Stock,False,Valid SKU
SAR099,SAR099,5,Saree,Free,Grey,False,Low Stock,False,Valid SKU
SAR100,SAR100,46,Saree,Free,Pink,False,In Stock,False,Valid SKU
SAR101,SAR101,3,Saree,Free,Black,False,Low Stock,False,Valid SKU
SAR102,SAR102,4,Saree,Free,Orange,False,Low Stock,False,Valid SKU
SAR103,SAR103,10,Saree,Free,Maroon,False,In Stock,False,Valid SKU
SAR104,SAR104,7,Saree,Free,Blue,False,In Stock,False,Valid SKU
SAR105,SAR105,7,Saree,Free,Pink,False,In Stock,False,Valid SKU
SAR107,SAR107,4,Saree,Free,Green,False,Low Stock,False,Valid SKU
SAR108,SAR108,5,Saree,Free,Pink,False,Low Stock,False,Valid SKU
SAR109,SAR109,7,Saree,Free,Blue,False,In Stock,False,Valid SKU
SAR110,SAR110,7,Saree,Free,Green,False,In Stock,False,Valid SKU
SAR111,SAR111,19,Saree,Free,Green,False,In Stock,False,Valid SKU
SAR112,SAR112,25,Saree,Free,Beige,False,In Stock,False,Valid SKU
SAR113,SAR113,10,Saree,Free,Yellow,False,In Stock,False,Valid SKU
SAR114,SAR114,13,Saree,Free,Grey,False,In Stock,False,Valid SKU
SAR116,SAR116,1,Saree,Free,Teal,False,Low Stock,False,Valid SKU
SAR130,SAR130,62,Saree,Free,Pink,False,In Stock,False,Valid SKU
SAR131,SAR131,6,Saree,Free,Red,False,In Stock,False,Valid SKU
SAR132,SAR132,0,Saree,Free,Pink,False,Out of Stock,False,Valid SKU
SAR133,SAR133,4,Saree,Free,Pink,False,Low Stock,False,Valid SKU
SAR134,SAR134,14,Saree,Free,Yellow,False,In Stock,False,Valid SKU
SAR135,SAR135,7,Saree,Free,Green,False,In Stock,False,Valid SKU
SAR136,SAR136,6,Saree,Free,Navy Blue,False,In Stock,False,Valid SKU
SAR137,SAR137,6,Saree,Free,Purple,False,In Stock,False,Valid SKU
SAR138,SAR138,1,Saree,Free,Multicolor,False,Low Stock,False,Valid SKU
SAR139,SAR139,2,Saree,Free,Black,False,Low Stock,False,Valid SKU
SAR140,SAR140,2,Saree,Free,Blue,False,Low Stock,False,Valid SKU
SAR141,SAR141,6,Saree,Free,Purple,False,In Stock,False,Valid SKU
SAR142,SAR142,3,Saree,Free,Multicolor,False,Low Stock,False,Valid SKU
SAR143,SAR143,6,Saree,Free,Beige,False,In Stock,False,Valid SKU
SAR144,SAR144,32,Saree,Free,Beige,False,In Stock,False,Valid SKU
SAR145,SAR145,32,Saree,Free,Pink,False,In Stock,False,Valid SKU
SAR146,SAR146,30,Saree,Free,Green,False,In Stock,False,Valid SKU
SAR147,SAR147,25,Saree,Free,Rust,False,In Stock,False,Valid SKU
SAR148,SAR148,28,Saree,Free,Turquoise Blue,False,In Stock,False,Valid SKU
SAR149,SAR149,31,Saree,Free,Teal,False,In Stock,False,Valid SKU
SAR150,SAR150,20,Saree,Free,Sea Green,False,In Stock,False,Valid SKU
SAR151,SAR151,32,Saree,Free,Green,False,In Stock,False,Valid SKU
SAR152,SAR152,16,Saree,Free,Pink,False,In Stock,False,Valid SKU
SAR153,SAR153,28,Saree,Free,Blue,False,In Stock,False,Valid SKU
SAR154,SAR154,23,Saree,Free,Peach,False,In Stock,False,Valid SKU
SAR155,SAR155,30,Saree,Free,Orange,False,In Stock,False,Valid SKU
SAR156,SAR156,25,Saree,Free,Yellow,False,In Stock,False,Valid SKU
SAR157,SAR157,32,Saree,Free,Multicolor,False,In Stock,False,Valid SKU
SAR158,SAR158,34,Saree,Free,Peach,False,In Stock,False,Valid SKU
SAR159,SAR159,31,Saree,Free,Multicolor,False,In Stock,False,Valid SKU
SAR160,SAR160,40,Saree,Free,Black,False,In Stock,False,Valid SKU
SAR161,SAR161,52,Saree,Free,Purple,False,In Stock,False,Valid SKU
SAR162,SAR162,33,Saree,Free,Brown,False,In Stock,False,Valid SKU
SAR163,SAR163,25,Saree,Free,Green,False,In Stock,False,Valid SKU
SAR164,SAR164,10,Saree,Free,Teal,False,In Stock,False,Valid SKU
SAR165,SAR165,21,Saree,Free,Yellow,False,In Stock,False,Valid SKU
SAR166,SAR166,16,Saree,Free,Yellow,False,In Stock,False,Valid SKU
SAR167,SAR167,0,Saree,Free,Peach,False,Out of Stock,False,Valid SKU
SAR168,SAR168,16,Saree,Free,Unknown,False,In Stock,False,Valid SKU
SAR169,SAR169,45,Saree,Free,Peach,False,In Stock,False,Valid SKU
SAR170,SAR170,35,Saree,Free,Mauve,False,In Stock,False,Valid SKU
SAR171,SAR171,37,Saree,Free,Multicolor,False,In Stock,False,Valid SKU
SAR172,SAR172,44,Saree,Free,Pink,False,In Stock,False,Valid SKU
SAR173,SAR173,8,Saree,Free,Orange,False,In Stock,False,Valid SKU
SAR174,SAR174,7,Saree,Free,Green,False,In Stock,False,Valid SKU
SAR175,SAR175,50,Saree,Free,Teal,False,In Stock,False,Valid SKU
SAR176,SAR176,14,Saree,Free,Maroon,False,In Stock,False,Valid SKU
SAR177,SAR177,55,Saree,Free,Peach,False,In Stock,False,Valid SKU
SAR178,SAR178,3,Saree,Free,Pink,False,Low Stock,False,Valid SKU
SAR179,SAR179,10,Saree,Free,Teal,False,In Stock,False,Valid SKU
SAR180,SAR180,16,Saree,Free,Brown,False,In Stock,False,Valid SKU
SAR181,SAR181,7,Saree,Free,Teal,False,In Stock,False,Valid SKU
SAR182,SAR182,4,Saree,Free,Black,False,Low Stock,False,Valid SKU
SAR183,SAR183,18,Saree,Free,Green,False,In Stock,False,Valid SKU
SAR184,SAR184,13,Saree,Free,Blue,False,In Stock,False,Valid SKU
SAR185,SAR185,10,Saree,Free,Maroon,False,In Stock,False,Valid SKU
SET004-KR-SP-L,SET004,2,Kurta Set,L,Grey,False,Low Stock,False,Valid SKU
SET004-KR-SP-M,SET004,2,Kurta Set,M,Grey,False,Low Stock,False,Valid SKU
SET004-KR-SP-S,SET004,19,Kurta Set,S,Grey,False,In Stock,False,Valid SKU
SET004-KR-SP-XL,SET004,2,Kurta Set,XL,Grey,False,Low Stock,False,Valid SKU
SET004-KR-SP-XS,SET004,22,Kurta Set,XS,Grey,False,In Stock,False,Valid SKU
SET004-KR-SP-XXL,SET004,1,Kurta Set,XXL,Grey,False,Low Stock,False,Valid SKU
SET004-KR-SP-XXXL,SET004,1,Kurta Set,XXXL,Grey,False,Low Stock,False,Valid SKU
SET007-KR-NP-S,SET007,1,Set,S,Multicolor,False,Low Stock,False,Valid SKU
SET007-KR-NP-XS,SET007,1,Set,XS,Multicolor,False,Low Stock,False,Valid SKU
SET007-KR-NP-XXL,SET007,1,Set,XXL,Multicolor,False,Low Stock,False,Valid SKU
SET014-KR-PP-L,SET014,2,Kurta Set,L,Navy Blue,False,Low Stock,False,Valid SKU
SET014-KR-PP-M,SET014,10,Kurta Set,M,Navy Blue,False,In Stock,False,Valid SKU
SET014-KR-PP-S,SET014,22,Kurta Set,S,Navy Blue,False,In Stock,False,Valid SKU
SET014-KR-PP-XL,SET014,8,Kurta Set,XL,Navy Blue,False,In Stock,False,Valid SKU
SET014-KR-PP-XS,SET014,41,Kurta Set,XS,Navy Blue,False,In Stock,False,Valid SKU
SET014-KR-PP-XXL,SET014,2,Kurta Set,XXL,Navy Blue,False,Low Stock,False,Valid SKU
SET014-KR-PP-XXXL,SET014,3,Kurta Set,XXXL,Navy Blue,False,Low Stock,False,Valid SKU
SET025-KR-SP-S,SET025,1,Kurta Set,S,Pink,False,Low Stock,False,Valid SKU
SET025-KR-SP-XS,SET025,1,Kurta Set,XS,Pink,False,Low Stock,False,Valid SKU
SET025-KR-SP-XXL,SET025,0,Kurta Set,XXL,Pink,False,Out of Stock,False,Valid SKU
SET034-KR-NP-L,SET034,0,Kurta Set,L,Pink,False,Out of Stock,False,Valid SKU
SET034-KR-NP-M,SET034,2,Kurta Set,M,Pink,False,Low Stock,False,Valid SKU
SET034-KR-NP-S,SET034,3,Kurta Set,S,Pink,False,Low Stock,False,Valid SKU
SET034-KR-NP-XL,SET034,1,Kurta Set,XL,Pink,False,Low Stock,False,Valid SKU
SET034-KR-NP-XS,SET034,5,Kurta Set,XS,Pink,False,Low Stock,False,Valid SKU
SET034-KR-NP-XXL,SET034,1,Kurta Set,XXL,Pink,False,Low Stock,False,Valid SKU
SET034-KR-NP-XXXL,SET034,1,Kurta Set,XXXL,Pink,False,Low Stock,False,Valid SKU
SET035-KR-SP-M,SET035,1,Set,M,Grey,False,Low Stock,False,Valid SKU
SET035-KR-SP-S,SET035,4,Set,S,Grey,False,Low Stock,False,Valid SKU
SET035-KR-SP-XL,SET035,1,Set,XL,Grey,False,Low Stock,False,Valid SKU
SET035-KR-SP-XXXL,SET035,0,Set,XXXL,Grey,False,Out of Stock,False,Valid SKU
SET036-KR-NP-L,SET036,1,Kurta Set,L,Brown,False,Low Stock,False,Valid SKU
SET036-KR-NP-M,SET036,0,Kurta Set,M,Brown,False,Out of Stock,False,Valid SKU
SET036-KR-NP-S,SET036,0,Kurta Set,S,Brown,False,Out of Stock,False,Valid SKU
SET036-KR-NP-XL,SET036,0,Kurta Set,XL,Brown,False,Out of Stock,False,Valid SKU
SET036-KR-NP-XS,SET036,0,Kurta Set,XS,Brown,False,Out of Stock,False,Valid SKU
SET036-KR-NP-XXL,SET036,1,Kurta Set,XXL,Brown,False,Low Stock,False,Valid SKU
SET036-KR-NP-XXXL,SET036,0,Kurta Set,XXXL,Brown,False,Out of Stock,False,Valid SKU
SET037-KR-NP-L,SET037,11,Kurta Set,L,Peach,False,In Stock,False,Valid SKU
SET037-KR-NP-M,SET037,8,Kurta Set,M,Peach,False,In Stock,False,Valid SKU
SET037-KR-NP-S,SET037,11,Kurta Set,S,Peach,False,In Stock,False,Valid SKU
SET037-KR-NP-XL,SET037,5,Kurta Set,XL,Peach,False,Low Stock,False,Valid SKU
SET037-KR-NP-XS,SET037,10,Kurta Set,XS,Peach,False,In Stock,False,Valid SKU
SET037-KR-NP-XXL,SET037,7,Kurta Set,XXL,Peach,False,In Stock,False,Valid SKU
SET037-KR-NP-XXXL,SET037,4,Kurta Set,XXXL,Peach,False,Low Stock,False,Valid SKU
SET038-KR-PP-L,SET038,49,Kurta Set,L,Red,False,In Stock,False,Valid SKU
SET038-KR-PP-M,SET038,15,Kurta Set,M,Red,False,In Stock,False,Valid SKU
SET038-KR-PP-S,SET038,93,Kurta Set,S,Red,False,In Stock,False,Valid SKU
SET038-KR-PP-XL,SET038,5,Kurta Set,XL,Red,False,Low Stock,False,Valid SKU
SET038-KR-PP-XS,SET038,65,Kurta Set,XS,Red,False,In Stock,False,Valid SKU
SET038-KR-PP-XXL,SET038,37,Kurta Set,XXL,Red,False,In Stock,False,Valid SKU
SET038-KR-PP-XXXL,SET038,1,Kurta Set,XXXL,Red,False,Low Stock,False,Valid SKU
SET043-KR-NP-L,SET043,58,Kurta Set,L,Turquoise Blue,False,In Stock,False,Valid SKU
SET043-KR-NP-M,SET043,94,Kurta Set,M,Turquoise Blue,False,In Stock,False,Valid SKU
SET043-KR-NP-S,SET043,232,Kurta Set,S,Turquoise Blue,False,In Stock,False,Valid SKU
SET043-KR-NP-XL,SET043,115,Kurta Set,XL,Turquoise Blue,False,In Stock,False,Valid SKU
SET043-KR-NP-XS,SET043,141,Kurta Set,XS,Turquoise Blue,False,In Stock,False,Valid SKU
SET043-KR-NP-XXL,SET043,60,Kurta Set,XXL,Turquoise Blue,False,In Stock,False,Valid SKU
SET043-KR-NP-XXXL,SET043,18,Kurta Set,XXXL,Turquoise Blue,False,In Stock,False,Valid SKU
SET044-KR-NP-L,SET044,19,Kurta Set,L,Mustard,False,In Stock,False,Valid SKU
SET044-KR-NP-M,SET044,8,Kurta Set,M,Mustard,False,In Stock,False,Valid SKU
SET044-KR-NP-S,SET044,9,Kurta Set,S,Mustard,False,In Stock,False,Valid SKU
SET044-KR-NP-XL,SET044,1,Kurta Set,XL,Mustard,False,Low Stock,False,Valid SKU
SET044-KR-NP-XS,SET044,14,Kurta Set,XS,Mustard,False,In Stock,False,Valid SKU
SET044-KR-NP-XXL,SET044,2,Kurta Set,XXL,Mustard,False,Low Stock,False,Valid SKU
SET044-KR-NP-XXXL,SET044,3,Kurta Set,XXXL,Mustard,False,Low Stock,False,Valid SKU
SET048-KR-NP-L,SET048,11,Kurta Set,L,Dark Green,False,In Stock,False,Valid SKU
SET048-KR-NP-M,SET048,7,Kurta Set,M,Dark Green,False,In Stock,False,Valid SKU
SET048-KR-NP-S,SET048,7,Kurta Set,S,Dark Green,False,In Stock,False,Valid SKU
SET048-KR-NP-XL,SET048,5,Kurta Set,XL,Dark Green,False,Low Stock,False,Valid SKU
SET048-KR-NP-XS,SET048,2,Kurta Set,XS,Dark Green,False,Low Stock,False,Valid SKU
SET048-KR-NP-XXL,SET048,7,Kurta Set,XXL,Dark Green,False,In Stock,False,Valid SKU
SET048-KR-NP-XXXL,SET048,1,Kurta Set,XXXL,Dark Green,False,Low Stock,False,Valid SKU
SET051-KR-NP-L,SET051,0,Kurta Set,L,Yellow,False,Out of Stock,False,Valid SKU
SET051-KR-NP-M,SET051,1,Kurta Set,M,Yellow,False,Low Stock,False,Valid SKU
SET051-KR-NP-S,SET051,0,Kurta Set,S,Yellow,False,Out of Stock,False,Valid SKU
SET051-KR-NP-XS,SET051,1,Kurta Set,XS,Yellow,False,Low Stock,False,Valid SKU
SET051-KR-NP-XXL,SET051,1,Kurta Set,XXL,Yellow,False,Low Stock,False,Valid SKU
SET051-KR-NP-XXXL,SET051,1,Kurta Set,XXXL,Yellow,False,Low Stock,False,Valid SKU
SET053-KR-NP-L,SET053,1,Kurta Set,L,Black,False,Low Stock,False,Valid SKU
SET053-KR-NP-M,SET053,2,Kurta Set,M,Black,False,Low Stock,False,Valid SKU
SET053-KR-NP-S,SET053,13,Kurta Set,S,Black,False,In Stock,False,Valid SKU
SET053-KR-NP-XL,SET053,4,Kurta Set,XL,Black,False,Low Stock,False,Valid SKU
SET053-KR-NP-XS,SET053,8,Kurta Set,XS,Black,False,In Stock,False,Valid SKU
SET053-KR-NP-XXL,SET053,6,Kurta Set,XXL,Black,False,In Stock,False,Valid SKU
SET053-KR-NP-XXXL,SET053,2,Kurta Set,XXXL,Black,False,Low Stock,False,Valid SKU
SET055-KR-NP-L,SET055,11,Kurta Set,L,Pink,False,In Stock,False,Valid SKU
SET055-KR-NP-M,SET055,9,Kurta Set,M,Pink,False,In Stock,False,Valid SKU
SET055-KR-NP-S,SET055,5,Kurta Set,S,Pink,False,Low Stock,False,Valid SKU
SET055-KR-NP-XL,SET055,68,Kurta Set,XL,Pink,False,In Stock,False,Valid SKU
SET055-KR-NP-XS,SET055,15,Kurta Set,XS,Pink,False,In Stock,False,Valid SKU
SET055-KR-NP-XXL,SET055,98,Kurta Set,XXL,Pink,False,In Stock,False,Valid SKU
SET055-KR-NP-XXXL,SET055,69,Kurta Set,XXXL,Pink,False,In Stock,False,Valid SKU
,SET058,1,Kurta Set,4XL,Teal,True,Low Stock,False,Missing / Invalid SKU
SET058-KR-NP-L,SET058,9,Kurta Set,L,Teal,False,In Stock,False,Valid SKU
SET058-KR-NP-M,SET058,3,Kurta Set,M,Teal,False,Low Stock,False,Valid SKU
SET058-KR-NP-S,SET058,326,Kurta Set,S,Teal,False,In Stock,False,Valid SKU
SET058-KR-NP-XL,SET058,14,Kurta Set,XL,Teal,False,In Stock,False,Valid SKU
SET058-KR-NP-XS,SET058,696,Kurta Set,XS,Teal,False,In Stock,False,Valid SKU
SET058-KR-NP-XXL,SET058,33,Kurta Set,XXL,Teal,False,In Stock,False,Valid SKU
SET058-KR-NP-XXXL,SET058,65,Kurta Set,XXXL,Teal,False,In Stock,False,Valid SKU
SET062-KR-SP-L,SET062,0,Kurta Set,L,Black,False,Out of Stock,False,Valid SKU
SET062-KR-SP-M,SET062,3,Kurta Set,M,Black,False,Low Stock,False,Valid SKU
SET062-KR-SP-S,SET062,3,Kurta Set,S,Black,False,Low Stock,False,Valid SKU
SET062-KR-SP-XL,SET062,11,Kurta Set,XL,Black,False,In Stock,False,Valid SKU
SET062-KR-SP-XS,SET062,1,Kurta Set,XS,Black,False,Low Stock,False,Valid SKU
SET062-KR-SP-XXL,SET062,54,Kurta Set,XXL,Black,False,In Stock,False,Valid SKU
SET062-KR-SP-XXXL,SET062,2,Kurta Set,XXXL,Black,False,Low Stock,False,Valid SKU
SET070-KR-NP-S,SET070,1,Set,S,Maroon,False,Low Stock,False,Valid SKU
SET070-KR-NP-XS,SET070,3,Set,XS,Maroon,False,Low Stock,False,Valid SKU
SET072-KR-SHA-L,SET072,1,Kurta Set,L,Brown,False,Low Stock,False,Valid SKU
SET072-KR-SHA-M,SET072,0,Kurta Set,M,Brown,False,Out of Stock,False,Valid SKU
SET072-KR-SHA-S,SET072,0,Kurta Set,S,Brown,False,Out of Stock,False,Valid SKU
SET072-KR-SHA-XL,SET072,0,Kurta Set,XL,Brown,False,Out of Stock,False,Valid SKU
SET072-KR-SHA-XS,SET072,0,Kurta Set,XS,Brown,False,Out of Stock,False,Valid SKU
SET072-KR-SHA-XXL,SET072,0,Kurta Set,XXL,Brown,False,Out of Stock,False,Valid SKU
SET072-KR-SHA-XXXL,SET072,0,Kurta Set,XXXL,Brown,False,Out of Stock,False,Valid SKU
SET073-KR-SHA-L,SET073,113,Kurta Set,L,Dark Green,False,In Stock,False,Valid SKU
SET073-KR-SHA-M,SET073,250,Kurta Set,M,Dark Green,False,In Stock,False,Valid SKU
SET073-KR-SHA-S,SET073,249,Kurta Set,S,Dark Green,False,In Stock,False,Valid SKU
SET073-KR-SHA-XL,SET073,216,Kurta Set,XL,Dark Green,False,In Stock,False,Valid SKU
SET073-KR-SHA-XS,SET073,289,Kurta Set,XS,Dark Green,False,In Stock,False,Valid SKU
SET073-KR-SHA-XXL,SET073,23,Kurta Set,XXL,Dark Green,False,In Stock,False,Valid SKU
SET073-KR-SHA-XXXL,SET073,136,Kurta Set,XXXL,Dark Green,False,In Stock,False,Valid SKU
SET075-KR-DH-L,SET075,0,Kurta Set,L,Pink,False,Out of Stock,False,Valid SKU
SET075-KR-DH-M,SET075,2,Kurta Set,M,Pink,False,Low Stock,False,Valid SKU
SET075-KR-DH-S,SET075,5,Kurta Set,S,Pink,False,Low Stock,False,Valid SKU
SET075-KR-DH-XL,SET075,1,Kurta Set,XL,Pink,False,Low Stock,False,Valid SKU
SET075-KR-DH-XS,SET075,2,Kurta Set,XS,Pink,False,Low Stock,False,Valid SKU
SET075-KR-DH-XXL,SET075,0,Kurta Set,XXL,Pink,False,Out of Stock,False,Valid SKU
SET075-KR-DH-XXXL,SET075,1,Kurta Set,XXXL,Pink,False,Low Stock,False,Valid SKU
SET078-KR-NP-L,SET078,0,Set,L,Multicolor,False,Out of Stock,False,Valid SKU
SET078-KR-NP-M,SET078,0,Set,M,Multicolor,False,Out of Stock,False,Valid SKU
SET078-KR-NP-S,SET078,3,Set,S,Multicolor,False,Low Stock,False,Valid SKU
SET078-KR-NP-XS,SET078,1,Set,XS,Multicolor,False,Low Stock,False,Valid SKU
SET078-KR-NP-XXXL,SET078,0,Set,XXXL,Multicolor,False,Out of Stock,False,Valid SKU
SET083-KR-PP-L,SET083,2,Kurta Set,L,Navy Blue,False,Low Stock,False,Valid SKU
SET083-KR-PP-M,SET083,0,Kurta Set,M,Navy Blue,False,Out of Stock,False,Valid SKU
SET083-KR-PP-S,SET083,6,Kurta Set,S,Navy Blue,False,In Stock,False,Valid SKU
SET083-KR-PP-XL,SET083,1,Kurta Set,XL,Navy Blue,False,Low Stock,False,Valid SKU
SET083-KR-PP-XS,SET083,36,Kurta Set,XS,Navy Blue,False,In Stock,False,Valid SKU
SET083-KR-PP-XXL,SET083,2,Kurta Set,XXL,Navy Blue,False,Low Stock,False,Valid SKU
SET083-KR-PP-XXXL,SET083,0,Kurta Set,XXXL,Navy Blue,False,Out of Stock,False,Valid SKU
SET085-KR-PT-L,SET085,0,Kurta Set,L,Sea Green,False,Out of Stock,False,Valid SKU
SET085-KR-PT-M,SET085,0,Kurta Set,M,Sea Green,False,Out of Stock,False,Valid SKU
SET085-KR-PT-S,SET085,0,Kurta Set,S,Sea Green,False,Out of Stock,False,Valid SKU
SET085-KR-PT-XL,SET085,0,Kurta Set,XL,Sea Green,False,Out of Stock,False,Valid SKU
SET085-KR-PT-XS,SET085,2,Kurta Set,XS,Sea Green,False,Low Stock,False,Valid SKU
SET085-KR-PT-XXL,SET085,0,Kurta Set,XXL,Sea Green,False,Out of Stock,False,Valid SKU
SET085-KR-PT-XXXL,SET085,0,Kurta Set,XXXL,Sea Green,False,Out of Stock,False,Valid SKU
SET087-KR-PP-L,SET087,3,Kurta Set,L,Grey,False,Low Stock,False,Valid SKU
SET087-KR-PP-M,SET087,4,Kurta Set,M,Grey,False,Low Stock,False,Valid SKU
SET087-KR-PP-S,SET087,30,Kurta Set,S,Grey,False,In Stock,False,Valid SKU
SET087-KR-PP-XL,SET087,2,Kurta Set,XL,Grey,False,Low Stock,False,Valid SKU
SET087-KR-PP-XS,SET087,4,Kurta Set,XS,Grey,False,Low Stock,False,Valid SKU
SET087-KR-PP-XXL,SET087,9,Kurta Set,XXL,Grey,False,In Stock,False,Valid SKU
SET087-KR-PP-XXXL,SET087,3,Kurta Set,XXXL,Grey,False,Low Stock,False,Valid SKU
SET091-KR-NP-L,SET091,1,Set,L,Beige,False,Low Stock,False,Valid SKU
SET091-KR-NP-M,SET091,1,Set,M,Beige,False,Low Stock,False,Valid SKU
SET091-KR-NP-S,SET091,3,Set,S,Beige,False,Low Stock,False,Valid SKU
SET091-KR-NP-XL,SET091,1,Set,XL,Beige,False,Low Stock,False,Valid SKU
SET091-KR-NP-XS,SET091,5,Set,XS,Beige,False,Low Stock,False,Valid SKU
SET091-KR-NP-XXL,SET091,1,Set,XXL,Beige,False,Low Stock,False,Valid SKU
SET091-KR-NP-XXXL,SET091,0,Set,XXXL,Beige,False,Out of Stock,False,Valid SKU
SET094-KR-NP-L,SET094,9,Kurta Set,L,Turquoise Green,False,In Stock,False,Valid SKU
SET094-KR-NP-M,SET094,10,Kurta Set,M,Turquoise Green,False,In Stock,False,Valid SKU
SET094-KR-NP-S,SET094,13,Kurta Set,S,Turquoise Green,False,In Stock,False,Valid SKU
SET094-KR-NP-XL,SET094,41,Kurta Set,XL,Turquoise Green,False,In Stock,False,Valid SKU
SET094-KR-NP-XS,SET094,2,Kurta Set,XS,Turquoise Green,False,Low Stock,False,Valid SKU
SET094-KR-NP-XXL,SET094,58,Kurta Set,XXL,Turquoise Green,False,In Stock,False,Valid SKU
SET094-KR-NP-XXXL,SET094,8,Kurta Set,XXXL,Turquoise Green,False,In Stock,False,Valid SKU
SET097-KR-PP-L,SET097,13,Kurta Set,L,Mustard,False,In Stock,False,Valid SKU
SET097-KR-PP-M,SET097,30,Kurta Set,M,Mustard,False,In Stock,False,Valid SKU
SET097-KR-PP-S,SET097,17,Kurta Set,S,Mustard,False,In Stock,False,Valid SKU
SET097-KR-PP-XL,SET097,25,Kurta Set,XL,Mustard,False,In Stock,False,Valid SKU
SET097-KR-PP-XS,SET097,57,Kurta Set,XS,Mustard,False,In Stock,False,Valid SKU
SET097-KR-PP-XXL,SET097,1,Kurta Set,XXL,Mustard,False,Low Stock,False,Valid SKU
SET097-KR-PP-XXXL,SET097,6,Kurta Set,XXXL,Mustard,False,In Stock,False,Valid SKU
SET098-KR-PP-L,SET098,66,Kurta Set,L,Navy Blue,False,In Stock,False,Valid SKU
SET098-KR-PP-M,SET098,163,Kurta Set,M,Navy Blue,False,In Stock,False,Valid SKU
SET098-KR-PP-S,SET098,53,Kurta Set,S,Navy Blue,False,In Stock,False,Valid SKU
SET098-KR-PP-XL,SET098,50,Kurta Set,XL,Navy Blue,False,In Stock,False,Valid SKU
SET098-KR-PP-XS,SET098,132,Kurta Set,XS,Navy Blue,False,In Stock,False,Valid SKU
SET098-KR-PP-XXL,SET098,16,Kurta Set,XXL,Navy Blue,False,In Stock,False,Valid SKU
SET098-KR-PP-XXXL,SET098,25,Kurta Set,XXXL,Navy Blue,False,In Stock,False,Valid SKU
SET100-KR-PP-L,SET100,3,Kurta Set,L,Light Green,False,Low Stock,False,Valid SKU
SET100-KR-PP-M,SET100,3,Kurta Set,M,Light Green,False,Low Stock,False,Valid SKU
SET100-KR-PP-S,SET100,22,Kurta Set,S,Light Green,False,In Stock,False,Valid SKU
SET100-KR-PP-XL,SET100,2,Kurta Set,XL,Light Green,False,Low Stock,False,Valid SKU
SET100-KR-PP-XS,SET100,40,Kurta Set,XS,Light Green,False,In Stock,False,Valid SKU
SET100-KR-PP-XXL,SET100,2,Kurta Set,XXL,Light Green,False,Low Stock,False,Valid SKU
SET100-KR-PP-XXXL,SET100,0,Kurta Set,XXXL,Light Green,False,Out of Stock,False,Valid SKU
SET102-KR-PP-L,SET102,1,Set,L,Navy Blue,False,Low Stock,False,Valid SKU
SET102-KR-PP-S,SET102,0,Set,S,Navy Blue,False,Out of Stock,False,Valid SKU
SET102-KR-PP-XL,SET102,1,Set,XL,Navy Blue,False,Low Stock,False,Valid SKU
SET102-KR-PP-XXL,SET102,2,Set,XXL,Navy Blue,False,Low Stock,False,Valid SKU
SET102-KR-PP-XXXL,SET102,1,Set,XXXL,Navy Blue,False,Low Stock,False,Valid SKU
SET110-KR-PP-L,SET110,5,Kurta Set,L,Black,False,Low Stock,False,Valid SKU
SET110-KR-PP-M,SET110,9,Kurta Set,M,Black,False,In Stock,False,Valid SKU
SET110-KR-PP-S,SET110,37,Kurta Set,S,Black,False,In Stock,False,Valid SKU
SET110-KR-PP-XL,SET110,2,Kurta Set,XL,Black,False,Low Stock,False,Valid SKU
SET110-KR-PP-XS,SET110,47,Kurta Set,XS,Black,False,In Stock,False,Valid SKU
SET110-KR-PP-XXL,SET110,9,Kurta Set,XXL,Black,False,In Stock,False,Valid SKU
SET110-KR-PP-XXXL,SET110,44,Kurta Set,XXXL,Black,False,In Stock,False,Valid SKU
,SET111,0,Unknown,M,Unknown,True,Out of Stock,False,Missing / Invalid SKU
,SET111,0,Unknown,XXXL,Unknown,True,Out of Stock,False,Missing / Invalid SKU
SET116-KR-NP-L,SET116,3,Kurta Set,L,Yellow,False,Low Stock,False,Valid SKU
SET116-KR-NP-M,SET116,0,Kurta Set,M,Yellow,False,Out of Stock,False,Valid SKU
SET116-KR-NP-S,SET116,4,Kurta Set,S,Yellow,False,Low Stock,False,Valid SKU
SET116-KR-NP-XL,SET116,3,Kurta Set,XL,Yellow,False,Low Stock,False,Valid SKU
SET116-KR-NP-XS,SET116,5,Kurta Set,XS,Yellow,False,Low Stock,False,Valid SKU
SET116-KR-NP-XXL,SET116,5,Kurta Set,XXL,Yellow,False,Low Stock,False,Valid SKU
SET116-KR-NP-XXXL,SET116,6,Kurta Set,XXXL,Yellow,False,In Stock,False,Valid SKU
SET117-KR-NP-XS,SET117,1,Set,XS,Blue,False,Low Stock,False,Valid SKU
SET121-KR-NP-L,SET121,0,Set,L,Blue,False,Out of Stock,False,Valid SKU
SET121-KR-NP-M,SET121,0,Set,M,Blue,False,Out of Stock,False,Valid SKU
SET121-KR-NP-S,SET121,0,Set,S,Blue,False,Out of Stock,False,Valid SKU
SET121-KR-NP-XL,SET121,0,Set,XL,Blue,False,Out of Stock,False,Valid SKU
SET121-KR-NP-XS,SET121,0,Set,XS,Blue,False,Out of Stock,False,Valid SKU
SET121-KR-NP-XXL,SET121,0,Set,XXL,Blue,False,Out of Stock,False,Valid SKU
SET121-KR-NP-XXXL,SET121,0,Set,XXXL,Blue,False,Out of Stock,False,Valid SKU
SET128-KR-DH-L,SET128,16,Set,L,Beige,False,In Stock,False,Valid SKU
SET128-KR-DH-M,SET128,10,Set,M,Beige,False,In Stock,False,Valid SKU
SET128-KR-DH-S,SET128,48,Set,S,Beige,False,In Stock,False,Valid SKU
SET128-KR-DH-XL,SET128,4,Set,XL,Beige,False,Low Stock,False,Valid SKU
SET128-KR-DH-XS,SET128,63,Set,XS,Beige,False,In Stock,False,Valid SKU
SET128-KR-DH-XXL,SET128,10,Set,XXL,Beige,False,In Stock,False,Valid SKU
SET128-KR-DH-XXXL,SET128,18,Set,XXXL,Beige,False,In Stock,False,Valid SKU
SET130-KR-NP-L,SET130,3,Kurta Set,L,Magenta,False,Low Stock,False,Valid SKU
SET130-KR-NP-M,SET130,77,Kurta Set,M,Magenta,False,In Stock,False,Valid SKU
SET130-KR-NP-S,SET130,43,Kurta Set,S,Magenta,False,In Stock,False,Valid SKU
SET130-KR-NP-XL,SET130,41,Kurta Set,XL,Magenta,False,In Stock,False,Valid SKU
SET130-KR-NP-XS,SET130,46,Kurta Set,XS,Magenta,False,In Stock,False,Valid SKU
SET130-KR-NP-XXL,SET130,10,Kurta Set,XXL,Magenta,False,In Stock,False,Valid SKU
SET130-KR-NP-XXXL,SET130,7,Kurta Set,XXXL,Magenta,False,In Stock,False,Valid SKU
SET131-KR-NP-L,SET131,5,Kurta Set,L,Blue,False,Low Stock,False,Valid SKU
SET131-KR-NP-M,SET131,4,Kurta Set,M,Blue,False,Low Stock,False,Valid SKU
SET131-KR-NP-S,SET131,10,Kurta Set,S,Blue,False,In Stock,False,Valid SKU
SET131-KR-NP-XL,SET131,12,Kurta Set,XL,Blue,False,In Stock,False,Valid SKU
SET131-KR-NP-XS,SET131,114,Kurta Set,XS,Blue,False,In Stock,False,Valid SKU
SET131-KR-NP-XXL,SET131,5,Kurta Set,XXL,Blue,False,Low Stock,False,Valid SKU
SET131-KR-NP-XXXL,SET131,10,Kurta Set,XXXL,Blue,False,In Stock,False,Valid SKU
SET132-KR-NP-L,SET132,3,Kurta Set,L,Light Green,False,Low Stock,False,Valid SKU
SET132-KR-NP-M,SET132,8,Kurta Set,M,Light Green,False,In Stock,False,Valid SKU
SET132-KR-NP-S,SET132,38,Kurta Set,S,Light Green,False,In Stock,False,Valid SKU
SET132-KR-NP-XL,SET132,4,Kurta Set,XL,Light Green,False,Low Stock,False,Valid SKU
SET132-KR-NP-XS,SET132,23,Kurta Set,XS,Light Green,False,In Stock,False,Valid SKU
SET132-KR-NP-XXL,SET132,10,Kurta Set,XXL,Light Green,False,In Stock,False,Valid SKU
SET132-KR-NP-XXXL,SET132,3,Kurta Set,XXXL,Light Green,False,Low Stock,False,Valid SKU
SET135-KR-PP-L,SET135,2,Set,L,Navy Blue,False,Low Stock,False,Valid SKU
SET135-KR-PP-M,SET135,0,Set,M,Navy Blue,False,Out of Stock,False,Valid SKU
SET135-KR-PP-XL,SET135,1,Set,XL,Navy Blue,False,Low Stock,False,Valid SKU
SET135-KR-PP-XS,SET135,3,Set,XS,Navy Blue,False,Low Stock,False,Valid SKU
SET135-KR-PP-XXXL,SET135,3,Set,XXXL,Navy Blue,False,Low Stock,False,Valid SKU
SET138-KR-PP-L,SET138,1,Kurta Set,L,Pink,False,Low Stock,False,Valid SKU
SET138-KR-PP-M,SET138,2,Kurta Set,M,Pink,False,Low Stock,False,Valid SKU
SET138-KR-PP-S,SET138,4,Kurta Set,S,Pink,False,Low Stock,False,Valid SKU
SET138-KR-PP-XL,SET138,2,Kurta Set,XL,Pink,False,Low Stock,False,Valid SKU
SET138-KR-PP-XS,SET138,6,Kurta Set,XS,Pink,False,In Stock,False,Valid SKU
SET138-KR-PP-XXL,SET138,3,Kurta Set,XXL,Pink,False,Low Stock,False,Valid SKU
SET138-KR-PP-XXXL,SET138,2,Kurta Set,XXXL,Pink,False,Low Stock,False,Valid SKU
SET139-KR-PP-L,SET139,0,Set,L,Maroon,False,Out of Stock,False,Valid SKU
SET139-KR-PP-M,SET139,1,Set,M,Maroon,False,Low Stock,False,Valid SKU
SET139-KR-PP-S,SET139,0,Set,S,Maroon,False,Out of Stock,False,Valid SKU
SET139-KR-PP-XL,SET139,0,Set,XL,Maroon,False,Out of Stock,False,Valid SKU
SET139-KR-PP-XS,SET139,1,Set,XS,Maroon,False,Low Stock,False,Valid SKU
SET139-KR-PP-XXL,SET139,0,Set,XXL,Maroon,False,Out of Stock,False,Valid SKU
SET139-KR-PP-XXXL,SET139,0,Set,XXXL,Maroon,False,Out of Stock,False,Valid SKU
SET143-KR-PP-L,SET143,0,Set,L,Red,False,Out of Stock,False,Valid SKU
SET143-KR-PP-M,SET143,3,Set,M,Red,False,Low Stock,False,Valid SKU
SET143-KR-PP-S,SET143,2,Set,S,Red,False,Low Stock,False,Valid SKU
SET143-KR-PP-XL,SET143,1,Set,XL,Red,False,Low Stock,False,Valid SKU
SET143-KR-PP-XS,SET143,2,Set,XS,Red,False,Low Stock,False,Valid SKU
SET143-KR-PP-XXL,SET143,0,Set,XXL,Red,False,Out of Stock,False,Valid SKU
SET143-KR-PP-XXXL,SET143,0,Set,XXXL,Red,False,Out of Stock,False,Valid SKU
SET144-KR-NP-L,SET144,51,Kurta Set,L,Pink,False,In Stock,False,Valid SKU
SET144-KR-NP-M,SET144,51,Kurta Set,M,Pink,False,In Stock,False,Valid SKU
SET144-KR-NP-S,SET144,61,Kurta Set,S,Pink,False,In Stock,False,Valid SKU
SET144-KR-NP-XL,SET144,48,Kurta Set,XL,Pink,False,In Stock,False,Valid SKU
SET144-KR-NP-XS,SET144,19,Kurta Set,XS,Pink,False,In Stock,False,Valid SKU
SET144-KR-NP-XXL,SET144,23,Kurta Set,XXL,Pink,False,In Stock,False,Valid SKU
SET144-KR-NP-XXXL,SET144,33,Kurta Set,XXXL,Pink,False,In Stock,False,Valid SKU
SET145-KR-NP-L,SET145,4,Kurta Set,L,Blue,False,Low Stock,False,Valid SKU
SET145-KR-NP-M,SET145,3,Kurta Set,M,Blue,False,Low Stock,False,Valid SKU
SET145-KR-NP-S,SET145,5,Kurta Set,S,Blue,False,Low Stock,False,Valid SKU
SET145-KR-NP-XL,SET145,5,Kurta Set,XL,Blue,False,Low Stock,False,Valid SKU
SET145-KR-NP-XS,SET145,7,Kurta Set,XS,Blue,False,In Stock,False,Valid SKU
SET145-KR-NP-XXL,SET145,3,Kurta Set,XXL,Blue,False,Low Stock,False,Valid SKU
SET145-KR-NP-XXXL,SET145,3,Kurta Set,XXXL,Blue,False,Low Stock,False,Valid SKU
SET147-KR-NP-L,SET147,0,Kurta Set,L,Navy Blue,False,Out of Stock,False,Valid SKU
SET147-KR-NP-M,SET147,1,Kurta Set,M,Navy Blue,False,Low Stock,False,Valid SKU
SET147-KR-NP-S,SET147,0,Kurta Set,S,Navy Blue,False,Out of Stock,False,Valid SKU
SET147-KR-NP-XL,SET147,1,Kurta Set,XL,Navy Blue,False,Low Stock,False,Valid SKU
SET147-KR-NP-XS,SET147,2,Kurta Set,XS,Navy Blue,False,Low Stock,False,Valid SKU
SET147-KR-NP-XXL,SET147,0,Kurta Set,XXL,Navy Blue,False,Out of Stock,False,Valid SKU
SET147-KR-NP-XXXL,SET147,3,Kurta Set,XXXL,Navy Blue,False,Low Stock,False,Valid SKU
SET152-KR-NP-L,SET152,0,Set,L,Orange,False,Out of Stock,False,Valid SKU
SET152-KR-NP-M,SET152,0,Set,M,Orange,False,Out of Stock,False,Valid SKU
SET152-KR-NP-S,SET152,0,Set,S,Orange,False,Out of Stock,False,Valid SKU
SET152-KR-NP-XL,SET152,0,Set,XL,Orange,False,Out of Stock,False,Valid SKU
SET152-KR-NP-XS,SET152,3,Set,XS,Orange,False,Low Stock,False,Valid SKU
SET152-KR-NP-XXL,SET152,0,Set,XXL,Orange,False,Out of Stock,False,Valid SKU
SET152-KR-NP-XXXL,SET152,0,Set,XXXL,Orange,False,Out of Stock,False,Valid SKU
SET153-KR-NP-L,SET153,0,Set,L,Black,False,Out of Stock,False,Valid SKU
SET153-KR-NP-M,SET153,1,Set,M,Black,False,Low Stock,False,Valid SKU
SET153-KR-NP-S,SET153,0,Set,S,Black,False,Out of Stock,False,Valid SKU
SET153-KR-NP-XL,SET153,1,Set,XL,Black,False,Low Stock,False,Valid SKU
SET153-KR-NP-XS,SET153,3,Set,XS,Black,False,Low Stock,False,Valid SKU
SET153-KR-NP-XXL,SET153,0,Set,XXL,Black,False,Out of Stock,False,Valid SKU
SET153-KR-NP-XXXL,SET153,0,Set,XXXL,Black,False,Out of Stock,False,Valid SKU
SET154-KR-NP-L,SET154,20,Kurta Set,L,Blue,False,In Stock,False,Valid SKU
SET154-KR-NP-M,SET154,38,Kurta Set,M,Blue,False,In Stock,False,Valid SKU
SET154-KR-NP-S,SET154,16,Kurta Set,S,Blue,False,In Stock,False,Valid SKU
SET154-KR-NP-XL,SET154,19,Kurta Set,XL,Blue,False,In Stock,False,Valid SKU
SET154-KR-NP-XS,SET154,22,Kurta Set,XS,Blue,False,In Stock,False,Valid SKU
SET154-KR-NP-XXL,SET154,3,Kurta Set,XXL,Blue,False,Low Stock,False,Valid SKU
SET154-KR-NP-XXXL,SET154,4,Kurta Set,XXXL,Blue,False,Low Stock,False,Valid SKU
SET155-KR-PP-L,SET155,0,Kurta Set,L,Grey,False,Out of Stock,False,Valid SKU
SET155-KR-PP-M,SET155,1,Kurta Set,M,Grey,False,Low Stock,False,Valid SKU
SET155-KR-PP-S,SET155,1,Kurta Set,S,Grey,False,Low Stock,False,Valid SKU
SET155-KR-PP-XL,SET155,1,Kurta Set,XL,Grey,False,Low Stock,False,Valid SKU
SET155-KR-PP-XS,SET155,2,Kurta Set,XS,Grey,False,Low Stock,False,Valid SKU
SET155-KR-PP-XXL,SET155,0,Kurta Set,XXL,Grey,False,Out of Stock,False,Valid SKU
SET155-KR-PP-XXXL,SET155,0,Kurta Set,XXXL,Grey,False,Out of Stock,False,Valid SKU
SET156-KR-NP-L,SET156,10,Kurta Set,L,Yellow,False,In Stock,False,Valid SKU
SET156-KR-NP-M,SET156,9,Kurta Set,M,Yellow,False,In Stock,False,Valid SKU
SET156-KR-NP-S,SET156,21,Kurta Set,S,Yellow,False,In Stock,False,Valid SKU
SET156-KR-NP-XL,SET156,14,Kurta Set,XL,Yellow,False,In Stock,False,Valid SKU
SET156-KR-NP-XS,SET156,9,Kurta Set,XS,Yellow,False,In Stock,False,Valid SKU
SET156-KR-NP-XXL,SET156,25,Kurta Set,XXL,Yellow,False,In Stock,False,Valid SKU
SET156-KR-NP-XXXL,SET156,14,Kurta Set,XXXL,Yellow,False,In Stock,False,Valid SKU
SET158-KR-PP-L,SET158,28,Kurta Set,L,Mustard,False,In Stock,False,Valid SKU
SET158-KR-PP-M,SET158,35,Kurta Set,M,Mustard,False,In Stock,False,Valid SKU
SET158-KR-PP-S,SET158,52,Kurta Set,S,Mustard,False,In Stock,False,Valid SKU
SET158-KR-PP-XL,SET158,51,Kurta Set,XL,Mustard,False,In Stock,False,Valid SKU
SET158-KR-PP-XS,SET158,49,Kurta Set,XS,Mustard,False,In Stock,False,Valid SKU
SET158-KR-PP-XXL,SET158,71,Kurta Set,XXL,Mustard,False,In Stock,False,Valid SKU
SET158-KR-PP-XXXL,SET158,21,Kurta Set,XXXL,Mustard,False,In Stock,False,Valid SKU
SET159-KR-NP-L,SET159,1,Kurta Set,L,Beige,False,Low Stock,False,Valid SKU
SET159-KR-NP-M,SET159,1,Kurta Set,M,Beige,False,Low Stock,False,Valid SKU
SET159-KR-NP-S,SET159,0,Kurta Set,S,Beige,False,Out of Stock,False,Valid SKU
SET159-KR-NP-XL,SET159,1,Kurta Set,XL,Beige,False,Low Stock,False,Valid SKU
SET159-KR-NP-XS,SET159,0,Kurta Set,XS,Beige,False,Out of Stock,False,Valid SKU
SET159-KR-NP-XXL,SET159,0,Kurta Set,XXL,Beige,False,Out of Stock,False,Valid SKU
SET165-KR-PP-L,SET165,4,Kurta Set,L,Blue,False,Low Stock,False,Valid SKU
SET165-KR-PP-M,SET165,1,Kurta Set,M,Blue,False,Low Stock,False,Valid SKU
SET165-KR-PP-S,SET165,1,Kurta Set,S,Blue,False,Low Stock,False,Valid SKU
SET165-KR-PP-XL,SET165,4,Kurta Set,XL,Blue,False,Low Stock,False,Valid SKU
SET165-KR-PP-XS,SET165,8,Kurta Set,XS,Blue,False,In Stock,False,Valid SKU
SET165-KR-PP-XXL,SET165,7,Kurta Set,XXL,Blue,False,In Stock,False,Valid SKU
SET165-KR-PP-XXXL,SET165,0,Kurta Set,XXXL,Blue,False,Out of Stock,False,Valid SKU
SET171-KR-NP-L,SET171,6,Kurta Set,L,Cream,False,In Stock,False,Valid SKU
SET171-KR-NP-M,SET171,2,Kurta Set,M,Cream,False,Low Stock,False,Valid SKU
SET171-KR-NP-S,SET171,5,Kurta Set,S,Cream,False,Low Stock,False,Valid SKU
SET171-KR-NP-XL,SET171,4,Kurta Set,XL,Cream,False,Low Stock,False,Valid SKU
SET171-KR-NP-XS,SET171,52,Kurta Set,XS,Cream,False,In Stock,False,Valid SKU
SET171-KR-NP-XXL,SET171,1,Kurta Set,XXL,Cream,False,Low Stock,False,Valid SKU
SET171-KR-NP-XXXL,SET171,9,Kurta Set,XXXL,Cream,False,In Stock,False,Valid SKU
SET172-KR-PP-L,SET172,51,Kurta Set,L,Multicolor,False,In Stock,False,Valid SKU
SET172-KR-PP-M,SET172,59,Kurta Set,M,Multicolor,False,In Stock,False,Valid SKU
SET172-KR-PP-S,SET172,22,Kurta Set,S,Multicolor,False,In Stock,False,Valid SKU
SET172-KR-PP-XL,SET172,9,Kurta Set,XL,Multicolor,False,In Stock,False,Valid SKU
SET172-KR-PP-XS,SET172,28,Kurta Set,XS,Multicolor,False,In Stock,False,Valid SKU
SET172-KR-PP-XXL,SET172,65,Kurta Set,XXL,Multicolor,False,In Stock,False,Valid SKU
SET172-KR-PP-XXXL,SET172,104,Kurta Set,XXXL,Multicolor,False,In Stock,False,Valid SKU
SET179-KR-PP-L,SET179,0,Kurta Set,L,White,False,Out of Stock,False,Valid SKU
SET179-KR-PP-M,SET179,1,Kurta Set,M,White,False,Low Stock,False,Valid SKU
SET179-KR-PP-S,SET179,0,Kurta Set,S,White,False,Out of Stock,False,Valid SKU
SET179-KR-PP-XL,SET179,0,Kurta Set,XL,White,False,Out of Stock,False,Valid SKU
SET179-KR-PP-XS,SET179,6,Kurta Set,XS,White,False,In Stock,False,Valid SKU
SET179-KR-PP-XXL,SET179,1,Kurta Set,XXL,White,False,Low Stock,False,Valid SKU
SET179-KR-PP-XXXL,SET179,3,Kurta Set,XXXL,White,False,Low Stock,False,Valid SKU
SET182-KR-DH-L,SET182,18,Kurta Set,L,Black,False,In Stock,False,Valid SKU
SET182-KR-DH-M,SET182,4,Kurta Set,M,Black,False,Low Stock,False,Valid SKU
SET182-KR-DH-S,SET182,6,Kurta Set,S,Black,False,In Stock,False,Valid SKU
SET182-KR-DH-XL,SET182,44,Kurta Set,XL,Black,False,In Stock,False,Valid SKU
SET182-KR-DH-XS,SET182,109,Kurta Set,XS,Black,False,In Stock,False,Valid SKU
SET182-KR-DH-XXL,SET182,2,Kurta Set,XXL,Black,False,Low Stock,False,Valid SKU
SET182-KR-DH-XXXL,SET182,4,Kurta Set,XXXL,Black,False,Low Stock,False,Valid SKU
SET183-KR-DH-L,SET183,123,Kurta Set,L,Olive Green,False,In Stock,False,Valid SKU
SET183-KR-DH-M,SET183,73,Kurta Set,M,Olive Green,False,In Stock,False,Valid SKU
SET183-KR-DH-S,SET183,293,Kurta Set,S,Olive Green,False,In Stock,False,Valid SKU
SET183-KR-DH-XL,SET183,116,Kurta Set,XL,Olive Green,False,In Stock,False,Valid SKU
SET183-KR-DH-XS,SET183,45,Kurta Set,XS,Olive Green,False,In Stock,False,Valid SKU
SET183-KR-DH-XXL,SET183,52,Kurta Set,XXL,Olive Green,False,In Stock,False,Valid SKU
SET183-KR-DH-XXXL,SET183,26,Kurta Set,XXXL,Olive Green,False,In Stock,False,Valid SKU
SET184-KR-PP-L,SET184,11,Kurta Set,L,Teal,False,In Stock,False,Valid SKU
SET184-KR-PP-M,SET184,6,Kurta Set,M,Teal,False,In Stock,False,Valid SKU
SET184-KR-PP-S,SET184,10,Kurta Set,S,Teal,False,In Stock,False,Valid SKU
SET184-KR-PP-XL,SET184,11,Kurta Set,XL,Teal,False,In Stock,False,Valid SKU
SET184-KR-PP-XS,SET184,10,Kurta Set,XS,Teal,False,In Stock,False,Valid SKU
SET184-KR-PP-XXL,SET184,2,Kurta Set,XXL,Teal,False,Low Stock,False,Valid SKU
SET184-KR-PP-XXXL,SET184,4,Kurta Set,XXXL,Teal,False,Low Stock,False,Valid SKU
SET185-KR-NP-L,SET185,39,Kurta Set,L,Mustard,False,In Stock,False,Valid SKU
SET185-KR-NP-M,SET185,31,Kurta Set,M,Mustard,False,In Stock,False,Valid SKU
SET185-KR-NP-S,SET185,39,Kurta Set,S,Mustard,False,In Stock,False,Valid SKU
SET185-KR-NP-XL,SET185,42,Kurta Set,XL,Mustard,False,In Stock,False,Valid SKU
SET185-KR-NP-XS,SET185,26,Kurta Set,XS,Mustard,False,In Stock,False,Valid SKU
SET185-KR-NP-XXL,SET185,38,Kurta Set,XXL,Mustard,False,In Stock,False,Valid SKU
SET185-KR-NP-XXXL,SET185,7,Kurta Set,XXXL,Mustard,False,In Stock,False,Valid SKU
SET186-KR-DH-L,SET186,13,Kurta Set,L,Navy Blue,False,In Stock,False,Valid SKU
SET186-KR-DH-M,SET186,94,Kurta Set,M,Navy Blue,False,In Stock,False,Valid SKU
SET186-KR-DH-S,SET186,38,Kurta Set,S,Navy Blue,False,In Stock,False,Valid SKU
SET186-KR-DH-XL,SET186,38,Kurta Set,XL,Navy Blue,False,In Stock,False,Valid SKU
SET186-KR-DH-XS,SET186,108,Kurta Set,XS,Navy Blue,False,In Stock,False,Valid SKU
SET186-KR-DH-XXL,SET186,1,Kurta Set,XXL,Navy Blue,False,Low Stock,False,Valid SKU
SET186-KR-DH-XXXL,SET186,0,Kurta Set,XXXL,Navy Blue,False,Out of Stock,False,Valid SKU
SET187-KR-DH-L,SET187,113,Kurta Set,L,Peach,False,In Stock,False,Valid SKU
SET187-KR-DH-M,SET187,318,Kurta Set,M,Peach,False,In Stock,False,Valid SKU
SET187-KR-DH-S,SET187,136,Kurta Set,S,Peach,False,In Stock,False,Valid SKU
SET187-KR-DH-XL,SET187,71,Kurta Set,XL,Peach,False,In Stock,False,Valid SKU
SET187-KR-DH-XS,SET187,102,Kurta Set,XS,Peach,False,In Stock,False,Valid SKU
SET187-KR-DH-XXL,SET187,63,Kurta Set,XXL,Peach,False,In Stock,False,Valid SKU
SET187-KR-DH-XXXL,SET187,52,Kurta Set,XXXL,Peach,False,In Stock,False,Valid SKU
SET188-KR-NP-L,SET188,30,Kurta Set,L,Pink,False,In Stock,False,Valid SKU
SET188-KR-NP-M,SET188,85,Kurta Set,M,Pink,False,In Stock,False,Valid SKU
SET188-KR-NP-S,SET188,31,Kurta Set,S,Pink,False,In Stock,False,Valid SKU
SET188-KR-NP-XL,SET188,10,Kurta Set,XL,Pink,False,In Stock,False,Valid SKU
SET188-KR-NP-XS,SET188,106,Kurta Set,XS,Pink,False,In Stock,False,Valid SKU
SET188-KR-NP-XXL,SET188,13,Kurta Set,XXL,Pink,False,In Stock,False,Valid SKU
SET188-KR-NP-XXXL,SET188,58,Kurta Set,XXXL,Pink,False,In Stock,False,Valid SKU
SET191-KR-PP-L,SET191,1,Kurta Set,L,Navy Blue,False,Low Stock,False,Valid SKU
SET191-KR-PP-M,SET191,2,Kurta Set,M,Navy Blue,False,Low Stock,False,Valid SKU
SET191-KR-PP-S,SET191,3,Kurta Set,S,Navy Blue,False,Low Stock,False,Valid SKU
SET191-KR-PP-XL,SET191,3,Kurta Set,XL,Navy Blue,False,Low Stock,False,Valid SKU
SET191-KR-PP-XS,SET191,35,Kurta Set,XS,Navy Blue,False,In Stock,False,Valid SKU
SET191-KR-PP-XXL,SET191,2,Kurta Set,XXL,Navy Blue,False,Low Stock,False,Valid SKU
SET191-KR-PP-XXXL,SET191,1,Kurta Set,XXXL,Navy Blue,False,Low Stock,False,Valid SKU
SET192-KR-NP-L,SET192,3,Kurta Set,L,Teal,False,Low Stock,False,Valid SKU
SET192-KR-NP-M,SET192,6,Kurta Set,M,Teal,False,In Stock,False,Valid SKU
SET192-KR-NP-S,SET192,18,Kurta Set,S,Teal,False,In Stock,False,Valid SKU
SET192-KR-NP-XL,SET192,4,Kurta Set,XL,Teal,False,Low Stock,False,Valid SKU
SET192-KR-NP-XS,SET192,25,Kurta Set,XS,Teal,False,In Stock,False,Valid SKU
SET192-KR-NP-XXL,SET192,7,Kurta Set,XXL,Teal,False,In Stock,False,Valid SKU
SET192-KR-NP-XXXL,SET192,8,Kurta Set,XXXL,Teal,False,In Stock,False,Valid SKU
SET193-KR-NP-L,SET193,1,Kurta Set,L,Pink,False,Low Stock,False,Valid SKU
SET193-KR-NP-M,SET193,4,Kurta Set,M,Pink,False,Low Stock,False,Valid SKU
SET193-KR-NP-S,SET193,29,Kurta Set,S,Pink,False,In Stock,False,Valid SKU
SET193-KR-NP-XL,SET193,11,Kurta Set,XL,Pink,False,In Stock,False,Valid SKU
SET193-KR-NP-XS,SET193,10,Kurta Set,XS,Pink,False,In Stock,False,Valid SKU
SET193-KR-NP-XXL,SET193,32,Kurta Set,XXL,Pink,False,In Stock,False,Valid SKU
SET193-KR-NP-XXXL,SET193,42,Kurta Set,XXXL,Pink,False,In Stock,False,Valid SKU
SET194-KR-NP-L,SET194,84,Kurta Set,L,Mustard,False,In Stock,False,Valid SKU
SET194-KR-NP-M,SET194,96,Kurta Set,M,Mustard,False,In Stock,False,Valid SKU
SET194-KR-NP-S,SET194,53,Kurta Set,S,Mustard,False,In Stock,False,Valid SKU
SET194-KR-NP-XL,SET194,27,Kurta Set,XL,Mustard,False,In Stock,False,Valid SKU
SET194-KR-NP-XS,SET194,114,Kurta Set,XS,Mustard,False,In Stock,False,Valid SKU
SET194-KR-NP-XXL,SET194,167,Kurta Set,XXL,Mustard,False,In Stock,False,Valid SKU
SET194-KR-NP-XXXL,SET194,82,Kurta Set,XXXL,Mustard,False,In Stock,False,Valid SKU
SET195-KR-NP-L,SET195,8,Kurta Set,L,Beige,False,In Stock,False,Valid SKU
SET195-KR-NP-M,SET195,3,Kurta Set,M,Beige,False,Low Stock,False,Valid SKU
SET195-KR-NP-S,SET195,6,Kurta Set,S,Beige,False,In Stock,False,Valid SKU
SET195-KR-NP-XL,SET195,4,Kurta Set,XL,Beige,False,Low Stock,False,Valid SKU
SET195-KR-NP-XS,SET195,19,Kurta Set,XS,Beige,False,In Stock,False,Valid SKU
SET195-KR-NP-XXL,SET195,7,Kurta Set,XXL,Beige,False,In Stock,False,Valid SKU
SET195-KR-NP-XXXL,SET195,16,Kurta Set,XXXL,Beige,False,In Stock,False,Valid SKU
SET196-KR-NP-L,SET196,51,Kurta Set,L,Red,False,In Stock,False,Valid SKU
SET196-KR-NP-M,SET196,85,Kurta Set,M,Red,False,In Stock,False,Valid SKU
SET196-KR-NP-S,SET196,81,Kurta Set,S,Red,False,In Stock,False,Valid SKU
SET196-KR-NP-XL,SET196,40,Kurta Set,XL,Red,False,In Stock,False,Valid SKU
SET196-KR-NP-XS,SET196,67,Kurta Set,XS,Red,False,In Stock,False,Valid SKU
SET196-KR-NP-XXL,SET196,26,Kurta Set,XXL,Red,False,In Stock,False,Valid SKU
SET196-KR-NP-XXXL,SET196,22,Kurta Set,XXXL,Red,False,In Stock,False,Valid SKU
SET197-KR-NP-L,SET197,358,Kurta Set,L,Mustard,False,In Stock,False,Valid SKU
SET197-KR-NP-M,SET197,11,Kurta Set,M,Mustard,False,In Stock,False,Valid SKU
SET197-KR-NP-S,SET197,196,Kurta Set,S,Mustard,False,In Stock,False,Valid SKU
SET197-KR-NP-XL,SET197,117,Kurta Set,XL,Mustard,False,In Stock,False,Valid SKU
SET197-KR-NP-XS,SET197,191,Kurta Set,XS,Mustard,False,In Stock,False,Valid SKU
SET197-KR-NP-XXL,SET197,104,Kurta Set,XXL,Mustard,False,In Stock,False,Valid SKU
SET197-KR-NP-XXXL,SET197,49,Kurta Set,XXXL,Mustard,False,In Stock,False,Valid SKU
SET198-KR-NP-L,SET198,2,Kurta Set,L,Pink,False,Low Stock,False,Valid SKU
SET198-KR-NP-M,SET198,3,Kurta Set,M,Pink,False,Low Stock,False,Valid SKU
SET198-KR-NP-S,SET198,4,Kurta Set,S,Pink,False,Low Stock,False,Valid SKU
SET198-KR-NP-XL,SET198,3,Kurta Set,XL,Pink,False,Low Stock,False,Valid SKU
SET198-KR-NP-XS,SET198,25,Kurta Set,XS,Pink,False,In Stock,False,Valid SKU
SET198-KR-NP-XXL,SET198,3,Kurta Set,XXL,Pink,False,Low Stock,False,Valid SKU
SET198-KR-NP-XXXL,SET198,2,Kurta Set,XXXL,Pink,False,Low Stock,False,Valid SKU
SET199-KR-NP-L,SET199,11,Kurta Set,L,Peach,False,In Stock,False,Valid SKU
SET199-KR-NP-M,SET199,44,Kurta Set,M,Peach,False,In Stock,False,Valid SKU
SET199-KR-NP-S,SET199,45,Kurta Set,S,Peach,False,In Stock,False,Valid SKU
SET199-KR-NP-XL,SET199,5,Kurta Set,XL,Peach,False,Low Stock,False,Valid SKU
SET199-KR-NP-XS,SET199,40,Kurta Set,XS,Peach,False,In Stock,False,Valid SKU
SET199-KR-NP-XXL,SET199,7,Kurta Set,XXL,Peach,False,In Stock,False,Valid SKU
SET199-KR-NP-XXXL,SET199,21,Kurta Set,XXXL,Peach,False,In Stock,False,Valid SKU
SET200-KR-NP-L,SET200,1,Kurta Set,L,Maroon,False,Low Stock,False,Valid SKU
SET200-KR-NP-M,SET200,3,Kurta Set,M,Maroon,False,Low Stock,False,Valid SKU
SET200-KR-NP-S,SET200,13,Kurta Set,S,Maroon,False,In Stock,False,Valid SKU
SET200-KR-NP-XL,SET200,2,Kurta Set,XL,Maroon,False,Low Stock,False,Valid SKU
SET200-KR-NP-XS,SET200,68,Kurta Set,XS,Maroon,False,In Stock,False,Valid SKU
SET200-KR-NP-XXL,SET200,5,Kurta Set,XXL,Maroon,False,Low Stock,False,Valid SKU
SET200-KR-NP-XXXL,SET200,1,Kurta Set,XXXL,Maroon,False,Low Stock,False,Valid SKU
SET201-KR-NP-L,SET201,2,Kurta Set,L,Olive,False,Low Stock,False,Valid SKU
SET201-KR-NP-M,SET201,4,Kurta Set,M,Olive,False,Low Stock,False,Valid SKU
SET201-KR-NP-S,SET201,2,Kurta Set,S,Olive,False,Low Stock,False,Valid SKU
SET201-KR-NP-XL,SET201,2,Kurta Set,XL,Olive,False,Low Stock,False,Valid SKU
SET201-KR-NP-XS,SET201,11,Kurta Set,XS,Olive,False,In Stock,False,Valid SKU
SET201-KR-NP-XXL,SET201,1,Kurta Set,XXL,Olive,False,Low Stock,False,Valid SKU
SET201-KR-NP-XXXL,SET201,2,Kurta Set,XXXL,Olive,False,Low Stock,False,Valid SKU
SET202-KR-NP-L,SET202,0,Kurta Set,L,Teal,False,Out of Stock,False,Valid SKU
SET202-KR-NP-M,SET202,0,Kurta Set,M,Teal,False,Out of Stock,False,Valid SKU
SET202-KR-NP-S,SET202,0,Kurta Set,S,Teal,False,Out of Stock,False,Valid SKU
SET202-KR-NP-XL,SET202,1,Kurta Set,XL,Teal,False,Low Stock,False,Valid SKU
SET202-KR-NP-XS,SET202,0,Kurta Set,XS,Teal,False,Out of Stock,False,Valid SKU
SET202-KR-NP-XXL,SET202,0,Kurta Set,XXL,Teal,False,Out of Stock,False,Valid SKU
SET202-KR-NP-XXXL,SET202,1,Kurta Set,XXXL,Teal,False,Low Stock,False,Valid SKU
SET203-KR-DPT-L,SET203,8,Kurta Set,L,Maroon,False,In Stock,False,Valid SKU
SET203-KR-DPT-M,SET203,37,Kurta Set,M,Maroon,False,In Stock,False,Valid SKU
SET203-KR-DPT-S,SET203,16,Kurta Set,S,Maroon,False,In Stock,False,Valid SKU
SET203-KR-DPT-XL,SET203,7,Kurta Set,XL,Maroon,False,In Stock,False,Valid SKU
SET203-KR-DPT-XS,SET203,14,Kurta Set,XS,Maroon,False,In Stock,False,Valid SKU
SET203-KR-DPT-XXL,SET203,12,Kurta Set,XXL,Maroon,False,In Stock,False,Valid SKU
SET203-KR-DPT-XXXL,SET203,8,Kurta Set,XXXL,Maroon,False,In Stock,False,Valid SKU
SET204-KR-DPT-L,SET204,4,Kurta Set,L,Green,False,Low Stock,False,Valid SKU
SET204-KR-DPT-M,SET204,2,Kurta Set,M,Green,False,Low Stock,False,Valid SKU
SET204-KR-DPT-S,SET204,5,Kurta Set,S,Green,False,Low Stock,False,Valid SKU
SET204-KR-DPT-XL,SET204,4,Kurta Set,XL,Green,False,Low Stock,False,Valid SKU
SET204-KR-DPT-XS,SET204,3,Kurta Set,XS,Green,False,Low Stock,False,Valid SKU
SET204-KR-DPT-XXL,SET204,3,Kurta Set,XXL,Green,False,Low Stock,False,Valid SKU
SET204-KR-DPT-XXXL,SET204,5,Kurta Set,XXXL,Green,False,Low Stock,False,Valid SKU
SET205-KR-DPT-L,SET205,2,Kurta Set,L,Yellow,False,Low Stock,False,Valid SKU
SET205-KR-DPT-M,SET205,9,Kurta Set,M,Yellow,False,In Stock,False,Valid SKU
SET205-KR-DPT-S,SET205,15,Kurta Set,S,Yellow,False,In Stock,False,Valid SKU
SET205-KR-DPT-XL,SET205,3,Kurta Set,XL,Yellow,False,Low Stock,False,Valid SKU
SET205-KR-DPT-XS,SET205,15,Kurta Set,XS,Yellow,False,In Stock,False,Valid SKU
SET205-KR-DPT-XXL,SET205,6,Kurta Set,XXL,Yellow,False,In Stock,False,Valid SKU
SET205-KR-DPT-XXXL,SET205,4,Kurta Set,XXXL,Yellow,False,Low Stock,False,Valid SKU
SET206-KR-PP-L,SET206,0,Kurta Set,L,Cream,False,Out of Stock,False,Valid SKU
SET206-KR-PP-M,SET206,0,Kurta Set,M,Cream,False,Out of Stock,False,Valid SKU
SET206-KR-PP-S,SET206,1,Kurta Set,S,Cream,False,Low Stock,False,Valid SKU
SET206-KR-PP-XL,SET206,0,Kurta Set,XL,Cream,False,Out of Stock,False,Valid SKU
SET206-KR-PP-XS,SET206,2,Kurta Set,XS,Cream,False,Low Stock,False,Valid SKU
SET206-KR-PP-XXL,SET206,1,Kurta Set,XXL,Cream,False,Low Stock,False,Valid SKU
SET206-KR-PP-XXXL,SET206,0,Kurta Set,XXXL,Cream,False,Out of Stock,False,Valid SKU
SET209-KR-PP-L,SET209,7,Kurta Set,L,Pink,False,In Stock,False,Valid SKU
SET209-KR-PP-M,SET209,15,Kurta Set,M,Pink,False,In Stock,False,Valid SKU
SET209-KR-PP-S,SET209,38,Kurta Set,S,Pink,False,In Stock,False,Valid SKU
SET209-KR-PP-XL,SET209,8,Kurta Set,XL,Pink,False,In Stock,False,Valid SKU
SET209-KR-PP-XS,SET209,27,Kurta Set,XS,Pink,False,In Stock,False,Valid SKU
SET209-KR-PP-XXL,SET209,15,Kurta Set,XXL,Pink,False,In Stock,False,Valid SKU
SET209-KR-PP-XXXL,SET209,2,Kurta Set,XXXL,Pink,False,Low Stock,False,Valid SKU
SET210-KR-PP-L,SET210,2,Kurta Set,L,Grey,False,Low Stock,False,Valid SKU
SET210-KR-PP-M,SET210,5,Kurta Set,M,Grey,False,Low Stock,False,Valid SKU
SET210-KR-PP-S,SET210,2,Kurta Set,S,Grey,False,Low Stock,False,Valid SKU
SET210-KR-PP-XL,SET210,3,Kurta Set,XL,Grey,False,Low Stock,False,Valid SKU
SET210-KR-PP-XS,SET210,18,Kurta Set,XS,Grey,False,In Stock,False,Valid SKU
SET210-KR-PP-XXL,SET210,0,Kurta Set,XXL,Grey,False,Out of Stock,False,Valid SKU
SET210-KR-PP-XXXL,SET210,0,Kurta Set,XXXL,Grey,False,Out of Stock,False,Valid SKU
SET211-KR-DPT-L,SET211,1,Kurta Set,L,Teal,False,Low Stock,False,Valid SKU
SET211-KR-DPT-M,SET211,1,Kurta Set,M,Teal,False,Low Stock,False,Valid SKU
SET211-KR-DPT-S,SET211,2,Kurta Set,S,Teal,False,Low Stock,False,Valid SKU
SET211-KR-DPT-XL,SET211,1,Kurta Set,XL,Teal,False,Low Stock,False,Valid SKU
SET211-KR-DPT-XS,SET211,2,Kurta Set,XS,Teal,False,Low Stock,False,Valid SKU
SET211-KR-DPT-XXL,SET211,3,Kurta Set,XXL,Teal,False,Low Stock,False,Valid SKU
SET211-KR-DPT-XXXL,SET211,1,Kurta Set,XXXL,Teal,False,Low Stock,False,Valid SKU
SET213-KR-DPT-M,SET213,0,Kurta Set,M,Grey,False,Out of Stock,False,Valid SKU
SET213-KR-DPT-XXL,SET213,2,Kurta Set,XXL,Grey,False,Low Stock,False,Valid SKU
SET214-KR-DPT-L,SET214,2,Kurta Set,L,Mustard,False,Low Stock,False,Valid SKU
SET214-KR-DPT-M,SET214,1,Kurta Set,M,Mustard,False,Low Stock,False,Valid SKU
SET214-KR-DPT-XL,SET214,2,Kurta Set,XL,Mustard,False,Low Stock,False,Valid SKU
SET214-KR-DPT-XS,SET214,2,Kurta Set,XS,Mustard,False,Low Stock,False,Valid SKU
SET214-KR-DPT-XXL,SET214,3,Kurta Set,XXL,Mustard,False,Low Stock,False,Valid SKU
SET214-KR-DPT-XXXL,SET214,2,Kurta Set,XXXL,Mustard,False,Low Stock,False,Valid SKU
SET216-KR-PP-L,SET216,0,Kurta Set,L,Light Green,False,Out of Stock,False,Valid SKU
SET216-KR-PP-M,SET216,3,Kurta Set,M,Light Green,False,Low Stock,False,Valid SKU
SET216-KR-PP-S,SET216,3,Kurta Set,S,Light Green,False,Low Stock,False,Valid SKU
SET216-KR-PP-XL,SET216,2,Kurta Set,XL,Light Green,False,Low Stock,False,Valid SKU
SET216-KR-PP-XXL,SET216,1,Kurta Set,XXL,Light Green,False,Low Stock,False,Valid SKU
SET217-KR-PP-L,SET217,3,Kurta Set,L,Sea Green,False,Low Stock,False,Valid SKU
SET217-KR-PP-M,SET217,7,Kurta Set,M,Sea Green,False,In Stock,False,Valid SKU
SET217-KR-PP-S,SET217,10,Kurta Set,S,Sea Green,False,In Stock,False,Valid SKU
SET217-KR-PP-XL,SET217,6,Kurta Set,XL,Sea Green,False,In Stock,False,Valid SKU
SET217-KR-PP-XS,SET217,18,Kurta Set,XS,Sea Green,False,In Stock,False,Valid SKU
SET217-KR-PP-XXL,SET217,9,Kurta Set,XXL,Sea Green,False,In Stock,False,Valid SKU
SET217-KR-PP-XXXL,SET217,4,Kurta Set,XXXL,Sea Green,False,Low Stock,False,Valid SKU
SET218-KR-NP-L,SET218,4,Kurta Set,L,Sky Blue,False,Low Stock,False,Valid SKU
SET218-KR-NP-M,SET218,3,Kurta Set,M,Sky Blue,False,Low Stock,False,Valid SKU
SET218-KR-NP-S,SET218,5,Kurta Set,S,Sky Blue,False,Low Stock,False,Valid SKU
SET218-KR-NP-XL,SET218,4,Kurta Set,XL,Sky Blue,False,Low Stock,False,Valid SKU
SET218-KR-NP-XS,SET218,9,Kurta Set,XS,Sky Blue,False,In Stock,False,Valid SKU
SET218-KR-NP-XXL,SET218,10,Kurta Set,XXL,Sky Blue,False,In Stock,False,Valid SKU
SET218-KR-NP-XXXL,SET218,5,Kurta Set,XXXL,Sky Blue,False,Low Stock,False,Valid SKU
SET219-KR-PP-L,SET219,6,Kurta Set,L,Turquoise Green,False,In Stock,False,Valid SKU
SET219-KR-PP-M,SET219,5,Kurta Set,M,Turquoise Green,False,Low Stock,False,Valid SKU
SET219-KR-PP-S,SET219,23,Kurta Set,S,Turquoise Green,False,In Stock,False,Valid SKU
SET219-KR-PP-XL,SET219,5,Kurta Set,XL,Turquoise Green,False,Low Stock,False,Valid SKU
SET219-KR-PP-XS,SET219,65,Kurta Set,XS,Turquoise Green,False,In Stock,False,Valid SKU
SET219-KR-PP-XXL,SET219,2,Kurta Set,XXL,Turquoise Green,False,Low Stock,False,Valid SKU
SET219-KR-PP-XXXL,SET219,2,Kurta Set,XXXL,Turquoise Green,False,Low Stock,False,Valid SKU
SET220-KR-PP-L,SET220,2,Kurta Set,L,White,False,Low Stock,False,Valid SKU
SET220-KR-PP-M,SET220,3,Kurta Set,M,White,False,Low Stock,False,Valid SKU
SET220-KR-PP-S,SET220,33,Kurta Set,S,White,False,In Stock,False,Valid SKU
SET220-KR-PP-XL,SET220,3,Kurta Set,XL,White,False,Low Stock,False,Valid SKU
SET220-KR-PP-XS,SET220,31,Kurta Set,XS,White,False,In Stock,False,Valid SKU
SET220-KR-PP-XXL,SET220,7,Kurta Set,XXL,White,False,In Stock,False,Valid SKU
SET220-KR-PP-XXXL,SET220,3,Kurta Set,XXXL,White,False,Low Stock,False,Valid SKU
SET221-KR-NP-L,SET221,0,Kurta Set,L,Mustard,False,Out of Stock,False,Valid SKU
SET221-KR-NP-M,SET221,8,Kurta Set,M,Mustard,False,In Stock,False,Valid SKU
SET221-KR-NP-S,SET221,13,Kurta Set,S,Mustard,False,In Stock,False,Valid SKU
SET221-KR-NP-XL,SET221,2,Kurta Set,XL,Mustard,False,Low Stock,False,Valid SKU
SET221-KR-NP-XS,SET221,44,Kurta Set,XS,Mustard,False,In Stock,False,Valid SKU
SET221-KR-NP-XXL,SET221,11,Kurta Set,XXL,Mustard,False,In Stock,False,Valid SKU
SET221-KR-NP-XXXL,SET221,29,Kurta Set,XXXL,Mustard,False,In Stock,False,Valid SKU
SET223-KR-NP-L,SET223,1,Kurta Set,L,Pink,False,Low Stock,False,Valid SKU
SET223-KR-NP-M,SET223,2,Kurta Set,M,Pink,False,Low Stock,False,Valid SKU
SET223-KR-NP-S,SET223,5,Kurta Set,S,Pink,False,Low Stock,False,Valid SKU
SET223-KR-NP-XL,SET223,2,Kurta Set,XL,Pink,False,Low Stock,False,Valid SKU
SET223-KR-NP-XS,SET223,28,Kurta Set,XS,Pink,False,In Stock,False,Valid SKU
SET223-KR-NP-XXL,SET223,4,Kurta Set,XXL,Pink,False,Low Stock,False,Valid SKU
SET223-KR-NP-XXXL,SET223,3,Kurta Set,XXXL,Pink,False,Low Stock,False,Valid SKU
SET224-KR-NP-L,SET224,2,Kurta Set,L,Rust,False,Low Stock,False,Valid SKU
SET224-KR-NP-M,SET224,0,Kurta Set,M,Rust,False,Out of Stock,False,Valid SKU
SET224-KR-NP-S,SET224,6,Kurta Set,S,Rust,False,In Stock,False,Valid SKU
SET224-KR-NP-XL,SET224,3,Kurta Set,XL,Rust,False,Low Stock,False,Valid SKU
SET224-KR-NP-XS,SET224,6,Kurta Set,XS,Rust,False,In Stock,False,Valid SKU
SET224-KR-NP-XXL,SET224,5,Kurta Set,XXL,Rust,False,Low Stock,False,Valid SKU
SET224-KR-NP-XXXL,SET224,65,Kurta Set,XXXL,Rust,False,In Stock,False,Valid SKU
SET225-KR-NP-L,SET225,2,Kurta,L,Mustard,False,Low Stock,False,Valid SKU
SET225-KR-NP-M,SET225,2,Kurta,M,Mustard,False,Low Stock,False,Valid SKU
SET225-KR-NP-S,SET225,2,Kurta,S,Mustard,False,Low Stock,False,Valid SKU
SET225-KR-NP-XL,SET225,14,Kurta,XL,Mustard,False,In Stock,False,Valid SKU
SET225-KR-NP-XS,SET225,9,Kurta,XS,Mustard,False,In Stock,False,Valid SKU
SET225-KR-NP-XXL,SET225,5,Kurta,XXL,Mustard,False,Low Stock,False,Valid SKU
SET225-KR-NP-XXXL,SET225,4,Kurta,XXXL,Mustard,False,Low Stock,False,Valid SKU
SET226-KR-PP-L,SET226,33,Kurta Set,L,Grey,False,In Stock,False,Valid SKU
SET226-KR-PP-M,SET226,13,Kurta Set,M,Grey,False,In Stock,False,Valid SKU
SET226-KR-PP-S,SET226,49,Kurta Set,S,Grey,False,In Stock,False,Valid SKU
SET226-KR-PP-XL,SET226,4,Kurta Set,XL,Grey,False,Low Stock,False,Valid SKU
SET226-KR-PP-XS,SET226,4,Kurta Set,XS,Grey,False,Low Stock,False,Valid SKU
SET226-KR-PP-XXL,SET226,6,Kurta Set,XXL,Grey,False,In Stock,False,Valid SKU
SET226-KR-PP-XXXL,SET226,4,Kurta Set,XXXL,Grey,False,Low Stock,False,Valid SKU
SET227-KR-PP-L,SET227,2,Kurta Set,L,Pink,False,Low Stock,False,Valid SKU
SET227-KR-PP-M,SET227,6,Kurta Set,M,Pink,False,In Stock,False,Valid SKU
SET227-KR-PP-S,SET227,4,Kurta Set,S,Pink,False,Low Stock,False,Valid SKU
SET227-KR-PP-XL,SET227,6,Kurta Set,XL,Pink,False,In Stock,False,Valid SKU
SET227-KR-PP-XS,SET227,6,Kurta Set,XS,Pink,False,In Stock,False,Valid SKU
SET227-KR-PP-XXL,SET227,6,Kurta Set,XXL,Pink,False,In Stock,False,Valid SKU
SET227-KR-PP-XXXL,SET227,2,Kurta Set,XXXL,Pink,False,Low Stock,False,Valid SKU
SET228-KR-PP-L,SET228,9,Kurta Set,L,Yellow,False,In Stock,False,Valid SKU
SET228-KR-PP-M,SET228,30,Kurta Set,M,Yellow,False,In Stock,False,Valid SKU
SET228-KR-PP-S,SET228,6,Kurta Set,S,Yellow,False,In Stock,False,Valid SKU
SET228-KR-PP-XL,SET228,2,Kurta Set,XL,Yellow,False,Low Stock,False,Valid SKU
SET228-KR-PP-XS,SET228,46,Kurta Set,XS,Yellow,False,In Stock,False,Valid SKU
SET228-KR-PP-XXL,SET228,6,Kurta Set,XXL,Yellow,False,In Stock,False,Valid SKU
SET228-KR-PP-XXXL,SET228,2,Kurta Set,XXXL,Yellow,False,Low Stock,False,Valid SKU
SET229-KR-PP-L,SET229,21,Kurta Set,L,Mauve,False,In Stock,False,Valid SKU
SET229-KR-PP-M,SET229,25,Kurta Set,M,Mauve,False,In Stock,False,Valid SKU
SET229-KR-PP-S,SET229,36,Kurta Set,S,Mauve,False,In Stock,False,Valid SKU
SET229-KR-PP-XL,SET229,18,Kurta Set,XL,Mauve,False,In Stock,False,Valid SKU
SET229-KR-PP-XS,SET229,25,Kurta Set,XS,Mauve,False,In Stock,False,Valid SKU
SET229-KR-PP-XXL,SET229,28,Kurta Set,XXL,Mauve,False,In Stock,False,Valid SKU
SET229-KR-PP-XXXL,SET229,29,Kurta Set,XXXL,Mauve,False,In Stock,False,Valid SKU
SET230-KR-PP-L,SET230,29,Kurta Set,L,Blue,False,In Stock,False,Valid SKU
SET230-KR-PP-M,SET230,30,Kurta Set,M,Blue,False,In Stock,False,Valid SKU
SET230-KR-PP-S,SET230,35,Kurta Set,S,Blue,False,In Stock,False,Valid SKU
SET230-KR-PP-XL,SET230,53,Kurta Set,XL,Blue,False,In Stock,False,Valid SKU
SET230-KR-PP-XS,SET230,23,Kurta Set,XS,Blue,False,In Stock,False,Valid SKU
SET230-KR-PP-XXL,SET230,21,Kurta Set,XXL,Blue,False,In Stock,False,Valid SKU
SET230-KR-PP-XXXL,SET230,10,Kurta Set,XXXL,Blue,False,In Stock,False,Valid SKU
SET231-KR-PP-L,SET231,0,Kurta Set,L,Cream,False,Out of Stock,False,Valid SKU
SET231-KR-PP-M,SET231,2,Kurta Set,M,Cream,False,Low Stock,False,Valid SKU
SET231-KR-PP-XL,SET231,2,Kurta Set,XL,Cream,False,Low Stock,False,Valid SKU
SET231-KR-PP-XXL,SET231,2,Kurta Set,XXL,Cream,False,Low Stock,False,Valid SKU
SET232-KR-PP-L,SET232,13,Kurta Set,L,Pink,False,In Stock,False,Valid SKU
SET232-KR-PP-M,SET232,37,Kurta Set,M,Pink,False,In Stock,False,Valid SKU
SET232-KR-PP-S,SET232,44,Kurta Set,S,Pink,False,In Stock,False,Valid SKU
SET232-KR-PP-XL,SET232,4,Kurta Set,XL,Pink,False,Low Stock,False,Valid SKU
SET232-KR-PP-XS,SET232,30,Kurta Set,XS,Pink,False,In Stock,False,Valid SKU
SET232-KR-PP-XXL,SET232,2,Kurta Set,XXL,Pink,False,Low Stock,False,Valid SKU
SET232-KR-PP-XXXL,SET232,8,Kurta Set,XXXL,Pink,False,In Stock,False,Valid SKU
SET233-KR-PP-L,SET233,4,Kurta Set,L,Pink,False,Low Stock,False,Valid SKU
SET233-KR-PP-M,SET233,4,Kurta Set,M,Pink,False,Low Stock,False,Valid SKU
SET233-KR-PP-S,SET233,5,Kurta Set,S,Pink,False,Low Stock,False,Valid SKU
SET233-KR-PP-XL,SET233,2,Kurta Set,XL,Pink,False,Low Stock,False,Valid SKU
SET233-KR-PP-XS,SET233,17,Kurta Set,XS,Pink,False,In Stock,False,Valid SKU
SET233-KR-PP-XXL,SET233,1,Kurta Set,XXL,Pink,False,Low Stock,False,Valid SKU
SET233-KR-PP-XXXL,SET233,2,Kurta Set,XXXL,Pink,False,Low Stock,False,Valid SKU
SET234-KR-PP-L,SET234,0,Kurta Set,L,Green,False,Out of Stock,False,Valid SKU
SET234-KR-PP-M,SET234,0,Kurta Set,M,Green,False,Out of Stock,False,Valid SKU
SET234-KR-PP-S,SET234,0,Kurta Set,S,Green,False,Out of Stock,False,Valid SKU
SET234-KR-PP-XL,SET234,0,Kurta Set,XL,Green,False,Out of Stock,False,Valid SKU
SET234-KR-PP-XXL,SET234,0,Kurta Set,XXL,Green,False,Out of Stock,False,Valid SKU
,SET234,1,Kurta Set,XXXL,Green,True,Low Stock,False,Missing / Invalid SKU
SET235-KR-PP-L,SET235,0,Kurta Set,L,Beige,False,Out of Stock,False,Valid SKU
SET235-KR-PP-M,SET235,0,Kurta Set,M,Beige,False,Out of Stock,False,Valid SKU
SET235-KR-PP-S,SET235,1,Kurta Set,S,Beige,False,Low Stock,False,Valid SKU
SET235-KR-PP-XL,SET235,1,Kurta Set,XL,Beige,False,Low Stock,False,Valid SKU
SET235-KR-PP-XXL,SET235,0,Kurta Set,XXL,Beige,False,Out of Stock,False,Valid SKU
SET236-KR-PP-L,SET236,8,Set,L,Pink,False,In Stock,False,Valid SKU
SET236-KR-PP-M,SET236,6,Set,M,Pink,False,In Stock,False,Valid SKU
SET236-KR-PP-S,SET236,9,Set,S,Pink,False,In Stock,False,Valid SKU
SET236-KR-PP-XL,SET236,8,Set,XL,Pink,False,In Stock,False,Valid SKU
SET236-KR-PP-XS,SET236,18,Set,XS,Pink,False,In Stock,False,Valid SKU
SET236-KR-PP-XXL,SET236,0,Set,XXL,Pink,False,Out of Stock,False,Valid SKU
SET236-KR-PP-XXXL,SET236,4,Set,XXXL,Pink,False,Low Stock,False,Valid SKU
SET238-KR-PP-L,SET238,2,Kurta Set,L,Grey,False,Low Stock,False,Valid SKU
SET238-KR-PP-M,SET238,2,Kurta Set,M,Grey,False,Low Stock,False,Valid SKU
SET238-KR-PP-S,SET238,5,Kurta Set,S,Grey,False,Low Stock,False,Valid SKU
SET238-KR-PP-XL,SET238,1,Kurta Set,XL,Grey,False,Low Stock,False,Valid SKU
SET238-KR-PP-XS,SET238,35,Kurta Set,XS,Grey,False,In Stock,False,Valid SKU
SET238-KR-PP-XXL,SET238,2,Kurta Set,XXL,Grey,False,Low Stock,False,Valid SKU
SET238-KR-PP-XXXL,SET238,2,Kurta Set,XXXL,Grey,False,Low Stock,False,Valid SKU
SET239-KR-NP-L,SET239,4,Kurta Set,L,Off White,False,Low Stock,False,Valid SKU
SET239-KR-NP-M,SET239,4,Kurta Set,M,Off White,False,Low Stock,False,Valid SKU
SET239-KR-NP-S,SET239,7,Kurta Set,S,Off White,False,In Stock,False,Valid SKU
SET239-KR-NP-XL,SET239,2,Kurta Set,XL,Off White,False,Low Stock,False,Valid SKU
SET239-KR-NP-XS,SET239,3,Kurta Set,XS,Off White,False,Low Stock,False,Valid SKU
SET239-KR-NP-XXL,SET239,2,Kurta Set,XXL,Off White,False,Low Stock,False,Valid SKU
SET239-KR-NP-XXXL,SET239,4,Kurta Set,XXXL,Off White,False,Low Stock,False,Valid SKU
SET240-KR-PP-L,SET240,17,Kurta Set,L,Yellow,False,In Stock,False,Valid SKU
SET240-KR-PP-M,SET240,17,Kurta Set,M,Yellow,False,In Stock,False,Valid SKU
SET240-KR-PP-S,SET240,43,Kurta Set,S,Yellow,False,In Stock,False,Valid SKU
SET240-KR-PP-XL,SET240,27,Kurta Set,XL,Yellow,False,In Stock,False,Valid SKU
SET240-KR-PP-XS,SET240,26,Kurta Set,XS,Yellow,False,In Stock,False,Valid SKU
SET240-KR-PP-XXL,SET240,10,Kurta Set,XXL,Yellow,False,In Stock,False,Valid SKU
SET240-KR-PP-XXXL,SET240,7,Kurta Set,XXXL,Yellow,False,In Stock,False,Valid SKU
SET241-KR-PP-L,SET241,0,Kurta Set,L,Turquoise Green,False,Out of Stock,False,Valid SKU
SET241-KR-PP-M,SET241,0,Kurta Set,M,Turquoise Green,False,Out of Stock,False,Valid SKU
SET241-KR-PP-S,SET241,0,Kurta Set,S,Turquoise Green,False,Out of Stock,False,Valid SKU
SET241-KR-PP-XS,SET241,1,Kurta Set,XS,Turquoise Green,False,Low Stock,False,Valid SKU
SET241-KR-PP-XXL,SET241,1,Kurta Set,XXL,Turquoise Green,False,Low Stock,False,Valid SKU
SET241-KR-PP-XXXL,SET241,0,Kurta Set,XXXL,Turquoise Green,False,Out of Stock,False,Valid SKU
SET242-KR-PP-L,SET242,2,Kurta Set,L,Black,False,Low Stock,False,Valid SKU
SET242-KR-PP-M,SET242,2,Kurta Set,M,Black,False,Low Stock,False,Valid SKU
SET242-KR-PP-S,SET242,12,Kurta Set,S,Black,False,In Stock,False,Valid SKU
SET242-KR-PP-XL,SET242,3,Kurta Set,XL,Black,False,Low Stock,False,Valid SKU
SET242-KR-PP-XS,SET242,5,Kurta Set,XS,Black,False,Low Stock,False,Valid SKU
SET242-KR-PP-XXL,SET242,2,Kurta Set,XXL,Black,False,Low Stock,False,Valid SKU
SET242-KR-PP-XXXL,SET242,2,Kurta Set,XXXL,Black,False,Low Stock,False,Valid SKU
SET243-KR-PP-L,SET243,4,Kurta Set,L,Blue,False,Low Stock,False,Valid SKU
SET243-KR-PP-M,SET243,10,Kurta Set,M,Blue,False,In Stock,False,Valid SKU
SET243-KR-PP-S,SET243,8,Kurta Set,S,Blue,False,In Stock,False,Valid SKU
SET243-KR-PP-XL,SET243,10,Kurta Set,XL,Blue,False,In Stock,False,Valid SKU
SET243-KR-PP-XS,SET243,12,Kurta Set,XS,Blue,False,In Stock,False,Valid SKU
SET243-KR-PP-XXL,SET243,3,Kurta Set,XXL,Blue,False,Low Stock,False,Valid SKU
SET243-KR-PP-XXXL,SET243,3,Kurta Set,XXXL,Blue,False,Low Stock,False,Valid SKU
SET244-KR-NP-L,SET244,30,Kurta Set,L,Pink,False,In Stock,False,Valid SKU
SET244-KR-NP-M,SET244,26,Kurta Set,M,Pink,False,In Stock,False,Valid SKU
SET244-KR-NP-S,SET244,35,Kurta Set,S,Pink,False,In Stock,False,Valid SKU
SET244-KR-NP-XL,SET244,34,Kurta Set,XL,Pink,False,In Stock,False,Valid SKU
SET244-KR-NP-XS,SET244,20,Kurta Set,XS,Pink,False,In Stock,False,Valid SKU
SET244-KR-NP-XXL,SET244,13,Kurta Set,XXL,Pink,False,In Stock,False,Valid SKU
SET244-KR-NP-XXXL,SET244,27,Kurta Set,XXXL,Pink,False,In Stock,False,Valid SKU
SET245-KR-NP-L,SET245,85,Kurta Set,L,Mustard,False,In Stock,False,Valid SKU
SET245-KR-NP-M,SET245,113,Kurta Set,M,Mustard,False,In Stock,False,Valid SKU
SET245-KR-NP-S,SET245,131,Kurta Set,S,Mustard,False,In Stock,False,Valid SKU
SET245-KR-NP-XL,SET245,103,Kurta Set,XL,Mustard,False,In Stock,False,Valid SKU
SET245-KR-NP-XS,SET245,92,Kurta Set,XS,Mustard,False,In Stock,False,Valid SKU
SET245-KR-NP-XXL,SET245,43,Kurta Set,XXL,Mustard,False,In Stock,False,Valid SKU
SET245-KR-NP-XXXL,SET245,39,Kurta Set,XXXL,Mustard,False,In Stock,False,Valid SKU
SET246-KR-PP-L,SET246,8,Kurta Set,L,Red,False,In Stock,False,Valid SKU
SET246-KR-PP-M,SET246,22,Kurta Set,M,Red,False,In Stock,False,Valid SKU
SET246-KR-PP-S,SET246,39,Kurta Set,S,Red,False,In Stock,False,Valid SKU
SET246-KR-PP-XL,SET246,4,Kurta Set,XL,Red,False,Low Stock,False,Valid SKU
SET246-KR-PP-XS,SET246,42,Kurta Set,XS,Red,False,In Stock,False,Valid SKU
SET246-KR-PP-XXL,SET246,10,Kurta Set,XXL,Red,False,In Stock,False,Valid SKU
SET246-KR-PP-XXXL,SET246,4,Kurta Set,XXXL,Red,False,Low Stock,False,Valid SKU
SET247-KR-SHA-L,SET247,5,Kurta Set,L,Teal,False,Low Stock,False,Valid SKU
SET247-KR-SHA-M,SET247,6,Kurta Set,M,Teal,False,In Stock,False,Valid SKU
SET247-KR-SHA-S,SET247,25,Kurta Set,S,Teal,False,In Stock,False,Valid SKU
SET247-KR-SHA-XL,SET247,3,Kurta Set,XL,Teal,False,Low Stock,False,Valid SKU
SET247-KR-SHA-XS,SET247,49,Kurta Set,XS,Teal,False,In Stock,False,Valid SKU
SET247-KR-SHA-XXL,SET247,2,Kurta Set,XXL,Teal,False,Low Stock,False,Valid SKU
SET247-KR-SHA-XXXL,SET247,4,Kurta Set,XXXL,Teal,False,Low Stock,False,Valid SKU
SET248-KR-NP-L,SET248,4,Kurta Set,L,Teal,False,Low Stock,False,Valid SKU
SET248-KR-NP-M,SET248,7,Kurta Set,M,Teal,False,In Stock,False,Valid SKU
SET248-KR-NP-S,SET248,4,Kurta Set,S,Teal,False,Low Stock,False,Valid SKU
SET248-KR-NP-XL,SET248,12,Kurta Set,XL,Teal,False,In Stock,False,Valid SKU
SET248-KR-NP-XS,SET248,7,Kurta Set,XS,Teal,False,In Stock,False,Valid SKU
SET248-KR-NP-XXL,SET248,4,Kurta Set,XXL,Teal,False,Low Stock,False,Valid SKU
SET248-KR-NP-XXXL,SET248,10,Kurta Set,XXXL,Teal,False,In Stock,False,Valid SKU
SET249-KR-NP-L,SET249,2,Kurta Set,L,Green,False,Low Stock,False,Valid SKU
SET249-KR-NP-M,SET249,9,Kurta Set,M,Green,False,In Stock,False,Valid SKU
SET249-KR-NP-S,SET249,18,Kurta Set,S,Green,False,In Stock,False,Valid SKU
SET249-KR-NP-XL,SET249,4,Kurta Set,XL,Green,False,Low Stock,False,Valid SKU
SET249-KR-NP-XS,SET249,52,Kurta Set,XS,Green,False,In Stock,False,Valid SKU
SET249-KR-NP-XXL,SET249,3,Kurta Set,XXL,Green,False,Low Stock,False,Valid SKU
SET249-KR-NP-XXXL,SET249,13,Kurta Set,XXXL,Green,False,In Stock,False,Valid SKU
SET250-KR-SHA-L,SET250,13,Kurta Set,L,Magenta,False,In Stock,False,Valid SKU
SET250-KR-SHA-M,SET250,35,Kurta Set,M,Magenta,False,In Stock,False,Valid SKU
SET250-KR-SHA-S,SET250,5,Kurta Set,S,Magenta,False,Low Stock,False,Valid SKU
SET250-KR-SHA-XL,SET250,2,Kurta Set,XL,Magenta,False,Low Stock,False,Valid SKU
SET250-KR-SHA-XS,SET250,2,Kurta Set,XS,Magenta,False,Low Stock,False,Valid SKU
SET250-KR-SHA-XXL,SET250,4,Kurta Set,XXL,Magenta,False,Low Stock,False,Valid SKU
SET250-KR-SHA-XXXL,SET250,5,Kurta Set,XXXL,Magenta,False,Low Stock,False,Valid SKU
SET251-KR-PP-L,SET251,44,Kurta,L,Cream,False,In Stock,False,Valid SKU
SET251-KR-PP-M,SET251,15,Kurta,M,Cream,False,In Stock,False,Valid SKU
SET251-KR-PP-S,SET251,53,Kurta,S,Cream,False,In Stock,False,Valid SKU
SET251-KR-PP-XL,SET251,32,Kurta,XL,Cream,False,In Stock,False,Valid SKU
SET251-KR-PP-XS,SET251,40,Kurta,XS,Cream,False,In Stock,False,Valid SKU
SET251-KR-PP-XXL,SET251,31,Kurta,XXL,Cream,False,In Stock,False,Valid SKU
SET251-KR-PP-XXXL,SET251,26,Kurta,XXXL,Cream,False,In Stock,False,Valid SKU
SET252-KR-PP-L,SET252,105,Kurta Set,L,Yellow,False,In Stock,False,Valid SKU
SET252-KR-PP-M,SET252,154,Kurta Set,M,Yellow,False,In Stock,False,Valid SKU
SET252-KR-PP-S,SET252,223,Kurta Set,S,Yellow,False,In Stock,False,Valid SKU
SET252-KR-PP-XL,SET252,55,Kurta Set,XL,Yellow,False,In Stock,False,Valid SKU
SET252-KR-PP-XS,SET252,148,Kurta Set,XS,Yellow,False,In Stock,False,Valid SKU
SET252-KR-PP-XXL,SET252,76,Kurta Set,XXL,Yellow,False,In Stock,False,Valid SKU
SET252-KR-PP-XXXL,SET252,95,Kurta Set,XXXL,Yellow,False,In Stock,False,Valid SKU
SET253-KR-NP-L,SET253,6,Kurta Set,L,Black,False,In Stock,False,Valid SKU
SET253-KR-NP-M,SET253,11,Kurta Set,M,Black,False,In Stock,False,Valid SKU
SET253-KR-NP-S,SET253,26,Kurta Set,S,Black,False,In Stock,False,Valid SKU
SET253-KR-NP-XL,SET253,8,Kurta Set,XL,Black,False,In Stock,False,Valid SKU
SET253-KR-NP-XS,SET253,13,Kurta Set,XS,Black,False,In Stock,False,Valid SKU
SET253-KR-NP-XXL,SET253,8,Kurta Set,XXL,Black,False,In Stock,False,Valid SKU
SET253-KR-NP-XXXL,SET253,2,Kurta Set,XXXL,Black,False,Low Stock,False,Valid SKU
SET254-KR-NP-L,SET254,2,Kurta Set,L,Grey,False,Low Stock,False,Valid SKU
SET254-KR-NP-M,SET254,3,Kurta Set,M,Grey,False,Low Stock,False,Valid SKU
SET254-KR-NP-S,SET254,7,Kurta Set,S,Grey,False,In Stock,False,Valid SKU
SET254-KR-NP-XL,SET254,2,Kurta Set,XL,Grey,False,Low Stock,False,Valid SKU
SET254-KR-NP-XS,SET254,10,Kurta Set,XS,Grey,False,In Stock,False,Valid SKU
SET254-KR-NP-XXL,SET254,3,Kurta Set,XXL,Grey,False,Low Stock,False,Valid SKU
SET254-KR-NP-XXXL,SET254,2,Kurta Set,XXXL,Grey,False,Low Stock,False,Valid SKU
SET257-KR-PP-L,SET257,1,Set,L,Beige,False,Low Stock,False,Valid SKU
SET257-KR-PP-M,SET257,3,Set,M,Beige,False,Low Stock,False,Valid SKU
SET257-KR-PP-S,SET257,5,Set,S,Beige,False,Low Stock,False,Valid SKU
SET257-KR-PP-XL,SET257,3,Set,XL,Beige,False,Low Stock,False,Valid SKU
SET257-KR-PP-XS,SET257,2,Set,XS,Beige,False,Low Stock,False,Valid SKU
SET257-KR-PP-XXL,SET257,0,Set,XXL,Beige,False,Out of Stock,False,Valid SKU
SET257-KR-PP-XXXL,SET257,2,Set,XXXL,Beige,False,Low Stock,False,Valid SKU
SET258-KR-PP-L,SET258,0,Kurta Set,L,Off White,False,Out of Stock,False,Valid SKU
SET258-KR-PP-M,SET258,1,Kurta Set,M,Off White,False,Low Stock,False,Valid SKU
SET258-KR-PP-S,SET258,7,Kurta Set,S,Off White,False,In Stock,False,Valid SKU
SET258-KR-PP-XL,SET258,1,Kurta Set,XL,Off White,False,Low Stock,False,Valid SKU
SET258-KR-PP-XS,SET258,6,Kurta Set,XS,Off White,False,In Stock,False,Valid SKU
SET258-KR-PP-XXL,SET258,1,Kurta Set,XXL,Off White,False,Low Stock,False,Valid SKU
SET258-KR-PP-XXXL,SET258,3,Kurta Set,XXXL,Off White,False,Low Stock,False,Valid SKU
SET260-KR-PP-L,SET260,0,Kurta Set,L,Grey,False,Out of Stock,False,Valid SKU
SET260-KR-PP-M,SET260,1,Kurta Set,M,Grey,False,Low Stock,False,Valid SKU
SET260-KR-PP-S,SET260,0,Kurta Set,S,Grey,False,Out of Stock,False,Valid SKU
SET260-KR-PP-XL,SET260,1,Kurta Set,XL,Grey,False,Low Stock,False,Valid SKU
SET260-KR-PP-XXL,SET260,3,Kurta Set,XXL,Grey,False,Low Stock,False,Valid SKU
SET261-KR-PP-L,SET261,1,Kurta Set,L,Turquoise,False,Low Stock,False,Valid SKU
SET261-KR-PP-M,SET261,0,Kurta Set,M,Turquoise,False,Out of Stock,False,Valid SKU
SET261-KR-PP-S,SET261,3,Kurta Set,S,Turquoise,False,Low Stock,False,Valid SKU
SET261-KR-PP-XL,SET261,0,Kurta Set,XL,Turquoise,False,Out of Stock,False,Valid SKU
SET261-KR-PP-XXL,SET261,0,Kurta Set,XXL,Turquoise,False,Out of Stock,False,Valid SKU
SET262-KR-NP-L,SET262,4,Kurta Set,L,Green,False,Low Stock,False,Valid SKU
SET262-KR-NP-M,SET262,1,Kurta Set,M,Green,False,Low Stock,False,Valid SKU
SET262-KR-NP-S,SET262,4,Kurta Set,S,Green,False,Low Stock,False,Valid SKU
SET262-KR-NP-XL,SET262,2,Kurta Set,XL,Green,False,Low Stock,False,Valid SKU
SET262-KR-NP-XS,SET262,44,Kurta Set,XS,Green,False,In Stock,False,Valid SKU
SET262-KR-NP-XXL,SET262,2,Kurta Set,XXL,Green,False,Low Stock,False,Valid SKU
SET262-KR-NP-XXXL,SET262,45,Kurta Set,XXXL,Green,False,In Stock,False,Valid SKU
SET263-KR-NP-L,SET263,4,Kurta Set,L,Turquoise,False,Low Stock,False,Valid SKU
SET263-KR-NP-M,SET263,6,Kurta Set,M,Turquoise,False,In Stock,False,Valid SKU
SET263-KR-NP-S,SET263,15,Kurta Set,S,Turquoise,False,In Stock,False,Valid SKU
SET263-KR-NP-XL,SET263,5,Kurta Set,XL,Turquoise,False,Low Stock,False,Valid SKU
SET263-KR-NP-XS,SET263,40,Kurta Set,XS,Turquoise,False,In Stock,False,Valid SKU
SET263-KR-NP-XXL,SET263,17,Kurta Set,XXL,Turquoise,False,In Stock,False,Valid SKU
SET263-KR-NP-XXXL,SET263,28,Kurta Set,XXXL,Turquoise,False,In Stock,False,Valid SKU
SET264-KR-NP-L,SET264,76,Kurta Set,L,Gold,False,In Stock,False,Valid SKU
SET264-KR-NP-M,SET264,295,Kurta Set,M,Gold,False,In Stock,False,Valid SKU
SET264-KR-NP-S,SET264,330,Kurta Set,S,Gold,False,In Stock,False,Valid SKU
SET264-KR-NP-XL,SET264,81,Kurta Set,XL,Gold,False,In Stock,False,Valid SKU
SET264-KR-NP-XS,SET264,237,Kurta Set,XS,Gold,False,In Stock,False,Valid SKU
SET264-KR-NP-XXL,SET264,127,Kurta Set,XXL,Gold,False,In Stock,False,Valid SKU
SET264-KR-NP-XXXL,SET264,12,Kurta Set,XXXL,Gold,False,In Stock,False,Valid SKU
SET265-KR-NP-L,SET265,9,Kurta Set,L,Pink,False,In Stock,False,Valid SKU
SET265-KR-NP-M,SET265,84,Kurta Set,M,Pink,False,In Stock,False,Valid SKU
SET265-KR-NP-S,SET265,19,Kurta Set,S,Pink,False,In Stock,False,Valid SKU
SET265-KR-NP-XL,SET265,33,Kurta Set,XL,Pink,False,In Stock,False,Valid SKU
SET265-KR-NP-XS,SET265,18,Kurta Set,XS,Pink,False,In Stock,False,Valid SKU
SET265-KR-NP-XXL,SET265,14,Kurta Set,XXL,Pink,False,In Stock,False,Valid SKU
SET265-KR-NP-XXXL,SET265,16,Kurta Set,XXXL,Pink,False,In Stock,False,Valid SKU
SET266-KR-NP-L,SET266,35,Set,L,Black,False,In Stock,False,Valid SKU
SET266-KR-NP-M,SET266,112,Set,M,Black,False,In Stock,False,Valid SKU
SET266-KR-NP-S,SET266,57,Set,S,Black,False,In Stock,False,Valid SKU
SET266-KR-NP-XL,SET266,60,Set,XL,Black,False,In Stock,False,Valid SKU
SET266-KR-NP-XS,SET266,47,Set,XS,Black,False,In Stock,False,Valid SKU
SET266-KR-NP-XXL,SET266,19,Set,XXL,Black,False,In Stock,False,Valid SKU
SET266-KR-NP-XXXL,SET266,53,Set,XXXL,Black,False,In Stock,False,Valid SKU
SET267-KR-NP-L,SET267,97,Set,L,Pink,False,In Stock,False,Valid SKU
SET267-KR-NP-M,SET267,109,Set,M,Pink,False,In Stock,False,Valid SKU
SET267-KR-NP-S,SET267,128,Set,S,Pink,False,In Stock,False,Valid SKU
SET267-KR-NP-XL,SET267,67,Set,XL,Pink,False,In Stock,False,Valid SKU
SET267-KR-NP-XS,SET267,107,Set,XS,Pink,False,In Stock,False,Valid SKU
SET267-KR-NP-XXL,SET267,103,Set,XXL,Pink,False,In Stock,False,Valid SKU
SET267-KR-NP-XXXL,SET267,103,Set,XXXL,Pink,False,In Stock,False,Valid SKU
SET268-KR-NP-L,SET268,384,Kurta Set,L,Off White,False,In Stock,False,Valid SKU
SET268-KR-NP-M,SET268,542,Kurta Set,M,Off White,False,In Stock,False,Valid SKU
SET268-KR-NP-S,SET268,807,Kurta Set,S,Off White,False,In Stock,False,Valid SKU
SET268-KR-NP-XL,SET268,176,Kurta Set,XL,Off White,False,In Stock,False,Valid SKU
SET268-KR-NP-XS,SET268,403,Kurta Set,XS,Off White,False,In Stock,False,Valid SKU
SET268-KR-NP-XXL,SET268,191,Kurta Set,XXL,Off White,False,In Stock,False,Valid SKU
SET268-KR-NP-XXXL,SET268,112,Kurta Set,XXXL,Off White,False,In Stock,False,Valid SKU
SET269-KR-NP-L,SET269,89,Set,L,Green,False,In Stock,False,Valid SKU
SET269-KR-NP-M,SET269,310,Set,M,Green,False,In Stock,False,Valid SKU
SET269-KR-NP-S,SET269,143,Set,S,Green,False,In Stock,False,Valid SKU
SET269-KR-NP-XL,SET269,90,Set,XL,Green,False,In Stock,False,Valid SKU
SET269-KR-NP-XS,SET269,162,Set,XS,Green,False,In Stock,False,Valid SKU
SET269-KR-NP-XXL,SET269,13,Set,XXL,Green,False,In Stock,False,Valid SKU
SET269-KR-NP-XXXL,SET269,26,Set,XXXL,Green,False,In Stock,False,Valid SKU
SET270-KR-PP-L,SET270,0,Kurta Set,L,Green,False,Out of Stock,False,Valid SKU
SET270-KR-PP-M,SET270,1,Kurta Set,M,Green,False,Low Stock,False,Valid SKU
SET270-KR-PP-S,SET270,10,Kurta Set,S,Green,False,In Stock,False,Valid SKU
SET270-KR-PP-XL,SET270,3,Kurta Set,XL,Green,False,Low Stock,False,Valid SKU
SET270-KR-PP-XXL,SET270,5,Kurta Set,XXL,Green,False,Low Stock,False,Valid SKU
SET271-KR-NP-L,SET271,0,Kurta,L,Green,False,Out of Stock,False,Valid SKU
SET271-KR-NP-M,SET271,2,Kurta,M,Green,False,Low Stock,False,Valid SKU
SET271-KR-NP-S,SET271,8,Kurta,S,Green,False,In Stock,False,Valid SKU
SET271-KR-NP-XL,SET271,5,Kurta,XL,Green,False,Low Stock,False,Valid SKU
SET271-KR-NP-XS,SET271,1,Kurta,XS,Green,False,Low Stock,False,Valid SKU
SET271-KR-NP-XXL,SET271,2,Kurta,XXL,Green,False,Low Stock,False,Valid SKU
SET271-KR-NP-XXXL,SET271,3,Kurta,XXXL,Green,False,Low Stock,False,Valid SKU
SET272-KR-PP-L,SET272,3,Kurta Set,L,Mustard,False,Low Stock,False,Valid SKU
SET272-KR-PP-M,SET272,8,Kurta Set,M,Mustard,False,In Stock,False,Valid SKU
SET272-KR-PP-S,SET272,6,Kurta Set,S,Mustard,False,In Stock,False,Valid SKU
SET272-KR-PP-XL,SET272,4,Kurta Set,XL,Mustard,False,Low Stock,False,Valid SKU
SET272-KR-PP-XS,SET272,46,Kurta Set,XS,Mustard,False,In Stock,False,Valid SKU
SET272-KR-PP-XXL,SET272,5,Kurta Set,XXL,Mustard,False,Low Stock,False,Valid SKU
SET272-KR-PP-XXXL,SET272,17,Kurta Set,XXXL,Mustard,False,In Stock,False,Valid SKU
SET273-KR-NP-L,SET273,637,Kurta Set,L,Brown,False,In Stock,False,Valid SKU
SET273-KR-NP-M,SET273,880,Kurta Set,M,Brown,False,In Stock,False,Valid SKU
SET273-KR-NP-S,SET273,871,Kurta Set,S,Brown,False,In Stock,False,Valid SKU
SET273-KR-NP-XL,SET273,445,Kurta Set,XL,Brown,False,In Stock,False,Valid SKU
SET273-KR-NP-XS,SET273,862,Kurta Set,XS,Brown,False,In Stock,False,Valid SKU
SET273-KR-NP-XXL,SET273,146,Kurta Set,XXL,Brown,False,In Stock,False,Valid SKU
SET273-KR-NP-XXXL,SET273,51,Kurta Set,XXXL,Brown,False,In Stock,False,Valid SKU
SET274-KR-PP-L,SET274,2,Kurta Set,L,Yellow,False,Low Stock,False,Valid SKU
SET274-KR-PP-M,SET274,11,Kurta Set,M,Yellow,False,In Stock,False,Valid SKU
SET274-KR-PP-S,SET274,14,Kurta Set,S,Yellow,False,In Stock,False,Valid SKU
SET274-KR-PP-XL,SET274,13,Kurta Set,XL,Yellow,False,In Stock,False,Valid SKU
SET274-KR-PP-XS,SET274,25,Kurta Set,XS,Yellow,False,In Stock,False,Valid SKU
SET274-KR-PP-XXL,SET274,39,Kurta Set,XXL,Yellow,False,In Stock,False,Valid SKU
SET274-KR-PP-XXXL,SET274,3,Kurta Set,XXXL,Yellow,False,Low Stock,False,Valid SKU
SET275-KR-NP-L,SET275,2,Set,L,Blue,False,Low Stock,False,Valid SKU
SET275-KR-NP-M,SET275,2,Set,M,Blue,False,Low Stock,False,Valid SKU
SET275-KR-NP-S,SET275,6,Set,S,Blue,False,In Stock,False,Valid SKU
SET275-KR-NP-XL,SET275,3,Set,XL,Blue,False,Low Stock,False,Valid SKU
SET275-KR-NP-XS,SET275,21,Set,XS,Blue,False,In Stock,False,Valid SKU
SET275-KR-NP-XXL,SET275,8,Set,XXL,Blue,False,In Stock,False,Valid SKU
SET275-KR-NP-XXXL,SET275,5,Set,XXXL,Blue,False,Low Stock,False,Valid SKU
SET276-KR-PP-L,SET276,45,Kurta Set,L,Blue,False,In Stock,False,Valid SKU
SET276-KR-PP-M,SET276,86,Kurta Set,M,Blue,False,In Stock,False,Valid SKU
SET276-KR-PP-S,SET276,72,Kurta Set,S,Blue,False,In Stock,False,Valid SKU
SET276-KR-PP-XL,SET276,40,Kurta Set,XL,Blue,False,In Stock,False,Valid SKU
SET276-KR-PP-XS,SET276,82,Kurta Set,XS,Blue,False,In Stock,False,Valid SKU
SET276-KR-PP-XXL,SET276,45,Kurta Set,XXL,Blue,False,In Stock,False,Valid SKU
SET276-KR-PP-XXXL,SET276,35,Kurta Set,XXXL,Blue,False,In Stock,False,Valid SKU
SET277-KR-NP-L,SET277,6,Kurta Set,L,Turquoise,False,In Stock,False,Valid SKU
SET277-KR-NP-M,SET277,4,Kurta Set,M,Turquoise,False,Low Stock,False,Valid SKU
SET277-KR-NP-S,SET277,32,Kurta Set,S,Turquoise,False,In Stock,False,Valid SKU
SET277-KR-NP-XL,SET277,5,Kurta Set,XL,Turquoise,False,Low Stock,False,Valid SKU
SET277-KR-NP-XS,SET277,8,Kurta Set,XS,Turquoise,False,In Stock,False,Valid SKU
SET277-KR-NP-XXL,SET277,9,Kurta Set,XXL,Turquoise,False,In Stock,False,Valid SKU
SET277-KR-NP-XXXL,SET277,11,Kurta Set,XXXL,Turquoise,False,In Stock,False,Valid SKU
SET278-KR-NP-L,SET278,7,Kurta Set,L,Orange,False,In Stock,False,Valid SKU
SET278-KR-NP-M,SET278,4,Kurta Set,M,Orange,False,Low Stock,False,Valid SKU
SET278-KR-NP-S,SET278,10,Kurta Set,S,Orange,False,In Stock,False,Valid SKU
SET278-KR-NP-XL,SET278,3,Kurta Set,XL,Orange,False,Low Stock,False,Valid SKU
SET278-KR-NP-XS,SET278,16,Kurta Set,XS,Orange,False,In Stock,False,Valid SKU
SET278-KR-NP-XXL,SET278,7,Kurta Set,XXL,Orange,False,In Stock,False,Valid SKU
SET278-KR-NP-XXXL,SET278,10,Kurta Set,XXXL,Orange,False,In Stock,False,Valid SKU
SET279-LC-L,SET279,33,Lehenga Choli,L,Teal,False,In Stock,False,Valid SKU
SET279-LC-M,SET279,10,Lehenga Choli,M,Teal,False,In Stock,False,Valid SKU
SET279-LC-S,SET279,5,Lehenga Choli,S,Teal,False,Low Stock,False,Valid SKU
SET279-LC-XL,SET279,40,Lehenga Choli,XL,Teal,False,In Stock,False,Valid SKU
SET279-LC-XS,SET279,14,Lehenga Choli,XS,Teal,False,In Stock,False,Valid SKU
SET279-LC-XXL,SET279,31,Lehenga Choli,XXL,Teal,False,In Stock,False,Valid SKU
SET279-LC-XXXL,SET279,15,Lehenga Choli,XXXL,Teal,False,In Stock,False,Valid SKU
SET280-KR-PP-L,SET280,1,Kurta Set,L,Pink,False,Low Stock,False,Valid SKU
SET280-KR-PP-M,SET280,3,Kurta Set,M,Pink,False,Low Stock,False,Valid SKU
SET280-KR-PP-S,SET280,4,Kurta Set,S,Pink,False,Low Stock,False,Valid SKU
SET280-KR-PP-XL,SET280,2,Kurta Set,XL,Pink,False,Low Stock,False,Valid SKU
SET280-KR-PP-XS,SET280,7,Kurta Set,XS,Pink,False,In Stock,False,Valid SKU
SET280-KR-PP-XXL,SET280,2,Kurta Set,XXL,Pink,False,Low Stock,False,Valid SKU
SET280-KR-PP-XXXL,SET280,3,Kurta Set,XXXL,Pink,False,Low Stock,False,Valid SKU
SET281-KR-PP-L,SET281,4,Set,L,Green,False,Low Stock,False,Valid SKU
SET281-KR-PP-M,SET281,4,Set,M,Green,False,Low Stock,False,Valid SKU
SET281-KR-PP-S,SET281,20,Set,S,Green,False,In Stock,False,Valid SKU
SET281-KR-PP-XL,SET281,3,Set,XL,Green,False,Low Stock,False,Valid SKU
SET281-KR-PP-XS,SET281,17,Set,XS,Green,False,In Stock,False,Valid SKU
SET281-KR-PP-XXL,SET281,4,Set,XXL,Green,False,Low Stock,False,Valid SKU
SET281-KR-PP-XXXL,SET281,8,Set,XXXL,Green,False,In Stock,False,Valid SKU
SET282-KR-PP-L,SET282,2,Kurta Set,L,Yellow,False,Low Stock,False,Valid SKU
SET282-KR-PP-M,SET282,3,Kurta Set,M,Yellow,False,Low Stock,False,Valid SKU
SET282-KR-PP-S,SET282,14,Kurta Set,S,Yellow,False,In Stock,False,Valid SKU
SET282-KR-PP-XL,SET282,2,Kurta Set,XL,Yellow,False,Low Stock,False,Valid SKU
SET282-KR-PP-XS,SET282,32,Kurta Set,XS,Yellow,False,In Stock,False,Valid SKU
SET282-KR-PP-XXL,SET282,3,Kurta Set,XXL,Yellow,False,Low Stock,False,Valid SKU
SET282-KR-PP-XXXL,SET282,0,Kurta Set,XXXL,Yellow,False,Out of Stock,False,Valid SKU
SET285-KR-SHA-L,SET285,7,Set,L,Teal,False,In Stock,False,Valid SKU
SET285-KR-SHA-M,SET285,2,Set,M,Teal,False,Low Stock,False,Valid SKU
SET285-KR-SHA-S,SET285,5,Set,S,Teal,False,Low Stock,False,Valid SKU
SET285-KR-SHA-XL,SET285,2,Set,XL,Teal,False,Low Stock,False,Valid SKU
SET285-KR-SHA-XS,SET285,19,Set,XS,Teal,False,In Stock,False,Valid SKU
SET285-KR-SHA-XXL,SET285,4,Set,XXL,Teal,False,Low Stock,False,Valid SKU
SET285-KR-SHA-XXXL,SET285,3,Set,XXXL,Teal,False,Low Stock,False,Valid SKU
SET286-KR-NP-L,SET286,27,Set,L,Maroon,False,In Stock,False,Valid SKU
SET286-KR-NP-M,SET286,40,Set,M,Maroon,False,In Stock,False,Valid SKU
SET286-KR-NP-S,SET286,33,Set,S,Maroon,False,In Stock,False,Valid SKU
SET286-KR-NP-XL,SET286,30,Set,XL,Maroon,False,In Stock,False,Valid SKU
SET286-KR-NP-XS,SET286,31,Set,XS,Maroon,False,In Stock,False,Valid SKU
SET286-KR-NP-XXL,SET286,5,Set,XXL,Maroon,False,Low Stock,False,Valid SKU
SET286-KR-NP-XXXL,SET286,9,Set,XXXL,Maroon,False,In Stock,False,Valid SKU
SET287-KR-NP-L,SET287,139,Kurta Set,L,Teal,False,In Stock,False,Valid SKU
SET287-KR-NP-M,SET287,218,Kurta Set,M,Teal,False,In Stock,False,Valid SKU
SET287-KR-NP-S,SET287,162,Kurta Set,S,Teal,False,In Stock,False,Valid SKU
SET287-KR-NP-XL,SET287,138,Kurta Set,XL,Teal,False,In Stock,False,Valid SKU
SET287-KR-NP-XS,SET287,104,Kurta Set,XS,Teal,False,In Stock,False,Valid SKU
SET287-KR-NP-XXL,SET287,86,Kurta Set,XXL,Teal,False,In Stock,False,Valid SKU
SET287-KR-NP-XXXL,SET287,80,Kurta Set,XXXL,Teal,False,In Stock,False,Valid SKU
SET288-KR-NP-L,SET288,5,Set,L,Grey,False,Low Stock,False,Valid SKU
SET288-KR-NP-M,SET288,6,Set,M,Grey,False,In Stock,False,Valid SKU
SET288-KR-NP-S,SET288,16,Set,S,Grey,False,In Stock,False,Valid SKU
SET288-KR-NP-XL,SET288,10,Set,XL,Grey,False,In Stock,False,Valid SKU
SET288-KR-NP-XS,SET288,44,Set,XS,Grey,False,In Stock,False,Valid SKU
SET288-KR-NP-XXL,SET288,10,Set,XXL,Grey,False,In Stock,False,Valid SKU
SET288-KR-NP-XXXL,SET288,6,Set,XXXL,Grey,False,In Stock,False,Valid SKU
SET289-KR-NP-L,SET289,14,Set,L,Maroon,False,In Stock,False,Valid SKU
SET289-KR-NP-M,SET289,23,Set,M,Maroon,False,In Stock,False,Valid SKU
SET289-KR-NP-S,SET289,26,Set,S,Maroon,False,In Stock,False,Valid SKU
SET289-KR-NP-XL,SET289,23,Set,XL,Maroon,False,In Stock,False,Valid SKU
SET289-KR-NP-XS,SET289,42,Set,XS,Maroon,False,In Stock,False,Valid SKU
SET289-KR-NP-XXL,SET289,26,Set,XXL,Maroon,False,In Stock,False,Valid SKU
SET289-KR-NP-XXXL,SET289,20,Set,XXXL,Maroon,False,In Stock,False,Valid SKU
SET290-KR-DPT-L,SET290,53,Set,L,Navy,False,In Stock,False,Valid SKU
SET290-KR-DPT-M,SET290,18,Set,M,Navy,False,In Stock,False,Valid SKU
SET290-KR-DPT-S,SET290,6,Set,S,Navy,False,In Stock,False,Valid SKU
SET290-KR-DPT-XL,SET290,34,Set,XL,Navy,False,In Stock,False,Valid SKU
SET290-KR-DPT-XS,SET290,38,Set,XS,Navy,False,In Stock,False,Valid SKU
SET290-KR-DPT-XXL,SET290,34,Set,XXL,Navy,False,In Stock,False,Valid SKU
SET290-KR-DPT-XXXL,SET290,37,Set,XXXL,Navy,False,In Stock,False,Valid SKU
SET291-KR-PP-L,SET291,6,Kurta Set,L,Teal,False,In Stock,False,Valid SKU
SET291-KR-PP-M,SET291,13,Kurta Set,M,Teal,False,In Stock,False,Valid SKU
SET291-KR-PP-S,SET291,15,Kurta Set,S,Teal,False,In Stock,False,Valid SKU
SET291-KR-PP-XL,SET291,3,Kurta Set,XL,Teal,False,Low Stock,False,Valid SKU
SET291-KR-PP-XS,SET291,6,Kurta Set,XS,Teal,False,In Stock,False,Valid SKU
SET291-KR-PP-XXL,SET291,4,Kurta Set,XXL,Teal,False,Low Stock,False,Valid SKU
SET291-KR-PP-XXXL,SET291,8,Kurta Set,XXXL,Teal,False,In Stock,False,Valid SKU
SET293-KR-NP-L,SET293,4,Kurta Set,L,Blue,False,Low Stock,False,Valid SKU
SET293-KR-NP-M,SET293,6,Kurta Set,M,Blue,False,In Stock,False,Valid SKU
SET293-KR-NP-S,SET293,2,Kurta Set,S,Blue,False,Low Stock,False,Valid SKU
SET293-KR-NP-XL,SET293,4,Kurta Set,XL,Blue,False,Low Stock,False,Valid SKU
SET293-KR-NP-XS,SET293,5,Kurta Set,XS,Blue,False,Low Stock,False,Valid SKU
SET293-KR-NP-XXL,SET293,7,Kurta Set,XXL,Blue,False,In Stock,False,Valid SKU
SET293-KR-NP-XXXL,SET293,7,Kurta Set,XXXL,Blue,False,In Stock,False,Valid SKU
SET295-KR-NP-L,SET295,4,Kurta Set,L,Black,False,Low Stock,False,Valid SKU
SET295-KR-NP-M,SET295,2,Kurta Set,M,Black,False,Low Stock,False,Valid SKU
SET295-KR-NP-S,SET295,4,Kurta Set,S,Black,False,Low Stock,False,Valid SKU
SET295-KR-NP-XL,SET295,2,Kurta Set,XL,Black,False,Low Stock,False,Valid SKU
SET295-KR-NP-XS,SET295,4,Kurta Set,XS,Black,False,Low Stock,False,Valid SKU
SET295-KR-NP-XXL,SET295,2,Kurta Set,XXL,Black,False,Low Stock,False,Valid SKU
SET295-KR-NP-XXXL,SET295,4,Kurta Set,XXXL,Black,False,Low Stock,False,Valid SKU
SET297-KR-NP-L,SET297,0,Kurta Set,L,Yellow,False,Out of Stock,False,Valid SKU
SET297-KR-NP-M,SET297,0,Kurta Set,M,Yellow,False,Out of Stock,False,Valid SKU
SET297-KR-NP-S,SET297,0,Kurta Set,S,Yellow,False,Out of Stock,False,Valid SKU
SET297-KR-NP-XL,SET297,0,Kurta Set,XL,Yellow,False,Out of Stock,False,Valid SKU
SET297-KR-NP-XS,SET297,2,Kurta Set,XS,Yellow,False,Low Stock,False,Valid SKU
SET297-KR-NP-XXL,SET297,3,Kurta Set,XXL,Yellow,False,Low Stock,False,Valid SKU
SET297-KR-NP-XXXL,SET297,17,Kurta Set,XXXL,Yellow,False,In Stock,False,Valid SKU
SET299-KR-PP-L,SET299,49,Set,L,Blue,False,In Stock,False,Valid SKU
SET299-KR-PP-M,SET299,46,Set,M,Blue,False,In Stock,False,Valid SKU
SET299-KR-PP-S,SET299,45,Set,S,Blue,False,In Stock,False,Valid SKU
SET299-KR-PP-XL,SET299,55,Set,XL,Blue,False,In Stock,False,Valid SKU
SET299-KR-PP-XS,SET299,47,Set,XS,Blue,False,In Stock,False,Valid SKU
SET299-KR-PP-XXL,SET299,54,Set,XXL,Blue,False,In Stock,False,Valid SKU
SET299-KR-PP-XXXL,SET299,43,Set,XXXL,Blue,False,In Stock,False,Valid SKU
SET300-KR-NP-L,SET300,16,Set,L,Coral,False,In Stock,False,Valid SKU
SET300-KR-NP-M,SET300,31,Set,M,Coral,False,In Stock,False,Valid SKU
SET300-KR-NP-S,SET300,33,Set,S,Coral,False,In Stock,False,Valid SKU
SET300-KR-NP-XL,SET300,34,Set,XL,Coral,False,In Stock,False,Valid SKU
SET300-KR-NP-XS,SET300,18,Set,XS,Coral,False,In Stock,False,Valid SKU
SET300-KR-NP-XXL,SET300,24,Set,XXL,Coral,False,In Stock,False,Valid SKU
SET300-KR-NP-XXXL,SET300,7,Set,XXXL,Coral,False,In Stock,False,Valid SKU
SET301-KR-PP-L,SET301,53,Set,L,Magenta,False,In Stock,False,Valid SKU
SET301-KR-PP-M,SET301,57,Set,M,Magenta,False,In Stock,False,Valid SKU
SET301-KR-PP-S,SET301,66,Set,S,Magenta,False,In Stock,False,Valid SKU
SET301-KR-PP-XL,SET301,62,Set,XL,Magenta,False,In Stock,False,Valid SKU
SET301-KR-PP-XS,SET301,55,Set,XS,Magenta,False,In Stock,False,Valid SKU
SET301-KR-PP-XXL,SET301,53,Set,XXL,Magenta,False,In Stock,False,Valid SKU
SET301-KR-PP-XXXL,SET301,56,Set,XXXL,Magenta,False,In Stock,False,Valid SKU
SET302-KR-PP-L,SET302,2,Set,L,Sky Blue,False,Low Stock,False,Valid SKU
SET302-KR-PP-M,SET302,12,Set,M,Sky Blue,False,In Stock,False,Valid SKU
SET302-KR-PP-S,SET302,19,Set,S,Sky Blue,False,In Stock,False,Valid SKU
SET302-KR-PP-XL,SET302,5,Set,XL,Sky Blue,False,Low Stock,False,Valid SKU
SET302-KR-PP-XS,SET302,21,Set,XS,Sky Blue,False,In Stock,False,Valid SKU
SET302-KR-PP-XXL,SET302,17,Set,XXL,Sky Blue,False,In Stock,False,Valid SKU
SET302-KR-PP-XXXL,SET302,9,Set,XXXL,Sky Blue,False,In Stock,False,Valid SKU
SET303-KR-NP-L,SET303,37,Kurta Set,L,Teal,False,In Stock,False,Valid SKU
SET303-KR-NP-M,SET303,41,Kurta Set,M,Teal,False,In Stock,False,Valid SKU
SET303-KR-NP-S,SET303,5,Kurta Set,S,Teal,False,Low Stock,False,Valid SKU
SET303-KR-NP-XL,SET303,32,Kurta Set,XL,Teal,False,In Stock,False,Valid SKU
SET303-KR-NP-XS,SET303,47,Kurta Set,XS,Teal,False,In Stock,False,Valid SKU
SET303-KR-NP-XXL,SET303,24,Kurta Set,XXL,Teal,False,In Stock,False,Valid SKU
SET303-KR-NP-XXXL,SET303,8,Kurta Set,XXXL,Teal,False,In Stock,False,Valid SKU
SET304-KR-DPT-L,SET304,22,Kurta Set,L,Grey,False,In Stock,False,Valid SKU
SET304-KR-DPT-M,SET304,154,Kurta Set,M,Grey,False,In Stock,False,Valid SKU
SET304-KR-DPT-S,SET304,74,Kurta Set,S,Grey,False,In Stock,False,Valid SKU
SET304-KR-DPT-XL,SET304,59,Kurta Set,XL,Grey,False,In Stock,False,Valid SKU
SET304-KR-DPT-XS,SET304,180,Kurta Set,XS,Grey,False,In Stock,False,Valid SKU
SET304-KR-DPT-XXL,SET304,14,Kurta Set,XXL,Grey,False,In Stock,False,Valid SKU
SET304-KR-DPT-XXXL,SET304,34,Kurta Set,XXXL,Grey,False,In Stock,False,Valid SKU
SET305-KR-DPT-L,SET305,22,Kurta Set,L,Peach,False,In Stock,False,Valid SKU
SET305-KR-DPT-M,SET305,55,Kurta Set,M,Peach,False,In Stock,False,Valid SKU
SET305-KR-DPT-S,SET305,98,Kurta Set,S,Peach,False,In Stock,False,Valid SKU
SET305-KR-DPT-XL,SET305,37,Kurta Set,XL,Peach,False,In Stock,False,Valid SKU
SET305-KR-DPT-XS,SET305,39,Kurta Set,XS,Peach,False,In Stock,False,Valid SKU
SET305-KR-DPT-XXL,SET305,18,Kurta Set,XXL,Peach,False,In Stock,False,Valid SKU
SET305-KR-DPT-XXXL,SET305,7,Kurta Set,XXXL,Peach,False,In Stock,False,Valid SKU
SET306-KR-PP-L,SET306,93,Kurta Set,L,Green,False,In Stock,False,Valid SKU
SET306-KR-PP-M,SET306,75,Kurta Set,M,Green,False,In Stock,False,Valid SKU
SET306-KR-PP-S,SET306,67,Kurta Set,S,Green,False,In Stock,False,Valid SKU
SET306-KR-PP-XL,SET306,77,Kurta Set,XL,Green,False,In Stock,False,Valid SKU
SET306-KR-PP-XS,SET306,61,Kurta Set,XS,Green,False,In Stock,False,Valid SKU
SET306-KR-PP-XXL,SET306,45,Kurta Set,XXL,Green,False,In Stock,False,Valid SKU
SET306-KR-PP-XXXL,SET306,23,Kurta Set,XXXL,Green,False,In Stock,False,Valid SKU
SET307-KR-DPT-L,SET307,34,Kurta Set,L,Grey,False,In Stock,False,Valid SKU
SET307-KR-DPT-M,SET307,46,Kurta Set,M,Grey,False,In Stock,False,Valid SKU
SET307-KR-DPT-S,SET307,53,Kurta Set,S,Grey,False,In Stock,False,Valid SKU
SET307-KR-DPT-XL,SET307,29,Kurta Set,XL,Grey,False,In Stock,False,Valid SKU
SET307-KR-DPT-XS,SET307,37,Kurta Set,XS,Grey,False,In Stock,False,Valid SKU
SET307-KR-DPT-XXL,SET307,15,Kurta Set,XXL,Grey,False,In Stock,False,Valid SKU
SET307-KR-DPT-XXXL,SET307,29,Kurta Set,XXXL,Grey,False,In Stock,False,Valid SKU
SET308-KR-PP-L,SET308,48,Kurta Set,L,Grey,False,In Stock,False,Valid SKU
SET308-KR-PP-M,SET308,90,Kurta Set,M,Grey,False,In Stock,False,Valid SKU
SET308-KR-PP-S,SET308,58,Kurta Set,S,Grey,False,In Stock,False,Valid SKU
SET308-KR-PP-XL,SET308,43,Kurta Set,XL,Grey,False,In Stock,False,Valid SKU
SET308-KR-PP-XS,SET308,29,Kurta Set,XS,Grey,False,In Stock,False,Valid SKU
SET308-KR-PP-XXL,SET308,29,Kurta Set,XXL,Grey,False,In Stock,False,Valid SKU
SET308-KR-PP-XXXL,SET308,27,Kurta Set,XXXL,Grey,False,In Stock,False,Valid SKU
SET310-KR-NP-L,SET310,6,Set,L,Green,False,In Stock,False,Valid SKU
SET310-KR-NP-M,SET310,15,Set,M,Green,False,In Stock,False,Valid SKU
SET310-KR-NP-S,SET310,27,Set,S,Green,False,In Stock,False,Valid SKU
SET310-KR-NP-XL,SET310,3,Set,XL,Green,False,Low Stock,False,Valid SKU
SET310-KR-NP-XS,SET310,34,Set,XS,Green,False,In Stock,False,Valid SKU
SET310-KR-NP-XXL,SET310,13,Set,XXL,Green,False,In Stock,False,Valid SKU
SET310-KR-NP-XXXL,SET310,15,Set,XXXL,Green,False,In Stock,False,Valid SKU
SET311-KR-NP-L,SET311,53,Set,L,Yellow,False,In Stock,False,Valid SKU
SET311-KR-NP-M,SET311,56,Set,M,Yellow,False,In Stock,False,Valid SKU
SET311-KR-NP-S,SET311,56,Set,S,Yellow,False,In Stock,False,Valid SKU
SET311-KR-NP-XL,SET311,60,Set,XL,Yellow,False,In Stock,False,Valid SKU
SET311-KR-NP-XS,SET311,61,Set,XS,Yellow,False,In Stock,False,Valid SKU
SET311-KR-NP-XXL,SET311,64,Set,XXL,Yellow,False,In Stock,False,Valid SKU
SET311-KR-NP-XXXL,SET311,61,Set,XXXL,Yellow,False,In Stock,False,Valid SKU
SET313-KR-NP-L,SET313,33,Set,L,White,False,In Stock,False,Valid SKU
SET313-KR-NP-M,SET313,3,Set,M,White,False,Low Stock,False,Valid SKU
SET313-KR-NP-S,SET313,14,Set,S,White,False,In Stock,False,Valid SKU
SET313-KR-NP-XL,SET313,22,Set,XL,White,False,In Stock,False,Valid SKU
SET313-KR-NP-XS,SET313,7,Set,XS,White,False,In Stock,False,Valid SKU
SET313-KR-NP-XXL,SET313,44,Set,XXL,White,False,In Stock,False,Valid SKU
SET313-KR-NP-XXXL,SET313,34,Set,XXXL,White,False,In Stock,False,Valid SKU
SET315-KR-PP-L,SET315,62,Kurta Set,L,White,False,In Stock,False,Valid SKU
SET315-KR-PP-M,SET315,49,Kurta Set,M,White,False,In Stock,False,Valid SKU
SET315-KR-PP-S,SET315,63,Kurta Set,S,White,False,In Stock,False,Valid SKU
SET315-KR-PP-XL,SET315,55,Kurta Set,XL,White,False,In Stock,False,Valid SKU
SET315-KR-PP-XS,SET315,32,Kurta Set,XS,White,False,In Stock,False,Valid SKU
SET315-KR-PP-XXL,SET315,58,Kurta Set,XXL,White,False,In Stock,False,Valid SKU
SET315-KR-PP-XXXL,SET315,38,Kurta Set,XXXL,White,False,In Stock,False,Valid SKU
SET316-KR-DPT-L,SET316,93,Kurta Set,L,Navy Blue,False,In Stock,False,Valid SKU
SET316-KR-DPT-M,SET316,52,Kurta Set,M,Navy Blue,False,In Stock,False,Valid SKU
SET316-KR-DPT-S,SET316,63,Kurta Set,S,Navy Blue,False,In Stock,False,Valid SKU
SET316-KR-DPT-XL,SET316,42,Kurta Set,XL,Navy Blue,False,In Stock,False,Valid SKU
SET316-KR-DPT-XS,SET316,76,Kurta Set,XS,Navy Blue,False,In Stock,False,Valid SKU
SET316-KR-DPT-XXL,SET316,52,Kurta Set,XXL,Navy Blue,False,In Stock,False,Valid SKU
SET316-KR-DPT-XXXL,SET316,9,Kurta Set,XXXL,Navy Blue,False,In Stock,False,Valid SKU
SET317-KR-PP-L,SET317,6,Kurta Set,L,Olive Green,False,In Stock,False,Valid SKU
SET317-KR-PP-M,SET317,5,Kurta Set,M,Olive Green,False,Low Stock,False,Valid SKU
SET317-KR-PP-S,SET317,9,Kurta Set,S,Olive Green,False,In Stock,False,Valid SKU
SET317-KR-PP-XL,SET317,18,Kurta Set,XL,Olive Green,False,In Stock,False,Valid SKU
SET317-KR-PP-XS,SET317,20,Kurta Set,XS,Olive Green,False,In Stock,False,Valid SKU
SET317-KR-PP-XXL,SET317,32,Kurta Set,XXL,Olive Green,False,In Stock,False,Valid SKU
SET317-KR-PP-XXXL,SET317,7,Kurta Set,XXXL,Olive Green,False,In Stock,False,Valid SKU
SET318-KR-SHA-L,SET318,19,Kurta Set,L,Orange,False,In Stock,False,Valid SKU
SET318-KR-SHA-M,SET318,3,Kurta Set,M,Orange,False,Low Stock,False,Valid SKU
SET318-KR-SHA-S,SET318,4,Kurta Set,S,Orange,False,Low Stock,False,Valid SKU
SET318-KR-SHA-XL,SET318,30,Kurta Set,XL,Orange,False,In Stock,False,Valid SKU
SET318-KR-SHA-XS,SET318,3,Kurta Set,XS,Orange,False,Low Stock,False,Valid SKU
SET318-KR-SHA-XXL,SET318,55,Kurta Set,XXL,Orange,False,In Stock,False,Valid SKU
SET318-KR-SHA-XXXL,SET318,38,Kurta Set,XXXL,Orange,False,In Stock,False,Valid SKU
SET319-KR-NP-L,SET319,9,Kurta Set,L,Pink,False,In Stock,False,Valid SKU
SET319-KR-NP-M,SET319,5,Kurta Set,M,Pink,False,Low Stock,False,Valid SKU
SET319-KR-NP-S,SET319,10,Kurta Set,S,Pink,False,In Stock,False,Valid SKU
SET319-KR-NP-XL,SET319,8,Kurta Set,XL,Pink,False,In Stock,False,Valid SKU
SET319-KR-NP-XS,SET319,6,Kurta Set,XS,Pink,False,In Stock,False,Valid SKU
SET319-KR-NP-XXL,SET319,6,Kurta Set,XXL,Pink,False,In Stock,False,Valid SKU
SET319-KR-NP-XXXL,SET319,10,Kurta Set,XXXL,Pink,False,In Stock,False,Valid SKU
SET320-KR-NP-L,SET320,32,Set,L,Green,False,In Stock,False,Valid SKU
SET320-KR-NP-M,SET320,66,Set,M,Green,False,In Stock,False,Valid SKU
SET320-KR-NP-S,SET320,42,Set,S,Green,False,In Stock,False,Valid SKU
SET320-KR-NP-XL,SET320,27,Set,XL,Green,False,In Stock,False,Valid SKU
SET320-KR-NP-XS,SET320,24,Set,XS,Green,False,In Stock,False,Valid SKU
SET320-KR-NP-XXL,SET320,40,Set,XXL,Green,False,In Stock,False,Valid SKU
SET320-KR-NP-XXXL,SET320,1,Set,XXXL,Green,False,Low Stock,False,Valid SKU
SET321-KR-DPT-L,SET321,76,Kurta Set,L,Mustard,False,In Stock,False,Valid SKU
SET321-KR-DPT-M,SET321,58,Kurta Set,M,Mustard,False,In Stock,False,Valid SKU
SET321-KR-DPT-S,SET321,47,Kurta Set,S,Mustard,False,In Stock,False,Valid SKU
SET321-KR-DPT-XL,SET321,35,Kurta Set,XL,Mustard,False,In Stock,False,Valid SKU
SET321-KR-DPT-XS,SET321,16,Kurta Set,XS,Mustard,False,In Stock,False,Valid SKU
SET321-KR-DPT-XXL,SET321,54,Kurta Set,XXL,Mustard,False,In Stock,False,Valid SKU
SET321-KR-DPT-XXXL,SET321,27,Kurta Set,XXXL,Mustard,False,In Stock,False,Valid SKU
SET322-KR-SHA-L,SET322,3,Set,L,Maroon,False,Low Stock,False,Valid SKU
SET322-KR-SHA-M,SET322,4,Set,M,Maroon,False,Low Stock,False,Valid SKU
SET322-KR-SHA-S,SET322,2,Set,S,Maroon,False,Low Stock,False,Valid SKU
SET322-KR-SHA-XL,SET322,15,Set,XL,Maroon,False,In Stock,False,Valid SKU
SET322-KR-SHA-XS,SET322,5,Set,XS,Maroon,False,Low Stock,False,Valid SKU
SET322-KR-SHA-XXL,SET322,22,Set,XXL,Maroon,False,In Stock,False,Valid SKU
SET322-KR-SHA-XXXL,SET322,11,Set,XXXL,Maroon,False,In Stock,False,Valid SKU
SET323-KR-NP-L,SET323,27,Kurta Set,L,White,False,In Stock,False,Valid SKU
SET323-KR-NP-M,SET323,15,Kurta Set,M,White,False,In Stock,False,Valid SKU
SET323-KR-NP-S,SET323,9,Kurta Set,S,White,False,In Stock,False,Valid SKU
SET323-KR-NP-XL,SET323,7,Kurta Set,XL,White,False,In Stock,False,Valid SKU
SET323-KR-NP-XS,SET323,10,Kurta Set,XS,White,False,In Stock,False,Valid SKU
SET323-KR-NP-XXL,SET323,8,Kurta Set,XXL,White,False,In Stock,False,Valid SKU
SET323-KR-NP-XXXL,SET323,14,Kurta Set,XXXL,White,False,In Stock,False,Valid SKU
SET324-KR-NP-L,SET324,6,Kurta Set,L,Peach,False,In Stock,False,Valid SKU
SET324-KR-NP-M,SET324,8,Kurta Set,M,Peach,False,In Stock,False,Valid SKU
SET324-KR-NP-S,SET324,10,Kurta Set,S,Peach,False,In Stock,False,Valid SKU
SET324-KR-NP-XL,SET324,11,Kurta Set,XL,Peach,False,In Stock,False,Valid SKU
SET324-KR-NP-XS,SET324,16,Kurta Set,XS,Peach,False,In Stock,False,Valid SKU
SET324-KR-NP-XXL,SET324,5,Kurta Set,XXL,Peach,False,Low Stock,False,Valid SKU
SET324-KR-NP-XXXL,SET324,8,Kurta Set,XXXL,Peach,False,In Stock,False,Valid SKU
SET325-KR-NP-L,SET325,69,Kurta Set,L,Black,False,In Stock,False,Valid SKU
SET325-KR-NP-M,SET325,60,Kurta Set,M,Black,False,In Stock,False,Valid SKU
SET325-KR-NP-S,SET325,61,Kurta Set,S,Black,False,In Stock,False,Valid SKU
SET325-KR-NP-XL,SET325,44,Kurta Set,XL,Black,False,In Stock,False,Valid SKU
SET325-KR-NP-XS,SET325,19,Kurta Set,XS,Black,False,In Stock,False,Valid SKU
SET325-KR-NP-XXL,SET325,28,Kurta Set,XXL,Black,False,In Stock,False,Valid SKU
SET325-KR-NP-XXXL,SET325,9,Kurta Set,XXXL,Black,False,In Stock,False,Valid SKU
SET326-KR-PP-L,SET326,5,Kurta Set,L,Beige,False,Low Stock,False,Valid SKU
SET326-KR-PP-M,SET326,35,Kurta Set,M,Beige,False,In Stock,False,Valid SKU
SET326-KR-PP-S,SET326,35,Kurta Set,S,Beige,False,In Stock,False,Valid SKU
SET326-KR-PP-XL,SET326,13,Kurta Set,XL,Beige,False,In Stock,False,Valid SKU
SET326-KR-PP-XS,SET326,42,Kurta Set,XS,Beige,False,In Stock,False,Valid SKU
SET326-KR-PP-XXL,SET326,14,Kurta Set,XXL,Beige,False,In Stock,False,Valid SKU
SET326-KR-PP-XXXL,SET326,29,Kurta Set,XXXL,Beige,False,In Stock,False,Valid SKU
SET327-KR-DPT-L,SET327,12,Set,L,Black,False,In Stock,False,Valid SKU
SET327-KR-DPT-M,SET327,9,Set,M,Black,False,In Stock,False,Valid SKU
SET327-KR-DPT-S,SET327,49,Set,S,Black,False,In Stock,False,Valid SKU
SET327-KR-DPT-XL,SET327,27,Set,XL,Black,False,In Stock,False,Valid SKU
SET327-KR-DPT-XS,SET327,63,Set,XS,Black,False,In Stock,False,Valid SKU
SET327-KR-DPT-XXL,SET327,52,Set,XXL,Black,False,In Stock,False,Valid SKU
SET327-KR-DPT-XXXL,SET327,49,Set,XXXL,Black,False,In Stock,False,Valid SKU
SET328-KR-NP-L,SET328,16,Kurta Set,L,Black,False,In Stock,False,Valid SKU
SET328-KR-NP-M,SET328,20,Kurta Set,M,Black,False,In Stock,False,Valid SKU
SET328-KR-NP-S,SET328,14,Kurta Set,S,Black,False,In Stock,False,Valid SKU
SET328-KR-NP-XL,SET328,2,Kurta Set,XL,Black,False,Low Stock,False,Valid SKU
SET328-KR-NP-XS,SET328,12,Kurta Set,XS,Black,False,In Stock,False,Valid SKU
SET328-KR-NP-XXL,SET328,15,Kurta Set,XXL,Black,False,In Stock,False,Valid SKU
SET328-KR-NP-XXXL,SET328,38,Kurta Set,XXXL,Black,False,In Stock,False,Valid SKU
SET329-KR-NP-L,SET329,97,Kurta Set,L,Peach,False,In Stock,False,Valid SKU
SET329-KR-NP-M,SET329,292,Kurta Set,M,Peach,False,In Stock,False,Valid SKU
SET329-KR-NP-S,SET329,252,Kurta Set,S,Peach,False,In Stock,False,Valid SKU
SET329-KR-NP-XL,SET329,196,Kurta Set,XL,Peach,False,In Stock,False,Valid SKU
SET329-KR-NP-XS,SET329,227,Kurta Set,XS,Peach,False,In Stock,False,Valid SKU
SET329-KR-NP-XXL,SET329,97,Kurta Set,XXL,Peach,False,In Stock,False,Valid SKU
SET329-KR-NP-XXXL,SET329,85,Kurta Set,XXXL,Peach,False,In Stock,False,Valid SKU
SET330-KR-PP-L,SET330,2,Kurta Set,L,Green,False,Low Stock,False,Valid SKU
SET330-KR-PP-M,SET330,1,Kurta Set,M,Green,False,Low Stock,False,Valid SKU
SET330-KR-PP-S,SET330,3,Kurta Set,S,Green,False,Low Stock,False,Valid SKU
SET330-KR-PP-XL,SET330,3,Kurta Set,XL,Green,False,Low Stock,False,Valid SKU
SET330-KR-PP-XS,SET330,29,Kurta Set,XS,Green,False,In Stock,False,Valid SKU
SET330-KR-PP-XXL,SET330,28,Kurta Set,XXL,Green,False,In Stock,False,Valid SKU
SET330-KR-PP-XXXL,SET330,5,Kurta Set,XXXL,Green,False,Low Stock,False,Valid SKU
SET331-KR-NP-L,SET331,217,Kurta Set,L,Green,False,In Stock,False,Valid SKU
SET331-KR-NP-M,SET331,229,Kurta Set,M,Green,False,In Stock,False,Valid SKU
SET331-KR-NP-S,SET331,161,Kurta Set,S,Green,False,In Stock,False,Valid SKU
SET331-KR-NP-XL,SET331,198,Kurta Set,XL,Green,False,In Stock,False,Valid SKU
SET331-KR-NP-XS,SET331,209,Kurta Set,XS,Green,False,In Stock,False,Valid SKU
SET331-KR-NP-XXL,SET331,116,Kurta Set,XXL,Green,False,In Stock,False,Valid SKU
SET331-KR-NP-XXXL,SET331,158,Kurta Set,XXXL,Green,False,In Stock,False,Valid SKU
SET332-KR-PP-L,SET332,38,Set,L,Black,False,In Stock,False,Valid SKU
SET332-KR-PP-M,SET332,33,Set,M,Black,False,In Stock,False,Valid SKU
SET332-KR-PP-S,SET332,39,Set,S,Black,False,In Stock,False,Valid SKU
SET332-KR-PP-XL,SET332,59,Set,XL,Black,False,In Stock,False,Valid SKU
SET332-KR-PP-XS,SET332,48,Set,XS,Black,False,In Stock,False,Valid SKU
SET332-KR-PP-XXL,SET332,51,Set,XXL,Black,False,In Stock,False,Valid SKU
SET332-KR-PP-XXXL,SET332,14,Set,XXXL,Black,False,In Stock,False,Valid SKU
SET333-KR-DPT-L,SET333,5,Kurta Set,L,Teal,False,Low Stock,False,Valid SKU
SET333-KR-DPT-M,SET333,3,Kurta Set,M,Teal,False,Low Stock,False,Valid SKU
SET333-KR-DPT-S,SET333,4,Kurta Set,S,Teal,False,Low Stock,False,Valid SKU
SET333-KR-DPT-XL,SET333,4,Kurta Set,XL,Teal,False,Low Stock,False,Valid SKU
SET333-KR-DPT-XS,SET333,7,Kurta Set,XS,Teal,False,In Stock,False,Valid SKU
SET333-KR-DPT-XXL,SET333,7,Kurta Set,XXL,Teal,False,In Stock,False,Valid SKU
SET333-KR-DPT-XXXL,SET333,9,Kurta Set,XXXL,Teal,False,In Stock,False,Valid SKU
SET334-KR-NP-L,SET334,47,Set,L,Grey,False,In Stock,False,Valid SKU
SET334-KR-NP-M,SET334,46,Set,M,Grey,False,In Stock,False,Valid SKU
SET334-KR-NP-S,SET334,18,Set,S,Grey,False,In Stock,False,Valid SKU
SET334-KR-NP-XL,SET334,33,Set,XL,Grey,False,In Stock,False,Valid SKU
SET334-KR-NP-XS,SET334,11,Set,XS,Grey,False,In Stock,False,Valid SKU
SET334-KR-NP-XXL,SET334,14,Set,XXL,Grey,False,In Stock,False,Valid SKU
SET334-KR-NP-XXXL,SET334,35,Set,XXXL,Grey,False,In Stock,False,Valid SKU
SET335-KR-NP-L,SET335,2,Set,L,Black,False,Low Stock,False,Valid SKU
SET335-KR-NP-M,SET335,12,Set,M,Black,False,In Stock,False,Valid SKU
SET335-KR-NP-S,SET335,58,Set,S,Black,False,In Stock,False,Valid SKU
SET335-KR-NP-XL,SET335,59,Set,XL,Black,False,In Stock,False,Valid SKU
SET335-KR-NP-XS,SET335,59,Set,XS,Black,False,In Stock,False,Valid SKU
SET335-KR-NP-XXL,SET335,65,Set,XXL,Black,False,In Stock,False,Valid SKU
SET335-KR-NP-XXXL,SET335,49,Set,XXXL,Black,False,In Stock,False,Valid SKU
SET336-KR-NP-L,SET336,4,Set,L,Maroon,False,Low Stock,False,Valid SKU
SET336-KR-NP-M,SET336,2,Set,M,Maroon,False,Low Stock,False,Valid SKU
SET336-KR-NP-S,SET336,3,Set,S,Maroon,False,Low Stock,False,Valid SKU
SET336-KR-NP-XL,SET336,3,Set,XL,Maroon,False,Low Stock,False,Valid SKU
SET336-KR-NP-XS,SET336,2,Set,XS,Maroon,False,Low Stock,False,Valid SKU
SET336-KR-NP-XXL,SET336,5,Set,XXL,Maroon,False,Low Stock,False,Valid SKU
SET337-KR-NP-L,SET337,2,Kurta Set,L,Maroon,False,Low Stock,False,Valid SKU
SET337-KR-NP-M,SET337,1,Kurta Set,M,Maroon,False,Low Stock,False,Valid SKU
SET337-KR-NP-S,SET337,4,Kurta Set,S,Maroon,False,Low Stock,False,Valid SKU
SET337-KR-NP-XL,SET337,2,Kurta Set,XL,Maroon,False,Low Stock,False,Valid SKU
SET337-KR-NP-XS,SET337,5,Kurta Set,XS,Maroon,False,Low Stock,False,Valid SKU
SET337-KR-NP-XXL,SET337,3,Kurta Set,XXL,Maroon,False,Low Stock,False,Valid SKU
SET338-KR-NP-L,SET338,8,Kurta Set,L,Maroon,False,In Stock,False,Valid SKU
SET338-KR-NP-M,SET338,13,Kurta Set,M,Maroon,False,In Stock,False,Valid SKU
SET338-KR-NP-S,SET338,7,Kurta Set,S,Maroon,False,In Stock,False,Valid SKU
SET338-KR-NP-XL,SET338,8,Kurta Set,XL,Maroon,False,In Stock,False,Valid SKU
SET338-KR-NP-XS,SET338,28,Kurta Set,XS,Maroon,False,In Stock,False,Valid SKU
SET338-KR-NP-XXL,SET338,13,Kurta Set,XXL,Maroon,False,In Stock,False,Valid SKU
SET339-KR-NP-L,SET339,5,Set,L,Maroon,False,Low Stock,False,Valid SKU
SET339-KR-NP-M,SET339,4,Set,M,Maroon,False,Low Stock,False,Valid SKU
SET339-KR-NP-S,SET339,8,Set,S,Maroon,False,In Stock,False,Valid SKU
SET339-KR-NP-XL,SET339,5,Set,XL,Maroon,False,Low Stock,False,Valid SKU
SET339-KR-NP-XS,SET339,6,Set,XS,Maroon,False,In Stock,False,Valid SKU
SET339-KR-NP-XXL,SET339,8,Set,XXL,Maroon,False,In Stock,False,Valid SKU
SET339-KR-NP-XXXL,SET339,8,Set,XXXL,Maroon,False,In Stock,False,Valid SKU
SET340-KR-NP-L,SET340,1,Set,L,Maroon,False,Low Stock,False,Valid SKU
SET340-KR-NP-M,SET340,2,Set,M,Maroon,False,Low Stock,False,Valid SKU
SET340-KR-NP-S,SET340,7,Set,S,Maroon,False,In Stock,False,Valid SKU
SET340-KR-NP-XL,SET340,3,Set,XL,Maroon,False,Low Stock,False,Valid SKU
SET340-KR-NP-XS,SET340,5,Set,XS,Maroon,False,Low Stock,False,Valid SKU
SET340-KR-NP-XXL,SET340,6,Set,XXL,Maroon,False,In Stock,False,Valid SKU
SET340-KR-NP-XXXL,SET340,8,Set,XXXL,Maroon,False,In Stock,False,Valid SKU
SET341-KR-NP-L,SET341,5,Set,L,Multicolor,False,Low Stock,False,Valid SKU
SET341-KR-NP-M,SET341,10,Set,M,Multicolor,False,In Stock,False,Valid SKU
SET341-KR-NP-S,SET341,25,Set,S,Multicolor,False,In Stock,False,Valid SKU
SET341-KR-NP-XL,SET341,3,Set,XL,Multicolor,False,Low Stock,False,Valid SKU
SET341-KR-NP-XS,SET341,53,Set,XS,Multicolor,False,In Stock,False,Valid SKU
SET341-KR-NP-XXL,SET341,7,Set,XXL,Multicolor,False,In Stock,False,Valid SKU
SET341-KR-NP-XXXL,SET341,26,Set,XXXL,Multicolor,False,In Stock,False,Valid SKU
SET342-KR-NP-L,SET342,10,Set,L,Off White,False,In Stock,False,Valid SKU
SET342-KR-NP-M,SET342,16,Set,M,Off White,False,In Stock,False,Valid SKU
SET342-KR-NP-S,SET342,56,Set,S,Off White,False,In Stock,False,Valid SKU
SET342-KR-NP-XL,SET342,19,Set,XL,Off White,False,In Stock,False,Valid SKU
SET342-KR-NP-XS,SET342,45,Set,XS,Off White,False,In Stock,False,Valid SKU
SET342-KR-NP-XXL,SET342,43,Set,XXL,Off White,False,In Stock,False,Valid SKU
SET342-KR-NP-XXXL,SET342,54,Set,XXXL,Off White,False,In Stock,False,Valid SKU
SET343-KR-NP-L,SET343,4,Set,L,Off White,False,Low Stock,False,Valid SKU
SET343-KR-NP-M,SET343,7,Set,M,Off White,False,In Stock,False,Valid SKU
SET343-KR-NP-S,SET343,45,Set,S,Off White,False,In Stock,False,Valid SKU
SET343-KR-NP-XL,SET343,11,Set,XL,Off White,False,In Stock,False,Valid SKU
SET343-KR-NP-XS,SET343,11,Set,XS,Off White,False,In Stock,False,Valid SKU
SET343-KR-NP-XXL,SET343,23,Set,XXL,Off White,False,In Stock,False,Valid SKU
SET343-KR-NP-XXXL,SET343,4,Set,XXXL,Off White,False,Low Stock,False,Valid SKU
SET344-KR-NP-L,SET344,3,Set,L,Red,False,Low Stock,False,Valid SKU
SET344-KR-NP-M,SET344,6,Set,M,Red,False,In Stock,False,Valid SKU
SET344-KR-NP-S,SET344,17,Set,S,Red,False,In Stock,False,Valid SKU
SET344-KR-NP-XL,SET344,1,Set,XL,Red,False,Low Stock,False,Valid SKU
SET344-KR-NP-XS,SET344,23,Set,XS,Red,False,In Stock,False,Valid SKU
SET344-KR-NP-XXL,SET344,1,Set,XXL,Red,False,Low Stock,False,Valid SKU
SET344-KR-NP-XXXL,SET344,0,Set,XXXL,Red,False,Out of Stock,False,Valid SKU
SET345-KR-NP-L,SET345,34,Kurta Set,L,Pink,False,In Stock,False,Valid SKU
SET345-KR-NP-M,SET345,49,Kurta Set,M,Pink,False,In Stock,False,Valid SKU
SET345-KR-NP-S,SET345,266,Kurta Set,S,Pink,False,In Stock,False,Valid SKU
SET345-KR-NP-XL,SET345,74,Kurta Set,XL,Pink,False,In Stock,False,Valid SKU
SET345-KR-NP-XS,SET345,86,Kurta Set,XS,Pink,False,In Stock,False,Valid SKU
SET345-KR-NP-XXL,SET345,54,Kurta Set,XXL,Pink,False,In Stock,False,Valid SKU
SET345-KR-NP-XXXL,SET345,17,Kurta Set,XXXL,Pink,False,In Stock,False,Valid SKU
SET346-KR-PP-L,SET346,38,Set,L,Beige,False,In Stock,False,Valid SKU
SET346-KR-PP-M,SET346,50,Set,M,Beige,False,In Stock,False,Valid SKU
SET346-KR-PP-S,SET346,56,Set,S,Beige,False,In Stock,False,Valid SKU
SET346-KR-PP-XL,SET346,35,Set,XL,Beige,False,In Stock,False,Valid SKU
SET346-KR-PP-XS,SET346,59,Set,XS,Beige,False,In Stock,False,Valid SKU
SET346-KR-PP-XXL,SET346,53,Set,XXL,Beige,False,In Stock,False,Valid SKU
SET346-KR-PP-XXXL,SET346,57,Set,XXXL,Beige,False,In Stock,False,Valid SKU
SET347-KR-NP-L,SET347,3,Set,L,Cream,False,Low Stock,False,Valid SKU
SET347-KR-NP-M,SET347,4,Set,M,Cream,False,Low Stock,False,Valid SKU
SET347-KR-NP-S,SET347,4,Set,S,Cream,False,Low Stock,False,Valid SKU
SET347-KR-NP-XL,SET347,3,Set,XL,Cream,False,Low Stock,False,Valid SKU
SET347-KR-NP-XS,SET347,6,Set,XS,Cream,False,In Stock,False,Valid SKU
SET347-KR-NP-XXL,SET347,4,Set,XXL,Cream,False,Low Stock,False,Valid SKU
SET347-KR-NP-XXXL,SET347,4,Set,XXXL,Cream,False,Low Stock,False,Valid SKU
SET348-KR-NP-L,SET348,10,Set,L,Pink,False,In Stock,False,Valid SKU
SET348-KR-NP-M,SET348,15,Set,M,Pink,False,In Stock,False,Valid SKU
SET348-KR-NP-S,SET348,37,Set,S,Pink,False,In Stock,False,Valid SKU
SET348-KR-NP-XL,SET348,6,Set,XL,Pink,False,In Stock,False,Valid SKU
SET348-KR-NP-XS,SET348,4,Set,XS,Pink,False,Low Stock,False,Valid SKU
SET348-KR-NP-XXL,SET348,5,Set,XXL,Pink,False,Low Stock,False,Valid SKU
SET348-KR-NP-XXXL,SET348,2,Set,XXXL,Pink,False,Low Stock,False,Valid SKU
SET349-KR-NP-L,SET349,3,Set,L,Pink,False,Low Stock,False,Valid SKU
SET349-KR-NP-M,SET349,3,Set,M,Pink,False,Low Stock,False,Valid SKU
SET349-KR-NP-S,SET349,9,Set,S,Pink,False,In Stock,False,Valid SKU
SET349-KR-NP-XL,SET349,3,Set,XL,Pink,False,Low Stock,False,Valid SKU
SET349-KR-NP-XS,SET349,16,Set,XS,Pink,False,In Stock,False,Valid SKU
SET349-KR-NP-XXL,SET349,3,Set,XXL,Pink,False,Low Stock,False,Valid SKU
SET349-KR-NP-XXXL,SET349,3,Set,XXXL,Pink,False,Low Stock,False,Valid SKU
SET350-KR-NP-L,SET350,7,Set,L,Yellow,False,In Stock,False,Valid SKU
SET350-KR-NP-M,SET350,5,Set,M,Yellow,False,Low Stock,False,Valid SKU
SET350-KR-NP-S,SET350,34,Set,S,Yellow,False,In Stock,False,Valid SKU
SET350-KR-NP-XL,SET350,5,Set,XL,Yellow,False,Low Stock,False,Valid SKU
SET350-KR-NP-XS,SET350,23,Set,XS,Yellow,False,In Stock,False,Valid SKU
SET350-KR-NP-XXL,SET350,56,Set,XXL,Yellow,False,In Stock,False,Valid SKU
SET350-KR-NP-XXXL,SET350,6,Set,XXXL,Yellow,False,In Stock,False,Valid SKU
SET351-KR-NP-L,SET351,19,Set,L,Black,False,In Stock,False,Valid SKU
SET351-KR-NP-M,SET351,30,Set,M,Black,False,In Stock,False,Valid SKU
SET351-KR-NP-S,SET351,34,Set,S,Black,False,In Stock,False,Valid SKU
SET351-KR-NP-XL,SET351,13,Set,XL,Black,False,In Stock,False,Valid SKU
SET351-KR-NP-XS,SET351,38,Set,XS,Black,False,In Stock,False,Valid SKU
SET351-KR-NP-XXL,SET351,11,Set,XXL,Black,False,In Stock,False,Valid SKU
SET351-KR-NP-XXXL,SET351,6,Set,XXXL,Black,False,In Stock,False,Valid SKU
SET352-KR-NP-L,SET352,32,Set,L,Maroon,False,In Stock,False,Valid SKU
SET352-KR-NP-M,SET352,42,Set,M,Maroon,False,In Stock,False,Valid SKU
SET352-KR-NP-S,SET352,50,Set,S,Maroon,False,In Stock,False,Valid SKU
SET352-KR-NP-XL,SET352,25,Set,XL,Maroon,False,In Stock,False,Valid SKU
SET352-KR-NP-XS,SET352,51,Set,XS,Maroon,False,In Stock,False,Valid SKU
SET352-KR-NP-XXL,SET352,41,Set,XXL,Maroon,False,In Stock,False,Valid SKU
SET352-KR-NP-XXXL,SET352,30,Set,XXXL,Maroon,False,In Stock,False,Valid SKU
SET353-KR-NP-L,SET353,73,Set,L,Pink,False,In Stock,False,Valid SKU
SET353-KR-NP-M,SET353,87,Set,M,Pink,False,In Stock,False,Valid SKU
SET353-KR-NP-S,SET353,42,Set,S,Pink,False,In Stock,False,Valid SKU
SET353-KR-NP-XL,SET353,82,Set,XL,Pink,False,In Stock,False,Valid SKU
SET353-KR-NP-XS,SET353,23,Set,XS,Pink,False,In Stock,False,Valid SKU
SET353-KR-NP-XXL,SET353,54,Set,XXL,Pink,False,In Stock,False,Valid SKU
SET353-KR-NP-XXXL,SET353,25,Set,XXXL,Pink,False,In Stock,False,Valid SKU
SET355-KR-PP-L,SET355,0,Set,L,Light Green,False,Out of Stock,False,Valid SKU
SET355-KR-PP-M,SET355,2,Set,M,Light Green,False,Low Stock,False,Valid SKU
SET355-KR-PP-S,SET355,13,Set,S,Light Green,False,In Stock,False,Valid SKU
SET355-KR-PP-XL,SET355,3,Set,XL,Light Green,False,Low Stock,False,Valid SKU
SET355-KR-PP-XS,SET355,3,Set,XS,Light Green,False,Low Stock,False,Valid SKU
SET355-KR-PP-XXL,SET355,3,Set,XXL,Light Green,False,Low Stock,False,Valid SKU
SET355-KR-PP-XXXL,SET355,12,Set,XXXL,Light Green,False,In Stock,False,Valid SKU
SET356-KR-NP-L,SET356,3,Set,L,Sea Green,False,Low Stock,False,Valid SKU
SET356-KR-NP-M,SET356,2,Set,M,Sea Green,False,Low Stock,False,Valid SKU
SET356-KR-NP-S,SET356,17,Set,S,Sea Green,False,In Stock,False,Valid SKU
SET356-KR-NP-XL,SET356,4,Set,XL,Sea Green,False,Low Stock,False,Valid SKU
SET356-KR-NP-XS,SET356,14,Set,XS,Sea Green,False,In Stock,False,Valid SKU
SET356-KR-NP-XXL,SET356,3,Set,XXL,Sea Green,False,Low Stock,False,Valid SKU
SET356-KR-NP-XXXL,SET356,3,Set,XXXL,Sea Green,False,Low Stock,False,Valid SKU
SET357-KR-NP-L,SET357,2,Set,L,Pink,False,Low Stock,False,Valid SKU
SET357-KR-NP-M,SET357,2,Set,M,Pink,False,Low Stock,False,Valid SKU
SET357-KR-NP-S,SET357,1,Set,S,Pink,False,Low Stock,False,Valid SKU
SET357-KR-NP-XL,SET357,3,Set,XL,Pink,False,Low Stock,False,Valid SKU
SET357-KR-NP-XS,SET357,3,Set,XS,Pink,False,Low Stock,False,Valid SKU
SET357-KR-NP-XXL,SET357,11,Set,XXL,Pink,False,In Stock,False,Valid SKU
SET357-KR-NP-XXXL,SET357,16,Set,XXXL,Pink,False,In Stock,False,Valid SKU
SET358-KR-NP-L,SET358,2,Set,L,Green,False,Low Stock,False,Valid SKU
SET358-KR-NP-M,SET358,1,Set,M,Green,False,Low Stock,False,Valid SKU
SET358-KR-NP-S,SET358,18,Set,S,Green,False,In Stock,False,Valid SKU
SET358-KR-NP-XL,SET358,1,Set,XL,Green,False,Low Stock,False,Valid SKU
SET358-KR-NP-XS,SET358,14,Set,XS,Green,False,In Stock,False,Valid SKU
SET358-KR-NP-XXL,SET358,2,Set,XXL,Green,False,Low Stock,False,Valid SKU
SET358-KR-NP-XXXL,SET358,4,Set,XXXL,Green,False,Low Stock,False,Valid SKU
SET359-KR-NP-L,SET359,4,Set,L,Navy Blue,False,Low Stock,False,Valid SKU
SET359-KR-NP-M,SET359,12,Set,M,Navy Blue,False,In Stock,False,Valid SKU
SET359-KR-NP-S,SET359,32,Set,S,Navy Blue,False,In Stock,False,Valid SKU
SET359-KR-NP-XL,SET359,10,Set,XL,Navy Blue,False,In Stock,False,Valid SKU
SET359-KR-NP-XS,SET359,30,Set,XS,Navy Blue,False,In Stock,False,Valid SKU
SET359-KR-NP-XXL,SET359,13,Set,XXL,Navy Blue,False,In Stock,False,Valid SKU
SET359-KR-NP-XXXL,SET359,6,Set,XXXL,Navy Blue,False,In Stock,False,Valid SKU
SET360-KR-NP-L,SET360,5,Set,L,Light Pink,False,Low Stock,False,Valid SKU
SET360-KR-NP-M,SET360,5,Set,M,Light Pink,False,Low Stock,False,Valid SKU
SET360-KR-NP-S,SET360,13,Set,S,Light Pink,False,In Stock,False,Valid SKU
SET360-KR-NP-XL,SET360,1,Set,XL,Light Pink,False,Low Stock,False,Valid SKU
SET360-KR-NP-XS,SET360,15,Set,XS,Light Pink,False,In Stock,False,Valid SKU
SET360-KR-NP-XXL,SET360,6,Set,XXL,Light Pink,False,In Stock,False,Valid SKU
SET360-KR-NP-XXXL,SET360,7,Set,XXXL,Light Pink,False,In Stock,False,Valid SKU
SET361-KR-NP-L,SET361,0,Set,L,White,False,Out of Stock,False,Valid SKU
SET361-KR-NP-M,SET361,2,Set,M,White,False,Low Stock,False,Valid SKU
SET361-KR-NP-S,SET361,1,Set,S,White,False,Low Stock,False,Valid SKU
SET361-KR-NP-XL,SET361,0,Set,XL,White,False,Out of Stock,False,Valid SKU
SET361-KR-NP-XS,SET361,6,Set,XS,White,False,In Stock,False,Valid SKU
SET361-KR-NP-XXL,SET361,0,Set,XXL,White,False,Out of Stock,False,Valid SKU
SET361-KR-NP-XXXL,SET361,0,Set,XXXL,White,False,Out of Stock,False,Valid SKU
SET363-KR-NP-L,SET363,0,Set,L,Pink,False,Out of Stock,False,Valid SKU
SET363-KR-NP-M,SET363,0,Set,M,Pink,False,Out of Stock,False,Valid SKU
SET363-KR-NP-S,SET363,4,Set,S,Pink,False,Low Stock,False,Valid SKU
SET363-KR-NP-XL,SET363,3,Set,XL,Pink,False,Low Stock,False,Valid SKU
SET363-KR-NP-XS,SET363,7,Set,XS,Pink,False,In Stock,False,Valid SKU
SET363-KR-NP-XXL,SET363,2,Set,XXL,Pink,False,Low Stock,False,Valid SKU
SET363-KR-NP-XXXL,SET363,4,Set,XXXL,Pink,False,Low Stock,False,Valid SKU
SET364-KR-NP-L,SET364,3,Set,L,Yellow,False,Low Stock,False,Valid SKU
SET364-KR-NP-M,SET364,6,Set,M,Yellow,False,In Stock,False,Valid SKU
SET364-KR-NP-S,SET364,13,Set,S,Yellow,False,In Stock,False,Valid SKU
SET364-KR-NP-XL,SET364,2,Set,XL,Yellow,False,Low Stock,False,Valid SKU
SET364-KR-NP-XS,SET364,4,Set,XS,Yellow,False,Low Stock,False,Valid SKU
SET364-KR-NP-XXL,SET364,8,Set,XXL,Yellow,False,In Stock,False,Valid SKU
SET364-KR-NP-XXXL,SET364,1,Set,XXXL,Yellow,False,Low Stock,False,Valid SKU
SET365-KR-NP-L,SET365,7,Set,L,Pink,False,In Stock,False,Valid SKU
SET365-KR-NP-M,SET365,3,Set,M,Pink,False,Low Stock,False,Valid SKU
SET365-KR-NP-S,SET365,8,Set,S,Pink,False,In Stock,False,Valid SKU
SET365-KR-NP-XL,SET365,2,Set,XL,Pink,False,Low Stock,False,Valid SKU
SET365-KR-NP-XS,SET365,13,Set,XS,Pink,False,In Stock,False,Valid SKU
SET365-KR-NP-XXL,SET365,3,Set,XXL,Pink,False,Low Stock,False,Valid SKU
SET365-KR-NP-XXXL,SET365,4,Set,XXXL,Pink,False,Low Stock,False,Valid SKU
SET366-KR-NP-L,SET366,33,Set,L,Pink,False,In Stock,False,Valid SKU
SET366-KR-NP-M,SET366,33,Set,M,Pink,False,In Stock,False,Valid SKU
SET366-KR-NP-S,SET366,11,Set,S,Pink,False,In Stock,False,Valid SKU
SET366-KR-NP-XL,SET366,31,Set,XL,Pink,False,In Stock,False,Valid SKU
SET366-KR-NP-XS,SET366,14,Set,XS,Pink,False,In Stock,False,Valid SKU
SET366-KR-NP-XXL,SET366,3,Set,XXL,Pink,False,Low Stock,False,Valid SKU
SET366-KR-NP-XXXL,SET366,28,Set,XXXL,Pink,False,In Stock,False,Valid SKU
SET369-KR-NP-L,SET369,39,Set,L,Light Pink,False,In Stock,False,Valid SKU
SET369-KR-NP-M,SET369,20,Set,M,Light Pink,False,In Stock,False,Valid SKU
SET369-KR-NP-S,SET369,10,Set,S,Light Pink,False,In Stock,False,Valid SKU
SET369-KR-NP-XL,SET369,23,Set,XL,Light Pink,False,In Stock,False,Valid SKU
SET369-KR-NP-XS,SET369,0,Set,XS,Light Pink,False,Out of Stock,False,Valid SKU
SET369-KR-NP-XXL,SET369,4,Set,XXL,Light Pink,False,Low Stock,False,Valid SKU
SET369-KR-NP-XXXL,SET369,4,Set,XXXL,Light Pink,False,Low Stock,False,Valid SKU
SET372-KR-PP-L,SET372,42,Set,L,Maroon,False,In Stock,False,Valid SKU
SET372-KR-PP-M,SET372,40,Set,M,Maroon,False,In Stock,False,Valid SKU
SET372-KR-PP-S,SET372,55,Set,S,Maroon,False,In Stock,False,Valid SKU
SET372-KR-PP-XL,SET372,40,Set,XL,Maroon,False,In Stock,False,Valid SKU
SET372-KR-PP-XS,SET372,64,Set,XS,Maroon,False,In Stock,False,Valid SKU
SET372-KR-PP-XXL,SET372,46,Set,XXL,Maroon,False,In Stock,False,Valid SKU
SET372-KR-PP-XXXL,SET372,33,Set,XXXL,Maroon,False,In Stock,False,Valid SKU
SET373-KR-PP-L,SET373,51,Set,L,Maroon,False,In Stock,False,Valid SKU
SET373-KR-PP-M,SET373,47,Set,M,Maroon,False,In Stock,False,Valid SKU
SET373-KR-PP-S,SET373,61,Set,S,Maroon,False,In Stock,False,Valid SKU
SET373-KR-PP-XL,SET373,38,Set,XL,Maroon,False,In Stock,False,Valid SKU
SET373-KR-PP-XS,SET373,66,Set,XS,Maroon,False,In Stock,False,Valid SKU
SET373-KR-PP-XXL,SET373,55,Set,XXL,Maroon,False,In Stock,False,Valid SKU
SET373-KR-PP-XXXL,SET373,52,Set,XXXL,Maroon,False,In Stock,False,Valid SKU
SET374-KR-NP-L,SET374,53,Set,L,Mustard,False,In Stock,False,Valid SKU
SET374-KR-NP-M,SET374,41,Set,M,Mustard,False,In Stock,False,Valid SKU
SET374-KR-NP-S,SET374,34,Set,S,Mustard,False,In Stock,False,Valid SKU
SET374-KR-NP-XL,SET374,38,Set,XL,Mustard,False,In Stock,False,Valid SKU
SET374-KR-NP-XS,SET374,22,Set,XS,Mustard,False,In Stock,False,Valid SKU
SET374-KR-NP-XXL,SET374,40,Set,XXL,Mustard,False,In Stock,False,Valid SKU
SET374-KR-NP-XXXL,SET374,23,Set,XXXL,Mustard,False,In Stock,False,Valid SKU
SET375-KR-NP-L,SET375,8,Set,L,Maroon,False,In Stock,False,Valid SKU
SET375-KR-NP-M,SET375,4,Set,M,Maroon,False,Low Stock,False,Valid SKU
SET375-KR-NP-S,SET375,8,Set,S,Maroon,False,In Stock,False,Valid SKU
SET375-KR-NP-XL,SET375,7,Set,XL,Maroon,False,In Stock,False,Valid SKU
SET375-KR-NP-XS,SET375,14,Set,XS,Maroon,False,In Stock,False,Valid SKU
SET375-KR-NP-XXL,SET375,39,Set,XXL,Maroon,False,In Stock,False,Valid SKU
SET375-KR-NP-XXXL,SET375,11,Set,XXXL,Maroon,False,In Stock,False,Valid SKU
SET376-KR-NP-L,SET376,9,Set,L,Dark Green,False,In Stock,False,Valid SKU
SET376-KR-NP-M,SET376,10,Set,M,Dark Green,False,In Stock,False,Valid SKU
SET376-KR-NP-S,SET376,11,Set,S,Dark Green,False,In Stock,False,Valid SKU
SET376-KR-NP-XL,SET376,27,Set,XL,Dark Green,False,In Stock,False,Valid SKU
SET376-KR-NP-XS,SET376,11,Set,XS,Dark Green,False,In Stock,False,Valid SKU
SET376-KR-NP-XXL,SET376,46,Set,XXL,Dark Green,False,In Stock,False,Valid SKU
SET376-KR-NP-XXXL,SET376,30,Set,XXXL,Dark Green,False,In Stock,False,Valid SKU
SET377-KR-NP-L,SET377,1,Kurta Set,L,Sea Green,False,Low Stock,False,Valid SKU
SET377-KR-NP-M,SET377,2,Kurta Set,M,Sea Green,False,Low Stock,False,Valid SKU
SET377-KR-NP-S,SET377,2,Kurta Set,S,Sea Green,False,Low Stock,False,Valid SKU
SET377-KR-NP-XL,SET377,2,Kurta Set,XL,Sea Green,False,Low Stock,False,Valid SKU
SET377-KR-NP-XS,SET377,3,Kurta Set,XS,Sea Green,False,Low Stock,False,Valid SKU
SET377-KR-NP-XXL,SET377,5,Kurta Set,XXL,Sea Green,False,Low Stock,False,Valid SKU
SET377-KR-NP-XXXL,SET377,3,Kurta Set,XXXL,Sea Green,False,Low Stock,False,Valid SKU
SET378-KR-NP-L,SET378,1,Set,L,Blue,False,Low Stock,False,Valid SKU
SET378-KR-NP-M,SET378,3,Set,M,Blue,False,Low Stock,False,Valid SKU
SET378-KR-NP-S,SET378,1,Set,S,Blue,False,Low Stock,False,Valid SKU
SET378-KR-NP-XL,SET378,3,Set,XL,Blue,False,Low Stock,False,Valid SKU
SET378-KR-NP-XS,SET378,1,Set,XS,Blue,False,Low Stock,False,Valid SKU
SET378-KR-NP-XXL,SET378,5,Set,XXL,Blue,False,Low Stock,False,Valid SKU
SET378-KR-NP-XXXL,SET378,2,Set,XXXL,Blue,False,Low Stock,False,Valid SKU
SET380-KR-NP-L,SET380,3,Set,L,Grey,False,Low Stock,False,Valid SKU
SET380-KR-NP-M,SET380,5,Set,M,Grey,False,Low Stock,False,Valid SKU
SET380-KR-NP-S,SET380,9,Set,S,Grey,False,In Stock,False,Valid SKU
SET380-KR-NP-XL,SET380,2,Set,XL,Grey,False,Low Stock,False,Valid SKU
SET380-KR-NP-XS,SET380,11,Set,XS,Grey,False,In Stock,False,Valid SKU
SET380-KR-NP-XXL,SET380,2,Set,XXL,Grey,False,Low Stock,False,Valid SKU
SET380-KR-NP-XXXL,SET380,6,Set,XXXL,Grey,False,In Stock,False,Valid SKU
SET383-KR-NP-L,SET383,4,Set,L,Light Green,False,Low Stock,False,Valid SKU
SET383-KR-NP-M,SET383,3,Set,M,Light Green,False,Low Stock,False,Valid SKU
SET383-KR-NP-S,SET383,42,Set,S,Light Green,False,In Stock,False,Valid SKU
SET383-KR-NP-XL,SET383,3,Set,XL,Light Green,False,Low Stock,False,Valid SKU
SET383-KR-NP-XS,SET383,48,Set,XS,Light Green,False,In Stock,False,Valid SKU
SET383-KR-NP-XXL,SET383,7,Set,XXL,Light Green,False,In Stock,False,Valid SKU
SET383-KR-NP-XXXL,SET383,5,Set,XXXL,Light Green,False,Low Stock,False,Valid SKU
SET384-KR-NP-L,SET384,9,Set,L,Light Yellow,False,In Stock,False,Valid SKU
SET384-KR-NP-M,SET384,6,Set,M,Light Yellow,False,In Stock,False,Valid SKU
SET384-KR-NP-S,SET384,48,Set,S,Light Yellow,False,In Stock,False,Valid SKU
SET384-KR-NP-XL,SET384,11,Set,XL,Light Yellow,False,In Stock,False,Valid SKU
SET384-KR-NP-XS,SET384,57,Set,XS,Light Yellow,False,In Stock,False,Valid SKU
SET384-KR-NP-XXL,SET384,8,Set,XXL,Light Yellow,False,In Stock,False,Valid SKU
SET384-KR-NP-XXXL,SET384,5,Set,XXXL,Light Yellow,False,Low Stock,False,Valid SKU
SET385-KR-NP-L,SET385,5,Set,L,Sky Blue,False,Low Stock,False,Valid SKU
SET385-KR-NP-M,SET385,3,Set,M,Sky Blue,False,Low Stock,False,Valid SKU
SET385-KR-NP-S,SET385,26,Set,S,Sky Blue,False,In Stock,False,Valid SKU
SET385-KR-NP-XL,SET385,3,Set,XL,Sky Blue,False,Low Stock,False,Valid SKU
SET385-KR-NP-XS,SET385,35,Set,XS,Sky Blue,False,In Stock,False,Valid SKU
SET385-KR-NP-XXL,SET385,8,Set,XXL,Sky Blue,False,In Stock,False,Valid SKU
SET385-KR-NP-XXXL,SET385,2,Set,XXXL,Sky Blue,False,Low Stock,False,Valid SKU
SET386-KR-NP-L,SET386,4,Set,L,Light Pink,False,Low Stock,False,Valid SKU
SET386-KR-NP-M,SET386,2,Set,M,Light Pink,False,Low Stock,False,Valid SKU
SET386-KR-NP-S,SET386,26,Set,S,Light Pink,False,In Stock,False,Valid SKU
SET386-KR-NP-XL,SET386,3,Set,XL,Light Pink,False,Low Stock,False,Valid SKU
SET386-KR-NP-XS,SET386,43,Set,XS,Light Pink,False,In Stock,False,Valid SKU
SET386-KR-NP-XXL,SET386,2,Set,XXL,Light Pink,False,Low Stock,False,Valid SKU
SET386-KR-NP-XXXL,SET386,3,Set,XXXL,Light Pink,False,Low Stock,False,Valid SKU
SET388-KR-NP-L,SET388,0,Set,L,White,False,Out of Stock,False,Valid SKU
SET388-KR-NP-M,SET388,0,Set,M,White,False,Out of Stock,False,Valid SKU
SET388-KR-NP-S,SET388,0,Set,S,White,False,Out of Stock,False,Valid SKU
SET388-KR-NP-XL,SET388,2,Set,XL,White,False,Low Stock,False,Valid SKU
SET388-KR-NP-XS,SET388,0,Set,XS,White,False,Out of Stock,False,Valid SKU
SET388-KR-NP-XXL,SET388,1,Set,XXL,White,False,Low Stock,False,Valid SKU
SET388-KR-NP-XXXL,SET388,2,Set,XXXL,White,False,Low Stock,False,Valid SKU
SET389-KR-NP-L,SET389,2,Set,L,White,False,Low Stock,False,Valid SKU
SET389-KR-NP-M,SET389,3,Set,M,White,False,Low Stock,False,Valid SKU
SET389-KR-NP-S,SET389,32,Set,S,White,False,In Stock,False,Valid SKU
SET389-KR-NP-XL,SET389,4,Set,XL,White,False,Low Stock,False,Valid SKU
SET389-KR-NP-XS,SET389,49,Set,XS,White,False,In Stock,False,Valid SKU
SET389-KR-NP-XXL,SET389,5,Set,XXL,White,False,Low Stock,False,Valid SKU
SET389-KR-NP-XXXL,SET389,2,Set,XXXL,White,False,Low Stock,False,Valid SKU
SET390-KR-NP-L,SET390,2,Set,L,Light Green,False,Low Stock,False,Valid SKU
SET390-KR-NP-M,SET390,68,Set,M,Light Green,False,In Stock,False,Valid SKU
SET390-KR-NP-S,SET390,61,Set,S,Light Green,False,In Stock,False,Valid SKU
SET390-KR-NP-XL,SET390,65,Set,XL,Light Green,False,In Stock,False,Valid SKU
SET390-KR-NP-XS,SET390,38,Set,XS,Light Green,False,In Stock,False,Valid SKU
SET390-KR-NP-XXL,SET390,88,Set,XXL,Light Green,False,In Stock,False,Valid SKU
SET390-KR-NP-XXXL,SET390,60,Set,XXXL,Light Green,False,In Stock,False,Valid SKU
SET392-KR-NP-L,SET392,3,Set,L,Peach,False,Low Stock,False,Valid SKU
SET392-KR-NP-M,SET392,6,Set,M,Peach,False,In Stock,False,Valid SKU
SET392-KR-NP-S,SET392,5,Set,S,Peach,False,Low Stock,False,Valid SKU
SET392-KR-NP-XL,SET392,4,Set,XL,Peach,False,Low Stock,False,Valid SKU
SET392-KR-NP-XS,SET392,4,Set,XS,Peach,False,Low Stock,False,Valid SKU
SET392-KR-NP-XXL,SET392,2,Set,XXL,Peach,False,Low Stock,False,Valid SKU
SET392-KR-NP-XXXL,SET392,2,Set,XXXL,Peach,False,Low Stock,False,Valid SKU
SET393-KR-NP-L,SET393,3,Set,L,Blue,False,Low Stock,False,Valid SKU
SET393-KR-NP-M,SET393,4,Set,M,Blue,False,Low Stock,False,Valid SKU
SET393-KR-NP-S,SET393,6,Set,S,Blue,False,In Stock,False,Valid SKU
SET393-KR-NP-XL,SET393,3,Set,XL,Blue,False,Low Stock,False,Valid SKU
SET393-KR-NP-XS,SET393,6,Set,XS,Blue,False,In Stock,False,Valid SKU
SET393-KR-NP-XXL,SET393,2,Set,XXL,Blue,False,Low Stock,False,Valid SKU
SET393-KR-NP-XXXL,SET393,4,Set,XXXL,Blue,False,Low Stock,False,Valid SKU
SET394-KR-NP-L,SET394,2,Set,L,Maroon,False,Low Stock,False,Valid SKU
SET394-KR-NP-M,SET394,1,Set,M,Maroon,False,Low Stock,False,Valid SKU
SET394-KR-NP-S,SET394,4,Set,S,Maroon,False,Low Stock,False,Valid SKU
SET394-KR-NP-XL,SET394,3,Set,XL,Maroon,False,Low Stock,False,Valid SKU
SET394-KR-NP-XS,SET394,4,Set,XS,Maroon,False,Low Stock,False,Valid SKU
SET394-KR-NP-XXL,SET394,14,Set,XXL,Maroon,False,In Stock,False,Valid SKU
SET394-KR-NP-XXXL,SET394,31,Set,XXXL,Maroon,False,In Stock,False,Valid SKU
SET395-KR-NP-L,SET395,44,Kurta Set,L,Sea Green,False,In Stock,False,Valid SKU
SET395-KR-NP-M,SET395,46,Kurta Set,M,Sea Green,False,In Stock,False,Valid SKU
SET395-KR-NP-S,SET395,78,Kurta Set,S,Sea Green,False,In Stock,False,Valid SKU
SET395-KR-NP-XL,SET395,45,Kurta Set,XL,Sea Green,False,In Stock,False,Valid SKU
SET395-KR-NP-XS,SET395,59,Kurta Set,XS,Sea Green,False,In Stock,False,Valid SKU
SET395-KR-NP-XXL,SET395,38,Kurta Set,XXL,Sea Green,False,In Stock,False,Valid SKU
SET395-KR-NP-XXXL,SET395,31,Kurta Set,XXXL,Sea Green,False,In Stock,False,Valid SKU
SET396-KR-PP-L,SET396,9,Kurta Set,L,White,False,In Stock,False,Valid SKU
SET396-KR-PP-M,SET396,11,Kurta Set,M,White,False,In Stock,False,Valid SKU
SET396-KR-PP-S,SET396,60,Kurta Set,S,White,False,In Stock,False,Valid SKU
SET396-KR-PP-XL,SET396,5,Kurta Set,XL,White,False,Low Stock,False,Valid SKU
SET396-KR-PP-XS,SET396,59,Kurta Set,XS,White,False,In Stock,False,Valid SKU
SET396-KR-PP-XXL,SET396,26,Kurta Set,XXL,White,False,In Stock,False,Valid SKU
SET396-KR-PP-XXXL,SET396,14,Kurta Set,XXXL,White,False,In Stock,False,Valid SKU
SET397-KR-NP-L,SET397,2,Kurta Set,L,Teal Blue,False,Low Stock,False,Valid SKU
SET397-KR-NP-M,SET397,8,Kurta Set,M,Teal Blue,False,In Stock,False,Valid SKU
SET397-KR-NP-S,SET397,3,Kurta Set,S,Teal Blue,False,Low Stock,False,Valid SKU
SET397-KR-NP-XL,SET397,3,Kurta Set,XL,Teal Blue,False,Low Stock,False,Valid SKU
SET397-KR-NP-XS,SET397,6,Kurta Set,XS,Teal Blue,False,In Stock,False,Valid SKU
SET397-KR-NP-XXL,SET397,3,Kurta Set,XXL,Teal Blue,False,Low Stock,False,Valid SKU
SET397-KR-NP-XXXL,SET397,2,Kurta Set,XXXL,Teal Blue,False,Low Stock,False,Valid SKU
SET398-KR-PP-L,SET398,2,Kurta Set,L,Peach,False,Low Stock,False,Valid SKU
SET398-KR-PP-M,SET398,4,Kurta Set,M,Peach,False,Low Stock,False,Valid SKU
SET398-KR-PP-S,SET398,14,Kurta Set,S,Peach,False,In Stock,False,Valid SKU
SET398-KR-PP-XL,SET398,6,Kurta Set,XL,Peach,False,In Stock,False,Valid SKU
SET398-KR-PP-XS,SET398,12,Kurta Set,XS,Peach,False,In Stock,False,Valid SKU
SET398-KR-PP-XXL,SET398,6,Kurta Set,XXL,Peach,False,In Stock,False,Valid SKU
SET398-KR-PP-XXXL,SET398,4,Kurta Set,XXXL,Peach,False,Low Stock,False,Valid SKU
SET400-KR-NP-L,SET400,14,Set,L,Blue,False,In Stock,False,Valid SKU
SET400-KR-NP-M,SET400,48,Set,M,Blue,False,In Stock,False,Valid SKU
SET400-KR-NP-S,SET400,73,Set,S,Blue,False,In Stock,False,Valid SKU
SET400-KR-NP-XL,SET400,38,Set,XL,Blue,False,In Stock,False,Valid SKU
SET400-KR-NP-XS,SET400,57,Set,XS,Blue,False,In Stock,False,Valid SKU
SET400-KR-NP-XXL,SET400,53,Set,XXL,Blue,False,In Stock,False,Valid SKU
SET400-KR-NP-XXXL,SET400,26,Set,XXXL,Blue,False,In Stock,False,Valid SKU
SET401-KR-NP-L,SET401,2,Set,L,Black,False,Low Stock,False,Valid SKU
SET401-KR-NP-M,SET401,7,Set,M,Black,False,In Stock,False,Valid SKU
SET401-KR-NP-S,SET401,14,Set,S,Black,False,In Stock,False,Valid SKU
SET401-KR-NP-XL,SET401,2,Set,XL,Black,False,Low Stock,False,Valid SKU
SET401-KR-NP-XS,SET401,37,Set,XS,Black,False,In Stock,False,Valid SKU
SET401-KR-NP-XXL,SET401,8,Set,XXL,Black,False,In Stock,False,Valid SKU
SET401-KR-NP-XXXL,SET401,24,Set,XXXL,Black,False,In Stock,False,Valid SKU
SET402-KR-NP-L,SET402,6,Set,L,Sea Green,False,In Stock,False,Valid SKU
SET402-KR-NP-M,SET402,8,Set,M,Sea Green,False,In Stock,False,Valid SKU
SET402-KR-NP-S,SET402,28,Set,S,Sea Green,False,In Stock,False,Valid SKU
SET402-KR-NP-XL,SET402,8,Set,XL,Sea Green,False,In Stock,False,Valid SKU
SET402-KR-NP-XS,SET402,61,Set,XS,Sea Green,False,In Stock,False,Valid SKU
SET402-KR-NP-XXL,SET402,10,Set,XXL,Sea Green,False,In Stock,False,Valid SKU
SET402-KR-NP-XXXL,SET402,10,Set,XXXL,Sea Green,False,In Stock,False,Valid SKU
SET403-KR-NP-L,SET403,44,Set,L,Green,False,In Stock,False,Valid SKU
SET403-KR-NP-M,SET403,56,Set,M,Green,False,In Stock,False,Valid SKU
SET403-KR-NP-S,SET403,51,Set,S,Green,False,In Stock,False,Valid SKU
SET403-KR-NP-XL,SET403,35,Set,XL,Green,False,In Stock,False,Valid SKU
SET403-KR-NP-XS,SET403,48,Set,XS,Green,False,In Stock,False,Valid SKU
SET403-KR-NP-XXL,SET403,53,Set,XXL,Green,False,In Stock,False,Valid SKU
SET403-KR-NP-XXXL,SET403,43,Set,XXXL,Green,False,In Stock,False,Valid SKU
SET404-KR-NP-L,SET404,44,Set,L,White,False,In Stock,False,Valid SKU
SET404-KR-NP-M,SET404,61,Set,M,White,False,In Stock,False,Valid SKU
SET404-KR-NP-S,SET404,67,Set,S,White,False,In Stock,False,Valid SKU
SET404-KR-NP-XL,SET404,55,Set,XL,White,False,In Stock,False,Valid SKU
SET404-KR-NP-XS,SET404,52,Set,XS,White,False,In Stock,False,Valid SKU
SET404-KR-NP-XXL,SET404,49,Set,XXL,White,False,In Stock,False,Valid SKU
SET404-KR-NP-XXXL,SET404,43,Set,XXXL,White,False,In Stock,False,Valid SKU
SET405-KR-NP-L,SET405,8,Set,L,Red,False,In Stock,False,Valid SKU
SET405-KR-NP-M,SET405,6,Set,M,Red,False,In Stock,False,Valid SKU
SET405-KR-NP-S,SET405,38,Set,S,Red,False,In Stock,False,Valid SKU
SET405-KR-NP-XL,SET405,17,Set,XL,Red,False,In Stock,False,Valid SKU
SET405-KR-NP-XS,SET405,22,Set,XS,Red,False,In Stock,False,Valid SKU
SET405-KR-NP-XXL,SET405,29,Set,XXL,Red,False,In Stock,False,Valid SKU
SET405-KR-NP-XXXL,SET405,53,Set,XXXL,Red,False,In Stock,False,Valid SKU
SET408-KR-NP-L,SET408,19,Set,L,Magenta,False,In Stock,False,Valid SKU
SET408-KR-NP-M,SET408,2,Set,M,Magenta,False,Low Stock,False,Valid SKU
SET408-KR-NP-S,SET408,52,Set,S,Magenta,False,In Stock,False,Valid SKU
SET408-KR-NP-XL,SET408,16,Set,XL,Magenta,False,In Stock,False,Valid SKU
SET408-KR-NP-XS,SET408,42,Set,XS,Magenta,False,In Stock,False,Valid SKU
SET408-KR-NP-XXL,SET408,33,Set,XXL,Magenta,False,In Stock,False,Valid SKU
SET408-KR-NP-XXXL,SET408,3,Set,XXXL,Magenta,False,Low Stock,False,Valid SKU
SET409-KR-NP-L,SET409,75,Set,L,Wine,False,In Stock,False,Valid SKU
SET409-KR-NP-M,SET409,64,Set,M,Wine,False,In Stock,False,Valid SKU
SET409-KR-NP-S,SET409,81,Set,S,Wine,False,In Stock,False,Valid SKU
SET409-KR-NP-XL,SET409,73,Set,XL,Wine,False,In Stock,False,Valid SKU
SET409-KR-NP-XS,SET409,65,Set,XS,Wine,False,In Stock,False,Valid SKU
SET409-KR-NP-XXL,SET409,74,Set,XXL,Wine,False,In Stock,False,Valid SKU
SET409-KR-NP-XXXL,SET409,57,Set,XXXL,Wine,False,In Stock,False,Valid SKU
SET410-KR-NP-L,SET410,23,Set,L,Green,False,In Stock,False,Valid SKU
SET410-KR-NP-M,SET410,35,Set,M,Green,False,In Stock,False,Valid SKU
SET410-KR-NP-S,SET410,36,Set,S,Green,False,In Stock,False,Valid SKU
SET410-KR-NP-XL,SET410,31,Set,XL,Green,False,In Stock,False,Valid SKU
SET410-KR-NP-XS,SET410,42,Set,XS,Green,False,In Stock,False,Valid SKU
SET410-KR-NP-XXL,SET410,37,Set,XXL,Green,False,In Stock,False,Valid SKU
SET410-KR-NP-XXXL,SET410,36,Set,XXXL,Green,False,In Stock,False,Valid SKU
SET413-KR-NP-L,SET413,8,Set,L,Navy Blue,False,In Stock,False,Valid SKU
SET413-KR-NP-M,SET413,6,Set,M,Navy Blue,False,In Stock,False,Valid SKU
SET413-KR-NP-S,SET413,21,Set,S,Navy Blue,False,In Stock,False,Valid SKU
SET413-KR-NP-XL,SET413,11,Set,XL,Navy Blue,False,In Stock,False,Valid SKU
SET413-KR-NP-XS,SET413,7,Set,XS,Navy Blue,False,In Stock,False,Valid SKU
SET413-KR-NP-XXL,SET413,22,Set,XXL,Navy Blue,False,In Stock,False,Valid SKU
SET413-KR-NP-XXXL,SET413,13,Set,XXXL,Navy Blue,False,In Stock,False,Valid SKU
SET414-KR-NP-L,SET414,45,Set,L,Navy Blue,False,In Stock,False,Valid SKU
SET414-KR-NP-M,SET414,46,Set,M,Navy Blue,False,In Stock,False,Valid SKU
SET414-KR-NP-S,SET414,59,Set,S,Navy Blue,False,In Stock,False,Valid SKU
SET414-KR-NP-XL,SET414,27,Set,XL,Navy Blue,False,In Stock,False,Valid SKU
SET414-KR-NP-XS,SET414,48,Set,XS,Navy Blue,False,In Stock,False,Valid SKU
SET414-KR-NP-XXL,SET414,45,Set,XXL,Navy Blue,False,In Stock,False,Valid SKU
SET414-KR-NP-XXXL,SET414,34,Set,XXXL,Navy Blue,False,In Stock,False,Valid SKU
SET415-KR-NP-L,SET415,31,Set,L,Green,False,In Stock,False,Valid SKU
SET415-KR-NP-M,SET415,42,Set,M,Green,False,In Stock,False,Valid SKU
SET415-KR-NP-S,SET415,60,Set,S,Green,False,In Stock,False,Valid SKU
SET415-KR-NP-XL,SET415,34,Set,XL,Green,False,In Stock,False,Valid SKU
SET415-KR-NP-XS,SET415,49,Set,XS,Green,False,In Stock,False,Valid SKU
SET415-KR-NP-XXL,SET415,56,Set,XXL,Green,False,In Stock,False,Valid SKU
SET415-KR-NP-XXXL,SET415,34,Set,XXXL,Green,False,In Stock,False,Valid SKU
SET431-KR-NP-L,SET431,53,Set,L,Brown,False,In Stock,False,Valid SKU
SET431-KR-NP-M,SET431,68,Set,M,Brown,False,In Stock,False,Valid SKU
SET431-KR-NP-S,SET431,98,Set,S,Brown,False,In Stock,False,Valid SKU
SET431-KR-NP-XL,SET431,96,Set,XL,Brown,False,In Stock,False,Valid SKU
SET431-KR-NP-XS,SET431,56,Set,XS,Brown,False,In Stock,False,Valid SKU
SET431-KR-NP-XXL,SET431,94,Set,XXL,Brown,False,In Stock,False,Valid SKU
SET431-KR-NP-XXXL,SET431,70,Set,XXXL,Brown,False,In Stock,False,Valid SKU
SET432-KR-PP-L,SET432,89,Set,L,Wine,False,In Stock,False,Valid SKU
SET432-KR-PP-M,SET432,83,Set,M,Wine,False,In Stock,False,Valid SKU
SET432-KR-PP-S,SET432,88,Set,S,Wine,False,In Stock,False,Valid SKU
SET432-KR-PP-XL,SET432,91,Set,XL,Wine,False,In Stock,False,Valid SKU
SET432-KR-PP-XS,SET432,50,Set,XS,Wine,False,In Stock,False,Valid SKU
SET432-KR-PP-XXL,SET432,91,Set,XXL,Wine,False,In Stock,False,Valid SKU
SET432-KR-PP-XXXL,SET432,69,Set,XXXL,Wine,False,In Stock,False,Valid SKU
SET433-KR-NP-L,SET433,50,Set,L,Teal,False,In Stock,False,Valid SKU
SET433-KR-NP-M,SET433,44,Set,M,Teal,False,In Stock,False,Valid SKU
SET433-KR-NP-S,SET433,61,Set,S,Teal,False,In Stock,False,Valid SKU
SET433-KR-NP-XL,SET433,31,Set,XL,Teal,False,In Stock,False,Valid SKU
SET433-KR-NP-XS,SET433,54,Set,XS,Teal,False,In Stock,False,Valid SKU
SET433-KR-NP-XXL,SET433,43,Set,XXL,Teal,False,In Stock,False,Valid SKU
SET433-KR-NP-XXXL,SET433,42,Set,XXXL,Teal,False,In Stock,False,Valid SKU
SET435-KR-NP-L,SET435,22,Set,L,Yellow,False,In Stock,False,Valid SKU
SET435-KR-NP-M,SET435,20,Set,M,Yellow,False,In Stock,False,Valid SKU
SET435-KR-NP-S,SET435,45,Set,S,Yellow,False,In Stock,False,Valid SKU
SET435-KR-NP-XL,SET435,40,Set,XL,Yellow,False,In Stock,False,Valid SKU
SET435-KR-NP-XS,SET435,52,Set,XS,Yellow,False,In Stock,False,Valid SKU
SET435-KR-NP-XXL,SET435,32,Set,XXL,Yellow,False,In Stock,False,Valid SKU
SET435-KR-NP-XXXL,SET435,37,Set,XXXL,Yellow,False,In Stock,False,Valid SKU
SET436-KR-NP-L,SET436,34,Set,L,Pink,False,In Stock,False,Valid SKU
SET436-KR-NP-M,SET436,14,Set,M,Pink,False,In Stock,False,Valid SKU
SET436-KR-NP-S,SET436,21,Set,S,Pink,False,In Stock,False,Valid SKU
SET436-KR-NP-XL,SET436,22,Set,XL,Pink,False,In Stock,False,Valid SKU
SET436-KR-NP-XS,SET436,41,Set,XS,Pink,False,In Stock,False,Valid SKU
SET436-KR-NP-XXL,SET436,36,Set,XXL,Pink,False,In Stock,False,Valid SKU
SET436-KR-NP-XXXL,SET436,7,Set,XXXL,Pink,False,In Stock,False,Valid SKU
SET437-KR-PP-L,SET437,72,Set,L,Wine,False,In Stock,False,Valid SKU
SET437-KR-PP-M,SET437,77,Set,M,Wine,False,In Stock,False,Valid SKU
SET437-KR-PP-S,SET437,75,Set,S,Wine,False,In Stock,False,Valid SKU
SET437-KR-PP-XL,SET437,70,Set,XL,Wine,False,In Stock,False,Valid SKU
SET437-KR-PP-XS,SET437,69,Set,XS,Wine,False,In Stock,False,Valid SKU
SET437-KR-PP-XXL,SET437,72,Set,XXL,Wine,False,In Stock,False,Valid SKU
SET437-KR-PP-XXXL,SET437,67,Set,XXXL,Wine,False,In Stock,False,Valid SKU
SET438-KR-NP-L,SET438,66,Set,L,Pink,False,In Stock,False,Valid SKU
SET438-KR-NP-M,SET438,69,Set,M,Pink,False,In Stock,False,Valid SKU
SET438-KR-NP-S,SET438,68,Set,S,Pink,False,In Stock,False,Valid SKU
SET438-KR-NP-XL,SET438,66,Set,XL,Pink,False,In Stock,False,Valid SKU
SET438-KR-NP-XS,SET438,62,Set,XS,Pink,False,In Stock,False,Valid SKU
SET438-KR-NP-XXL,SET438,64,Set,XXL,Pink,False,In Stock,False,Valid SKU
SET438-KR-NP-XXXL,SET438,61,Set,XXXL,Pink,False,In Stock,False,Valid SKU
SET440-KR-PP-L,SET440,65,Set,L,Maroon,False,In Stock,False,Valid SKU
SET440-KR-PP-M,SET440,66,Set,M,Maroon,False,In Stock,False,Valid SKU
SET440-KR-PP-S,SET440,64,Set,S,Maroon,False,In Stock,False,Valid SKU
SET440-KR-PP-XL,SET440,66,Set,XL,Maroon,False,In Stock,False,Valid SKU
SET440-KR-PP-XS,SET440,60,Set,XS,Maroon,False,In Stock,False,Valid SKU
SET440-KR-PP-XXL,SET440,35,Set,XXL,Maroon,False,In Stock,False,Valid SKU
SET440-KR-PP-XXXL,SET440,53,Set,XXXL,Maroon,False,In Stock,False,Valid SKU
SET442-KR-NP-L,SET442,26,Set,L,Sky Blue,False,In Stock,False,Valid SKU
SET442-KR-NP-M,SET442,49,Set,M,Sky Blue,False,In Stock,False,Valid SKU
SET442-KR-NP-S,SET442,51,Set,S,Sky Blue,False,In Stock,False,Valid SKU
SET442-KR-NP-XL,SET442,29,Set,XL,Sky Blue,False,In Stock,False,Valid SKU
SET442-KR-NP-XS,SET442,45,Set,XS,Sky Blue,False,In Stock,False,Valid SKU
SET442-KR-NP-XXL,SET442,44,Set,XXL,Sky Blue,False,In Stock,False,Valid SKU
SET442-KR-NP-XXXL,SET442,43,Set,XXXL,Sky Blue,False,In Stock,False,Valid SKU
SET444-KR-SH-L,SET444,28,Set,L,Peach,False,In Stock,False,Valid SKU
SET444-KR-SH-M,SET444,34,Set,M,Peach,False,In Stock,False,Valid SKU
SET444-KR-SH-S,SET444,44,Set,S,Peach,False,In Stock,False,Valid SKU
SET444-KR-SH-XL,SET444,44,Set,XL,Peach,False,In Stock,False,Valid SKU
SET444-KR-SH-XS,SET444,17,Set,XS,Peach,False,In Stock,False,Valid SKU
SET444-KR-SH-XXL,SET444,12,Set,XXL,Peach,False,In Stock,False,Valid SKU
SET444-KR-SH-XXXL,SET444,17,Set,XXXL,Peach,False,In Stock,False,Valid SKU
SET445-KR-NP-L,SET445,61,Set,L,Pink,False,In Stock,False,Valid SKU
SET445-KR-NP-M,SET445,59,Set,M,Pink,False,In Stock,False,Valid SKU
SET445-KR-NP-S,SET445,75,Set,S,Pink,False,In Stock,False,Valid SKU
SET445-KR-NP-XL,SET445,38,Set,XL,Pink,False,In Stock,False,Valid SKU
SET445-KR-NP-XS,SET445,40,Set,XS,Pink,False,In Stock,False,Valid SKU
SET445-KR-NP-XXL,SET445,76,Set,XXL,Pink,False,In Stock,False,Valid SKU
SET445-KR-NP-XXXL,SET445,40,Set,XXXL,Pink,False,In Stock,False,Valid SKU
SET446-KR-NP-L,SET446,17,Set,L,Teal,False,In Stock,False,Valid SKU
SET446-KR-NP-M,SET446,40,Set,M,Teal,False,In Stock,False,Valid SKU
SET446-KR-NP-S,SET446,77,Set,S,Teal,False,In Stock,False,Valid SKU
SET446-KR-NP-XL,SET446,38,Set,XL,Teal,False,In Stock,False,Valid SKU
SET446-KR-NP-XS,SET446,39,Set,XS,Teal,False,In Stock,False,Valid SKU
SET446-KR-NP-XXL,SET446,38,Set,XXL,Teal,False,In Stock,False,Valid SKU
SET446-KR-NP-XXXL,SET446,40,Set,XXXL,Teal,False,In Stock,False,Valid SKU
SET448-KR-PP-L,SET448,51,Set,L,Dark Blue,False,In Stock,False,Valid SKU
SET448-KR-PP-M,SET448,79,Set,M,Dark Blue,False,In Stock,False,Valid SKU
SET448-KR-PP-S,SET448,59,Set,S,Dark Blue,False,In Stock,False,Valid SKU
SET448-KR-PP-XL,SET448,60,Set,XL,Dark Blue,False,In Stock,False,Valid SKU
SET448-KR-PP-XS,SET448,62,Set,XS,Dark Blue,False,In Stock,False,Valid SKU
SET448-KR-PP-XXL,SET448,60,Set,XXL,Dark Blue,False,In Stock,False,Valid SKU
SET448-KR-PP-XXXL,SET448,65,Set,XXXL,Dark Blue,False,In Stock,False,Valid SKU
SET449-KR-NP-L,SET449,35,Set,L,Wine,False,In Stock,False,Valid SKU
SET449-KR-NP-M,SET449,35,Set,M,Wine,False,In Stock,False,Valid SKU
SET449-KR-NP-S,SET449,35,Set,S,Wine,False,In Stock,False,Valid SKU
SET449-KR-NP-XL,SET449,33,Set,XL,Wine,False,In Stock,False,Valid SKU
SET449-KR-NP-XS,SET449,40,Set,XS,Wine,False,In Stock,False,Valid SKU
SET449-KR-NP-XXL,SET449,76,Set,XXL,Wine,False,In Stock,False,Valid SKU
SET449-KR-NP-XXXL,SET449,61,Set,XXXL,Wine,False,In Stock,False,Valid SKU
SET461-KR-NP-L,SET461,74,Set,L,Peach,False,In Stock,False,Valid SKU
SET461-KR-NP-M,SET461,73,Set,M,Peach,False,In Stock,False,Valid SKU
SET461-KR-NP-S,SET461,73,Set,S,Peach,False,In Stock,False,Valid SKU
SET461-KR-NP-XL,SET461,74,Set,XL,Peach,False,In Stock,False,Valid SKU
SET461-KR-NP-XS,SET461,57,Set,XS,Peach,False,In Stock,False,Valid SKU
SET461-KR-NP-XXL,SET461,74,Set,XXL,Peach,False,In Stock,False,Valid SKU
SET461-KR-NP-XXXL,SET461,57,Set,XXXL,Peach,False,In Stock,False,Valid SKU
SET462-KR-NP-L,SET462,67,Set,L,Teal,False,In Stock,False,Valid SKU
SET462-KR-NP-M,SET462,60,Set,M,Teal,False,In Stock,False,Valid SKU
SET462-KR-NP-S,SET462,44,Set,S,Teal,False,In Stock,False,Valid SKU
SET462-KR-NP-XL,SET462,58,Set,XL,Teal,False,In Stock,False,Valid SKU
SET462-KR-NP-XS,SET462,20,Set,XS,Teal,False,In Stock,False,Valid SKU
SET462-KR-NP-XXL,SET462,66,Set,XXL,Teal,False,In Stock,False,Valid SKU
SET462-KR-NP-XXXL,SET462,40,Set,XXXL,Teal,False,In Stock,False,Valid SKU
